Running: gcovr -r /home/rodrigo/zephyr-course_ram/app/modules/ring_buf --gcov-ignore-parse-errors=negative_hits.warn_once_per_file --gcov-executable gcov -e tests/* --gcov-object-directory /home/rodrigo/zephyr-course_ram/twister-out --gcov-ignore-parse-errors=suspicious_hits.warn_once_per_file -e .*generated.* -e .*/tests/.* -e .*/samples/.* --exclude-branches-by-pattern (^\s*LOG_(?:HEXDUMP_)?(?:DBG|INF|WRN|ERR)\(.*)|(^\s*__ASSERT(?:_EVAL|_NO_MSG|_POST_ACTION)?\(.*) -v --merge-mode-functions=separate --json -o /home/rodrigo/zephyr-course_ram/twister-out/coverage.json /home/rodrigo/zephyr-course_ram/twister-out
(DEBUG) gcovr version 8.6
(DEBUG) File system is case sensitive.
(DEBUG) Filters for --filter: (1)
(DEBUG)  - DirectoryPrefixFilter(/home/rodrigo/zephyr\-course_ram/app/modules/ring_buf/)
(DEBUG) Filters for --exclude: (4)
(DEBUG)  - RelativeFilter(tests/* root=/home/rodrigo/zephyr-course_ram)
(DEBUG)  - RelativeFilter(.*generated.* root=/home/rodrigo/zephyr-course_ram)
(DEBUG)  - RelativeFilter(.*/tests/.* root=/home/rodrigo/zephyr-course_ram)
(DEBUG)  - RelativeFilter(.*/samples/.* root=/home/rodrigo/zephyr-course_ram)
(DEBUG) Filters for --include: (0)
(DEBUG) Filters for --gcov-filter: (1)
(DEBUG)  - AlwaysMatchFilter()
(DEBUG) Filters for --gcov-exclude: (0)
(DEBUG) Filters for --exclude-directory: (0)
(DEBUG) Filters for --trace-include: (0)
(DEBUG) Filters for --trace-exclude: (0)
(DEBUG) Patterns for --exclude-function: (0)
(DEBUG) Patterns for --exclude-lines-by-pattern: (0)
(DEBUG) Patterns for --exclude-branches-by-pattern: (1)
(DEBUG)  - re.compile('(^\\s*LOG_(?:HEXDUMP_)?(?:DBG|INF|WRN|ERR)\\(.*)|(^\\s*__ASSERT(?:_EVAL|_NO_MSG|_POST_ACTION)?\\(.*)')
(INFO) Reading coverage data...
(DEBUG) Scanning directory twister-out for gcda/gcno files...
(DEBUG) Found 188 files (and will process 106)
(DEBUG) Using 1 workers.
(DEBUG) Pool started with 1 threads
(DEBUG) Check if /home/rodrigo/zephyr-course_ram/twister-out/native_sim_native/host_gnu/zephyr-course_ram/tests/ring_buf/homework.unit.ring_buf/CMakeFiles/app.dir/home/rodrigo/zephyr-course_ram/app/modules/ring_buf/src/ring_buf.c.gcda is included (trace)...
(DEBUG)   No filter matched.
(DEBUG) --> File is excluded.
(DEBUG) GCOV capabilities: Unsupported JSON format detected.
(DEBUG) GCOV capabilities: Demangled names available.
(DEBUG) GCOV capabilities: Hashing of filenames available.
(DEBUG) Check if /home/rodrigo/zephyr-course_ram/twister-out/native_sim_native/host_gnu/zephyr-course_ram/tests/ring_buf/homework.unit.ring_buf/CMakeFiles/app.dir/home/rodrigo/zephyr-course_ram/app/modules/ring_buf/src/ring_buf.c.gcda is included (trace)...
(DEBUG) --> File is excluded.
(DEBUG) Check if ring_buf.c##ae95dccbf5efbd0dbd0e122eac9ebfd3.gcov is included (gcov file)...
(DEBUG)   Filter AlwaysMatchFilter() matched.
(DEBUG) --> File is included.
(DEBUG) Check if log_msg.h##fe60156c532143d1e30e21c32299f503.gcov is included (gcov file)...
(DEBUG)   Filter AlwaysMatchFilter() matched.
(DEBUG) --> File is included.
(DEBUG) Check if /home/rodrigo/zephyr-course_ram/twister-out/log_msg.h##fe60156c532143d1e30e21c32299f503.gcov is included (trace)...
(DEBUG)   No filter matched.
(DEBUG) --> File is excluded.
(DEBUG) Finding source file corresponding to a gcov data file
  gcov_fname   /home/rodrigo/zephyr-course_ram/twister-out/log_msg.h##fe60156c532143d1e30e21c32299f503.gcov
  current_dir  /home/rodrigo/zephyr-course_ram/twister-out
  root         /home/rodrigo/zephyr-course_ram/app/modules/ring_buf
  starting_dir /home/rodrigo/zephyr-course_ram
  obj_dir      /home/rodrigo/zephyr-course_ram/twister-out
  gcda_fname   native_sim_native/host_gnu/zephyr-course_ram/tests/ring_buf/homework.unit.ring_buf/CMakeFiles/app.dir/home/rodrigo/zephyr-course_ram/app/modules/ring_buf/src/ring_buf.c.gcda
  --> fname    /home/rodrigo/zephyrproject/zephyr/include/zephyr/logging/log_msg.h
(DEBUG) Check if /home/rodrigo/zephyrproject/zephyr/include/zephyr/logging/log_msg.h is included (source file)...
(DEBUG)   No filter matched.
(DEBUG) --> File is excluded.
(DEBUG) Check if /home/rodrigo/zephyr-course_ram/twister-out/ring_buf.c##ae95dccbf5efbd0dbd0e122eac9ebfd3.gcov is included (trace)...
(DEBUG)   No filter matched.
(DEBUG) --> File is excluded.
(DEBUG) Finding source file corresponding to a gcov data file
  gcov_fname   /home/rodrigo/zephyr-course_ram/twister-out/ring_buf.c##ae95dccbf5efbd0dbd0e122eac9ebfd3.gcov
  current_dir  /home/rodrigo/zephyr-course_ram/twister-out
  root         /home/rodrigo/zephyr-course_ram/app/modules/ring_buf
  starting_dir /home/rodrigo/zephyr-course_ram
  obj_dir      /home/rodrigo/zephyr-course_ram/twister-out
  gcda_fname   native_sim_native/host_gnu/zephyr-course_ram/tests/ring_buf/homework.unit.ring_buf/CMakeFiles/app.dir/home/rodrigo/zephyr-course_ram/app/modules/ring_buf/src/ring_buf.c.gcda
  --> fname    /home/rodrigo/zephyr-course_ram/app/modules/ring_buf/src/ring_buf.c
(DEBUG) Check if /home/rodrigo/zephyr-course_ram/app/modules/ring_buf/src/ring_buf.c is included (source file)...
(DEBUG)   Filter DirectoryPrefixFilter(/home/rodrigo/zephyr\-course_ram/app/modules/ring_buf/) matched for path /home/rodrigo/zephyr-course_ram/app/modules/ring_buf/src/ring_buf.c.
(DEBUG) Check for exclusion...
(DEBUG)   No filter matched.
(DEBUG) --> File is included.
(DEBUG) Check if /home/rodrigo/zephyr-course_ram/twister-out/native_sim_native/host_gnu/zephyr-course_ram/tests/ring_buf/homework.unit.ring_buf/CMakeFiles/app.dir/src/test_ring_buf.c.gcda is included (trace)...
(DEBUG)   No filter matched.
(DEBUG) --> File is excluded.
(DEBUG) Check if /home/rodrigo/zephyr-course_ram/twister-out/native_sim_native/host_gnu/zephyr-course_ram/tests/ring_buf/homework.unit.ring_buf/CMakeFiles/app.dir/src/test_ring_buf.c.gcda is included (trace)...
(DEBUG) --> File is excluded.
(DEBUG) Check if test_ring_buf.c##491c66b266eaf85932b524122ea73f1c.gcov is included (gcov file)...
(DEBUG)   Filter AlwaysMatchFilter() matched.
(DEBUG) --> File is included.
(DEBUG) Check if ztest_assert.h##94db20efa4789869863612b36962752e.gcov is included (gcov file)...
(DEBUG)   Filter AlwaysMatchFilter() matched.
(DEBUG) --> File is included.
(DEBUG) Check if /home/rodrigo/zephyr-course_ram/twister-out/test_ring_buf.c##491c66b266eaf85932b524122ea73f1c.gcov is included (trace)...
(DEBUG)   No filter matched.
(DEBUG) --> File is excluded.
(DEBUG) Finding source file corresponding to a gcov data file
  gcov_fname   /home/rodrigo/zephyr-course_ram/twister-out/test_ring_buf.c##491c66b266eaf85932b524122ea73f1c.gcov
  current_dir  /home/rodrigo/zephyr-course_ram/twister-out
  root         /home/rodrigo/zephyr-course_ram/app/modules/ring_buf
  starting_dir /home/rodrigo/zephyr-course_ram
  obj_dir      /home/rodrigo/zephyr-course_ram/twister-out
  gcda_fname   native_sim_native/host_gnu/zephyr-course_ram/tests/ring_buf/homework.unit.ring_buf/CMakeFiles/app.dir/src/test_ring_buf.c.gcda
  --> fname    /home/rodrigo/zephyr-course_ram/tests/ring_buf/src/test_ring_buf.c
(DEBUG) Check if /home/rodrigo/zephyr-course_ram/tests/ring_buf/src/test_ring_buf.c is included (source file)...
(DEBUG)   No filter matched.
(DEBUG) --> File is excluded.
(DEBUG) Check if /home/rodrigo/zephyr-course_ram/twister-out/ztest_assert.h##94db20efa4789869863612b36962752e.gcov is included (trace)...
(DEBUG)   No filter matched.
(DEBUG) --> File is excluded.
(DEBUG) Finding source file corresponding to a gcov data file
  gcov_fname   /home/rodrigo/zephyr-course_ram/twister-out/ztest_assert.h##94db20efa4789869863612b36962752e.gcov
  current_dir  /home/rodrigo/zephyr-course_ram/twister-out
  root         /home/rodrigo/zephyr-course_ram/app/modules/ring_buf
  starting_dir /home/rodrigo/zephyr-course_ram
  obj_dir      /home/rodrigo/zephyr-course_ram/twister-out
  gcda_fname   native_sim_native/host_gnu/zephyr-course_ram/tests/ring_buf/homework.unit.ring_buf/CMakeFiles/app.dir/src/test_ring_buf.c.gcda
  --> fname    /home/rodrigo/zephyrproject/zephyr/subsys/testsuite/ztest/include/zephyr/ztest_assert.h
(DEBUG) Check if /home/rodrigo/zephyrproject/zephyr/subsys/testsuite/ztest/include/zephyr/ztest_assert.h is included (source file)...
(DEBUG)   No filter matched.
(DEBUG) --> File is excluded.
(DEBUG) Check if /home/rodrigo/zephyr-course_ram/twister-out/native_sim_native/host_gnu/zephyr-course_ram/tests/ring_buf/homework.unit.ring_buf/zephyr/CMakeFiles/offsets.dir/arch/posix/core/offsets/offsets.c.gcda is included (trace)...
(DEBUG)   No filter matched.
(DEBUG) --> File is excluded.
(DEBUG) Check if /home/rodrigo/zephyr-course_ram/twister-out/native_sim_native/host_gnu/zephyr-course_ram/tests/ring_buf/homework.unit.ring_buf/zephyr/CMakeFiles/offsets.dir/arch/posix/core/offsets/offsets.c.gcda is included (trace)...
(DEBUG) --> File is excluded.
(DEBUG) Check if kernel_offsets.h##f495fbe388390815fa17047c83ac3250.gcov is included (gcov file)...
(DEBUG)   Filter AlwaysMatchFilter() matched.
(DEBUG) --> File is included.
(DEBUG) Check if offsets.c##ecf58dd5220058cf9317278136b58d6f.gcov is included (gcov file)...
(DEBUG)   Filter AlwaysMatchFilter() matched.
(DEBUG) --> File is included.
(DEBUG) Check if /home/rodrigo/zephyr-course_ram/twister-out/kernel_offsets.h##f495fbe388390815fa17047c83ac3250.gcov is included (trace)...
(DEBUG)   No filter matched.
(DEBUG) --> File is excluded.
(DEBUG) Finding source file corresponding to a gcov data file
  gcov_fname   /home/rodrigo/zephyr-course_ram/twister-out/kernel_offsets.h##f495fbe388390815fa17047c83ac3250.gcov
  current_dir  /home/rodrigo/zephyr-course_ram/twister-out
  root         /home/rodrigo/zephyr-course_ram/app/modules/ring_buf
  starting_dir /home/rodrigo/zephyr-course_ram
  obj_dir      /home/rodrigo/zephyr-course_ram/twister-out
  gcda_fname   native_sim_native/host_gnu/zephyr-course_ram/tests/ring_buf/homework.unit.ring_buf/zephyr/CMakeFiles/offsets.dir/arch/posix/core/offsets/offsets.c.gcda
  --> fname    /home/rodrigo/zephyrproject/zephyr/kernel/include/kernel_offsets.h
(DEBUG) Check if /home/rodrigo/zephyrproject/zephyr/kernel/include/kernel_offsets.h is included (source file)...
(DEBUG)   No filter matched.
(DEBUG) --> File is excluded.
(DEBUG) Check if /home/rodrigo/zephyr-course_ram/twister-out/offsets.c##ecf58dd5220058cf9317278136b58d6f.gcov is included (trace)...
(DEBUG)   No filter matched.
(DEBUG) --> File is excluded.
(DEBUG) Finding source file corresponding to a gcov data file
  gcov_fname   /home/rodrigo/zephyr-course_ram/twister-out/offsets.c##ecf58dd5220058cf9317278136b58d6f.gcov
  current_dir  /home/rodrigo/zephyr-course_ram/twister-out
  root         /home/rodrigo/zephyr-course_ram/app/modules/ring_buf
  starting_dir /home/rodrigo/zephyr-course_ram
  obj_dir      /home/rodrigo/zephyr-course_ram/twister-out
  gcda_fname   native_sim_native/host_gnu/zephyr-course_ram/tests/ring_buf/homework.unit.ring_buf/zephyr/CMakeFiles/offsets.dir/arch/posix/core/offsets/offsets.c.gcda
  --> fname    /home/rodrigo/zephyrproject/zephyr/arch/posix/core/offsets/offsets.c
(DEBUG) Check if /home/rodrigo/zephyrproject/zephyr/arch/posix/core/offsets/offsets.c is included (source file)...
(DEBUG)   No filter matched.
(DEBUG) --> File is excluded.
(DEBUG) Check if /home/rodrigo/zephyr-course_ram/twister-out/native_sim_native/host_gnu/zephyr-course_ram/tests/ring_buf/homework.unit.ring_buf/zephyr/CMakeFiles/zephyr.dir/lib/heap/heap.c.gcda is included (trace)...
(DEBUG)   No filter matched.
(DEBUG) --> File is excluded.
(DEBUG) Check if /home/rodrigo/zephyr-course_ram/twister-out/native_sim_native/host_gnu/zephyr-course_ram/tests/ring_buf/homework.unit.ring_buf/zephyr/CMakeFiles/zephyr.dir/lib/heap/heap.c.gcda is included (trace)...
(DEBUG) --> File is excluded.
(DEBUG) Check if heap.c##82a79b9522179bad8d4c0265381d9fc4.gcov is included (gcov file)...
(DEBUG)   Filter AlwaysMatchFilter() matched.
(DEBUG) --> File is included.
(DEBUG) Check if heap.h##222b892a6c6c084fd614c8e7c9e39b44.gcov is included (gcov file)...
(DEBUG)   Filter AlwaysMatchFilter() matched.
(DEBUG) --> File is included.
(DEBUG) Check if log_msg.h##fe60156c532143d1e30e21c32299f503.gcov is included (gcov file)...
(DEBUG) --> File is included.
(DEBUG) Check if /home/rodrigo/zephyr-course_ram/twister-out/log_msg.h##fe60156c532143d1e30e21c32299f503.gcov is included (trace)...
(DEBUG) --> File is excluded.
(DEBUG) Finding source file corresponding to a gcov data file
  gcov_fname   /home/rodrigo/zephyr-course_ram/twister-out/log_msg.h##fe60156c532143d1e30e21c32299f503.gcov
  current_dir  /home/rodrigo/zephyr-course_ram/twister-out
  root         /home/rodrigo/zephyr-course_ram/app/modules/ring_buf
  starting_dir /home/rodrigo/zephyr-course_ram
  obj_dir      /home/rodrigo/zephyr-course_ram/twister-out
  gcda_fname   native_sim_native/host_gnu/zephyr-course_ram/tests/ring_buf/homework.unit.ring_buf/zephyr/CMakeFiles/zephyr.dir/lib/heap/heap.c.gcda
  --> fname    /home/rodrigo/zephyrproject/zephyr/include/zephyr/logging/log_msg.h
(DEBUG) Check if /home/rodrigo/zephyrproject/zephyr/include/zephyr/logging/log_msg.h is included (source file)...
(DEBUG) --> File is excluded.
(DEBUG) Check if /home/rodrigo/zephyr-course_ram/twister-out/heap.h##222b892a6c6c084fd614c8e7c9e39b44.gcov is included (trace)...
(DEBUG)   No filter matched.
(DEBUG) --> File is excluded.
(DEBUG) Finding source file corresponding to a gcov data file
  gcov_fname   /home/rodrigo/zephyr-course_ram/twister-out/heap.h##222b892a6c6c084fd614c8e7c9e39b44.gcov
  current_dir  /home/rodrigo/zephyr-course_ram/twister-out
  root         /home/rodrigo/zephyr-course_ram/app/modules/ring_buf
  starting_dir /home/rodrigo/zephyr-course_ram
  obj_dir      /home/rodrigo/zephyr-course_ram/twister-out
  gcda_fname   native_sim_native/host_gnu/zephyr-course_ram/tests/ring_buf/homework.unit.ring_buf/zephyr/CMakeFiles/zephyr.dir/lib/heap/heap.c.gcda
  --> fname    /home/rodrigo/zephyrproject/zephyr/lib/heap/heap.h
(DEBUG) Check if /home/rodrigo/zephyrproject/zephyr/lib/heap/heap.h is included (source file)...
(DEBUG)   No filter matched.
(DEBUG) --> File is excluded.
(DEBUG) Check if /home/rodrigo/zephyr-course_ram/twister-out/heap.c##82a79b9522179bad8d4c0265381d9fc4.gcov is included (trace)...
(DEBUG)   No filter matched.
(DEBUG) --> File is excluded.
(DEBUG) Finding source file corresponding to a gcov data file
  gcov_fname   /home/rodrigo/zephyr-course_ram/twister-out/heap.c##82a79b9522179bad8d4c0265381d9fc4.gcov
  current_dir  /home/rodrigo/zephyr-course_ram/twister-out
  root         /home/rodrigo/zephyr-course_ram/app/modules/ring_buf
  starting_dir /home/rodrigo/zephyr-course_ram
  obj_dir      /home/rodrigo/zephyr-course_ram/twister-out
  gcda_fname   native_sim_native/host_gnu/zephyr-course_ram/tests/ring_buf/homework.unit.ring_buf/zephyr/CMakeFiles/zephyr.dir/lib/heap/heap.c.gcda
  --> fname    /home/rodrigo/zephyrproject/zephyr/lib/heap/heap.c
(DEBUG) Check if /home/rodrigo/zephyrproject/zephyr/lib/heap/heap.c is included (source file)...
(DEBUG)   No filter matched.
(DEBUG) --> File is excluded.
(DEBUG) Check if /home/rodrigo/zephyr-course_ram/twister-out/native_sim_native/host_gnu/zephyr-course_ram/tests/ring_buf/homework.unit.ring_buf/zephyr/CMakeFiles/zephyr.dir/lib/libc/validate_libc.c.gcno is included (trace)...
(DEBUG)   No filter matched.
(DEBUG) --> File is excluded.
(DEBUG) Check if /home/rodrigo/zephyr-course_ram/twister-out/native_sim_native/host_gnu/zephyr-course_ram/tests/ring_buf/homework.unit.ring_buf/zephyr/CMakeFiles/zephyr.dir/lib/libc/validate_libc.c.gcno is included (trace)...
(DEBUG) --> File is excluded.
(DEBUG) Check if /home/rodrigo/zephyr-course_ram/twister-out/native_sim_native/host_gnu/zephyr-course_ram/tests/ring_buf/homework.unit.ring_buf/zephyr/CMakeFiles/zephyr.dir/lib/os/assert.c.gcda is included (trace)...
(DEBUG)   No filter matched.
(DEBUG) --> File is excluded.
(DEBUG) Check if /home/rodrigo/zephyr-course_ram/twister-out/native_sim_native/host_gnu/zephyr-course_ram/tests/ring_buf/homework.unit.ring_buf/zephyr/CMakeFiles/zephyr.dir/lib/os/assert.c.gcda is included (trace)...
(DEBUG) --> File is excluded.
(DEBUG) Check if assert.c##892a4865b23d84a3fb2ecd9a529c35cc.gcov is included (gcov file)...
(DEBUG)   Filter AlwaysMatchFilter() matched.
(DEBUG) --> File is included.
(DEBUG) Check if /home/rodrigo/zephyr-course_ram/twister-out/assert.c##892a4865b23d84a3fb2ecd9a529c35cc.gcov is included (trace)...
(DEBUG)   No filter matched.
(DEBUG) --> File is excluded.
(DEBUG) Finding source file corresponding to a gcov data file
  gcov_fname   /home/rodrigo/zephyr-course_ram/twister-out/assert.c##892a4865b23d84a3fb2ecd9a529c35cc.gcov
  current_dir  /home/rodrigo/zephyr-course_ram/twister-out
  root         /home/rodrigo/zephyr-course_ram/app/modules/ring_buf
  starting_dir /home/rodrigo/zephyr-course_ram
  obj_dir      /home/rodrigo/zephyr-course_ram/twister-out
  gcda_fname   native_sim_native/host_gnu/zephyr-course_ram/tests/ring_buf/homework.unit.ring_buf/zephyr/CMakeFiles/zephyr.dir/lib/os/assert.c.gcda
  --> fname    /home/rodrigo/zephyrproject/zephyr/lib/os/assert.c
(DEBUG) Check if /home/rodrigo/zephyrproject/zephyr/lib/os/assert.c is included (source file)...
(DEBUG)   No filter matched.
(DEBUG) --> File is excluded.
(DEBUG) Check if /home/rodrigo/zephyr-course_ram/twister-out/native_sim_native/host_gnu/zephyr-course_ram/tests/ring_buf/homework.unit.ring_buf/zephyr/CMakeFiles/zephyr.dir/lib/os/cbprintf.c.gcda is included (trace)...
(DEBUG)   No filter matched.
(DEBUG) --> File is excluded.
(DEBUG) Check if /home/rodrigo/zephyr-course_ram/twister-out/native_sim_native/host_gnu/zephyr-course_ram/tests/ring_buf/homework.unit.ring_buf/zephyr/CMakeFiles/zephyr.dir/lib/os/cbprintf.c.gcda is included (trace)...
(DEBUG) --> File is excluded.
(DEBUG) Check if cbprintf.c##54257516e0b13ebe745301773bd6ed17.gcov is included (gcov file)...
(DEBUG)   Filter AlwaysMatchFilter() matched.
(DEBUG) --> File is included.
(DEBUG) Check if cbprintf.h##861664753c94dde883f49830f3034215.gcov is included (gcov file)...
(DEBUG)   Filter AlwaysMatchFilter() matched.
(DEBUG) --> File is included.
(DEBUG) Check if /home/rodrigo/zephyr-course_ram/twister-out/cbprintf.h##861664753c94dde883f49830f3034215.gcov is included (trace)...
(DEBUG)   No filter matched.
(DEBUG) --> File is excluded.
(DEBUG) Finding source file corresponding to a gcov data file
  gcov_fname   /home/rodrigo/zephyr-course_ram/twister-out/cbprintf.h##861664753c94dde883f49830f3034215.gcov
  current_dir  /home/rodrigo/zephyr-course_ram/twister-out
  root         /home/rodrigo/zephyr-course_ram/app/modules/ring_buf
  starting_dir /home/rodrigo/zephyr-course_ram
  obj_dir      /home/rodrigo/zephyr-course_ram/twister-out
  gcda_fname   native_sim_native/host_gnu/zephyr-course_ram/tests/ring_buf/homework.unit.ring_buf/zephyr/CMakeFiles/zephyr.dir/lib/os/cbprintf.c.gcda
  --> fname    /home/rodrigo/zephyrproject/zephyr/include/zephyr/sys/cbprintf.h
(DEBUG) Check if /home/rodrigo/zephyrproject/zephyr/include/zephyr/sys/cbprintf.h is included (source file)...
(DEBUG)   No filter matched.
(DEBUG) --> File is excluded.
(DEBUG) Check if /home/rodrigo/zephyr-course_ram/twister-out/cbprintf.c##54257516e0b13ebe745301773bd6ed17.gcov is included (trace)...
(DEBUG)   No filter matched.
(DEBUG) --> File is excluded.
(DEBUG) Finding source file corresponding to a gcov data file
  gcov_fname   /home/rodrigo/zephyr-course_ram/twister-out/cbprintf.c##54257516e0b13ebe745301773bd6ed17.gcov
  current_dir  /home/rodrigo/zephyr-course_ram/twister-out
  root         /home/rodrigo/zephyr-course_ram/app/modules/ring_buf
  starting_dir /home/rodrigo/zephyr-course_ram
  obj_dir      /home/rodrigo/zephyr-course_ram/twister-out
  gcda_fname   native_sim_native/host_gnu/zephyr-course_ram/tests/ring_buf/homework.unit.ring_buf/zephyr/CMakeFiles/zephyr.dir/lib/os/cbprintf.c.gcda
  --> fname    /home/rodrigo/zephyrproject/zephyr/lib/os/cbprintf.c
(DEBUG) Check if /home/rodrigo/zephyrproject/zephyr/lib/os/cbprintf.c is included (source file)...
(DEBUG)   No filter matched.
(DEBUG) --> File is excluded.
(DEBUG) Check if /home/rodrigo/zephyr-course_ram/twister-out/native_sim_native/host_gnu/zephyr-course_ram/tests/ring_buf/homework.unit.ring_buf/zephyr/CMakeFiles/zephyr.dir/lib/os/cbprintf_complete.c.gcda is included (trace)...
(DEBUG)   No filter matched.
(DEBUG) --> File is excluded.
(DEBUG) Check if /home/rodrigo/zephyr-course_ram/twister-out/native_sim_native/host_gnu/zephyr-course_ram/tests/ring_buf/homework.unit.ring_buf/zephyr/CMakeFiles/zephyr.dir/lib/os/cbprintf_complete.c.gcda is included (trace)...
(DEBUG) --> File is excluded.
(DEBUG) Check if cbprintf_complete.c##2551f0eb75be24078b1c9046da356c42.gcov is included (gcov file)...
(DEBUG)   Filter AlwaysMatchFilter() matched.
(DEBUG) --> File is included.
(DEBUG) Check if /home/rodrigo/zephyr-course_ram/twister-out/cbprintf_complete.c##2551f0eb75be24078b1c9046da356c42.gcov is included (trace)...
(DEBUG)   No filter matched.
(DEBUG) --> File is excluded.
(DEBUG) Finding source file corresponding to a gcov data file
  gcov_fname   /home/rodrigo/zephyr-course_ram/twister-out/cbprintf_complete.c##2551f0eb75be24078b1c9046da356c42.gcov
  current_dir  /home/rodrigo/zephyr-course_ram/twister-out
  root         /home/rodrigo/zephyr-course_ram/app/modules/ring_buf
  starting_dir /home/rodrigo/zephyr-course_ram
  obj_dir      /home/rodrigo/zephyr-course_ram/twister-out
  gcda_fname   native_sim_native/host_gnu/zephyr-course_ram/tests/ring_buf/homework.unit.ring_buf/zephyr/CMakeFiles/zephyr.dir/lib/os/cbprintf_complete.c.gcda
  --> fname    /home/rodrigo/zephyrproject/zephyr/lib/os/cbprintf_complete.c
(DEBUG) Check if /home/rodrigo/zephyrproject/zephyr/lib/os/cbprintf_complete.c is included (source file)...
(DEBUG)   No filter matched.
(DEBUG) --> File is excluded.
(DEBUG) Check if /home/rodrigo/zephyr-course_ram/twister-out/native_sim_native/host_gnu/zephyr-course_ram/tests/ring_buf/homework.unit.ring_buf/zephyr/CMakeFiles/zephyr.dir/lib/os/cbprintf_packaged.c.gcda is included (trace)...
(DEBUG)   No filter matched.
(DEBUG) --> File is excluded.
(DEBUG) Check if /home/rodrigo/zephyr-course_ram/twister-out/native_sim_native/host_gnu/zephyr-course_ram/tests/ring_buf/homework.unit.ring_buf/zephyr/CMakeFiles/zephyr.dir/lib/os/cbprintf_packaged.c.gcda is included (trace)...
(DEBUG) --> File is excluded.
(DEBUG) Check if cbprintf_packaged.c##6939462cde227133c37f0f9c8c6a7570.gcov is included (gcov file)...
(DEBUG)   Filter AlwaysMatchFilter() matched.
(DEBUG) --> File is included.
(DEBUG) Check if log_msg.h##fe60156c532143d1e30e21c32299f503.gcov is included (gcov file)...
(DEBUG) --> File is included.
(DEBUG) Check if utils.h##026c673ca219ccad4f29d7f5633285c6.gcov is included (gcov file)...
(DEBUG)   Filter AlwaysMatchFilter() matched.
(DEBUG) --> File is included.
(DEBUG) Check if /home/rodrigo/zephyr-course_ram/twister-out/cbprintf_packaged.c##6939462cde227133c37f0f9c8c6a7570.gcov is included (trace)...
(DEBUG)   No filter matched.
(DEBUG) --> File is excluded.
(DEBUG) Finding source file corresponding to a gcov data file
  gcov_fname   /home/rodrigo/zephyr-course_ram/twister-out/cbprintf_packaged.c##6939462cde227133c37f0f9c8c6a7570.gcov
  current_dir  /home/rodrigo/zephyr-course_ram/twister-out
  root         /home/rodrigo/zephyr-course_ram/app/modules/ring_buf
  starting_dir /home/rodrigo/zephyr-course_ram
  obj_dir      /home/rodrigo/zephyr-course_ram/twister-out
  gcda_fname   native_sim_native/host_gnu/zephyr-course_ram/tests/ring_buf/homework.unit.ring_buf/zephyr/CMakeFiles/zephyr.dir/lib/os/cbprintf_packaged.c.gcda
  --> fname    /home/rodrigo/zephyrproject/zephyr/lib/os/cbprintf_packaged.c
(DEBUG) Check if /home/rodrigo/zephyrproject/zephyr/lib/os/cbprintf_packaged.c is included (source file)...
(DEBUG)   No filter matched.
(DEBUG) --> File is excluded.
(DEBUG) Check if /home/rodrigo/zephyr-course_ram/twister-out/log_msg.h##fe60156c532143d1e30e21c32299f503.gcov is included (trace)...
(DEBUG) --> File is excluded.
(DEBUG) Finding source file corresponding to a gcov data file
  gcov_fname   /home/rodrigo/zephyr-course_ram/twister-out/log_msg.h##fe60156c532143d1e30e21c32299f503.gcov
  current_dir  /home/rodrigo/zephyr-course_ram/twister-out
  root         /home/rodrigo/zephyr-course_ram/app/modules/ring_buf
  starting_dir /home/rodrigo/zephyr-course_ram
  obj_dir      /home/rodrigo/zephyr-course_ram/twister-out
  gcda_fname   native_sim_native/host_gnu/zephyr-course_ram/tests/ring_buf/homework.unit.ring_buf/zephyr/CMakeFiles/zephyr.dir/lib/os/cbprintf_packaged.c.gcda
  --> fname    /home/rodrigo/zephyrproject/zephyr/include/zephyr/logging/log_msg.h
(DEBUG) Check if /home/rodrigo/zephyrproject/zephyr/include/zephyr/logging/log_msg.h is included (source file)...
(DEBUG) --> File is excluded.
(DEBUG) Check if /home/rodrigo/zephyr-course_ram/twister-out/utils.h##026c673ca219ccad4f29d7f5633285c6.gcov is included (trace)...
(DEBUG)   No filter matched.
(DEBUG) --> File is excluded.
(DEBUG) Finding source file corresponding to a gcov data file
  gcov_fname   /home/rodrigo/zephyr-course_ram/twister-out/utils.h##026c673ca219ccad4f29d7f5633285c6.gcov
  current_dir  /home/rodrigo/zephyr-course_ram/twister-out
  root         /home/rodrigo/zephyr-course_ram/app/modules/ring_buf
  starting_dir /home/rodrigo/zephyr-course_ram
  obj_dir      /home/rodrigo/zephyr-course_ram/twister-out
  gcda_fname   native_sim_native/host_gnu/zephyr-course_ram/tests/ring_buf/homework.unit.ring_buf/zephyr/CMakeFiles/zephyr.dir/lib/os/cbprintf_packaged.c.gcda
  --> fname    /home/rodrigo/zephyrproject/zephyr/include/zephyr/linker/utils.h
(DEBUG) Check if /home/rodrigo/zephyrproject/zephyr/include/zephyr/linker/utils.h is included (source file)...
(DEBUG)   No filter matched.
(DEBUG) --> File is excluded.
(DEBUG) Check if /home/rodrigo/zephyr-course_ram/twister-out/native_sim_native/host_gnu/zephyr-course_ram/tests/ring_buf/homework.unit.ring_buf/zephyr/CMakeFiles/zephyr.dir/lib/os/clock.c.gcda is included (trace)...
(DEBUG)   No filter matched.
(DEBUG) --> File is excluded.
(DEBUG) Check if /home/rodrigo/zephyr-course_ram/twister-out/native_sim_native/host_gnu/zephyr-course_ram/tests/ring_buf/homework.unit.ring_buf/zephyr/CMakeFiles/zephyr.dir/lib/os/clock.c.gcda is included (trace)...
(DEBUG) --> File is excluded.
(DEBUG) Check if clock.c##4375587244d38d4e591d46359fee8094.gcov is included (gcov file)...
(DEBUG)   Filter AlwaysMatchFilter() matched.
(DEBUG) --> File is included.
(DEBUG) Check if timeutil.h##dfc847820c07d87f3c94a563fa8d7cc9.gcov is included (gcov file)...
(DEBUG)   Filter AlwaysMatchFilter() matched.
(DEBUG) --> File is included.
(DEBUG) Check if kernel.h##33e25e586cdfb0cc7078a38f16ec62da.gcov is included (gcov file)...
(DEBUG)   Filter AlwaysMatchFilter() matched.
(DEBUG) --> File is included.
(DEBUG) Check if spinlock.h##d84264fdde7bca8b949809fef8cbefdd.gcov is included (gcov file)...
(DEBUG)   Filter AlwaysMatchFilter() matched.
(DEBUG) --> File is included.
(DEBUG) Check if clock.h##d424ac4c50652587dc4de64dcb45f429.gcov is included (gcov file)...
(DEBUG)   Filter AlwaysMatchFilter() matched.
(DEBUG) --> File is included.
(DEBUG) Check if arch.h##239ee5cbaf1f4f5309f62049e6f0de61.gcov is included (gcov file)...
(DEBUG)   Filter AlwaysMatchFilter() matched.
(DEBUG) --> File is included.
(DEBUG) Check if /home/rodrigo/zephyr-course_ram/twister-out/timeutil.h##dfc847820c07d87f3c94a563fa8d7cc9.gcov is included (trace)...
(DEBUG)   No filter matched.
(DEBUG) --> File is excluded.
(DEBUG) Finding source file corresponding to a gcov data file
  gcov_fname   /home/rodrigo/zephyr-course_ram/twister-out/timeutil.h##dfc847820c07d87f3c94a563fa8d7cc9.gcov
  current_dir  /home/rodrigo/zephyr-course_ram/twister-out
  root         /home/rodrigo/zephyr-course_ram/app/modules/ring_buf
  starting_dir /home/rodrigo/zephyr-course_ram
  obj_dir      /home/rodrigo/zephyr-course_ram/twister-out
  gcda_fname   native_sim_native/host_gnu/zephyr-course_ram/tests/ring_buf/homework.unit.ring_buf/zephyr/CMakeFiles/zephyr.dir/lib/os/clock.c.gcda
  --> fname    /home/rodrigo/zephyrproject/zephyr/include/zephyr/sys/timeutil.h
(DEBUG) Check if /home/rodrigo/zephyrproject/zephyr/include/zephyr/sys/timeutil.h is included (source file)...
(DEBUG)   No filter matched.
(DEBUG) --> File is excluded.
(DEBUG) Check if /home/rodrigo/zephyr-course_ram/twister-out/kernel.h##33e25e586cdfb0cc7078a38f16ec62da.gcov is included (trace)...
(DEBUG)   No filter matched.
(DEBUG) --> File is excluded.
(DEBUG) Finding source file corresponding to a gcov data file
  gcov_fname   /home/rodrigo/zephyr-course_ram/twister-out/kernel.h##33e25e586cdfb0cc7078a38f16ec62da.gcov
  current_dir  /home/rodrigo/zephyr-course_ram/twister-out
  root         /home/rodrigo/zephyr-course_ram/app/modules/ring_buf
  starting_dir /home/rodrigo/zephyr-course_ram
  obj_dir      /home/rodrigo/zephyr-course_ram/twister-out
  gcda_fname   native_sim_native/host_gnu/zephyr-course_ram/tests/ring_buf/homework.unit.ring_buf/zephyr/CMakeFiles/zephyr.dir/lib/os/clock.c.gcda
  --> fname    /home/rodrigo/zephyr-course_ram/twister-out/native_sim_native/host_gnu/zephyr-course_ram/tests/ring_buf/homework.unit.ring_buf/zephyr/include/generated/zephyr/syscalls/kernel.h
(DEBUG) Check if /home/rodrigo/zephyr-course_ram/twister-out/native_sim_native/host_gnu/zephyr-course_ram/tests/ring_buf/homework.unit.ring_buf/zephyr/include/generated/zephyr/syscalls/kernel.h is included (source file)...
(DEBUG)   No filter matched.
(DEBUG) --> File is excluded.
(DEBUG) Check if /home/rodrigo/zephyr-course_ram/twister-out/arch.h##239ee5cbaf1f4f5309f62049e6f0de61.gcov is included (trace)...
(DEBUG)   No filter matched.
(DEBUG) --> File is excluded.
(DEBUG) Finding source file corresponding to a gcov data file
  gcov_fname   /home/rodrigo/zephyr-course_ram/twister-out/arch.h##239ee5cbaf1f4f5309f62049e6f0de61.gcov
  current_dir  /home/rodrigo/zephyr-course_ram/twister-out
  root         /home/rodrigo/zephyr-course_ram/app/modules/ring_buf
  starting_dir /home/rodrigo/zephyr-course_ram
  obj_dir      /home/rodrigo/zephyr-course_ram/twister-out
  gcda_fname   native_sim_native/host_gnu/zephyr-course_ram/tests/ring_buf/homework.unit.ring_buf/zephyr/CMakeFiles/zephyr.dir/lib/os/clock.c.gcda
  --> fname    /home/rodrigo/zephyrproject/zephyr/include/zephyr/arch/posix/arch.h
(DEBUG) Check if /home/rodrigo/zephyrproject/zephyr/include/zephyr/arch/posix/arch.h is included (source file)...
(DEBUG)   No filter matched.
(DEBUG) --> File is excluded.
(DEBUG) Check if /home/rodrigo/zephyr-course_ram/twister-out/clock.h##d424ac4c50652587dc4de64dcb45f429.gcov is included (trace)...
(DEBUG)   No filter matched.
(DEBUG) --> File is excluded.
(DEBUG) Finding source file corresponding to a gcov data file
  gcov_fname   /home/rodrigo/zephyr-course_ram/twister-out/clock.h##d424ac4c50652587dc4de64dcb45f429.gcov
  current_dir  /home/rodrigo/zephyr-course_ram/twister-out
  root         /home/rodrigo/zephyr-course_ram/app/modules/ring_buf
  starting_dir /home/rodrigo/zephyr-course_ram
  obj_dir      /home/rodrigo/zephyr-course_ram/twister-out
  gcda_fname   native_sim_native/host_gnu/zephyr-course_ram/tests/ring_buf/homework.unit.ring_buf/zephyr/CMakeFiles/zephyr.dir/lib/os/clock.c.gcda
  --> fname    /home/rodrigo/zephyr-course_ram/twister-out/native_sim_native/host_gnu/zephyr-course_ram/tests/ring_buf/homework.unit.ring_buf/zephyr/include/generated/zephyr/syscalls/clock.h
(DEBUG) Check if /home/rodrigo/zephyr-course_ram/twister-out/native_sim_native/host_gnu/zephyr-course_ram/tests/ring_buf/homework.unit.ring_buf/zephyr/include/generated/zephyr/syscalls/clock.h is included (source file)...
(DEBUG)   No filter matched.
(DEBUG) --> File is excluded.
(DEBUG) Check if /home/rodrigo/zephyr-course_ram/twister-out/clock.c##4375587244d38d4e591d46359fee8094.gcov is included (trace)...
(DEBUG)   No filter matched.
(DEBUG) --> File is excluded.
(DEBUG) Finding source file corresponding to a gcov data file
  gcov_fname   /home/rodrigo/zephyr-course_ram/twister-out/clock.c##4375587244d38d4e591d46359fee8094.gcov
  current_dir  /home/rodrigo/zephyr-course_ram/twister-out
  root         /home/rodrigo/zephyr-course_ram/app/modules/ring_buf
  starting_dir /home/rodrigo/zephyr-course_ram
  obj_dir      /home/rodrigo/zephyr-course_ram/twister-out
  gcda_fname   native_sim_native/host_gnu/zephyr-course_ram/tests/ring_buf/homework.unit.ring_buf/zephyr/CMakeFiles/zephyr.dir/lib/os/clock.c.gcda
  --> fname    /home/rodrigo/zephyrproject/zephyr/lib/os/clock.c
(DEBUG) Check if /home/rodrigo/zephyrproject/zephyr/lib/os/clock.c is included (source file)...
(DEBUG)   No filter matched.
(DEBUG) --> File is excluded.
(DEBUG) Check if /home/rodrigo/zephyr-course_ram/twister-out/spinlock.h##d84264fdde7bca8b949809fef8cbefdd.gcov is included (trace)...
(DEBUG)   No filter matched.
(DEBUG) --> File is excluded.
(DEBUG) Finding source file corresponding to a gcov data file
  gcov_fname   /home/rodrigo/zephyr-course_ram/twister-out/spinlock.h##d84264fdde7bca8b949809fef8cbefdd.gcov
  current_dir  /home/rodrigo/zephyr-course_ram/twister-out
  root         /home/rodrigo/zephyr-course_ram/app/modules/ring_buf
  starting_dir /home/rodrigo/zephyr-course_ram
  obj_dir      /home/rodrigo/zephyr-course_ram/twister-out
  gcda_fname   native_sim_native/host_gnu/zephyr-course_ram/tests/ring_buf/homework.unit.ring_buf/zephyr/CMakeFiles/zephyr.dir/lib/os/clock.c.gcda
  --> fname    /home/rodrigo/zephyrproject/zephyr/include/zephyr/spinlock.h
(DEBUG) Check if /home/rodrigo/zephyrproject/zephyr/include/zephyr/spinlock.h is included (source file)...
(DEBUG)   No filter matched.
(DEBUG) --> File is excluded.
(DEBUG) Check if /home/rodrigo/zephyr-course_ram/twister-out/native_sim_native/host_gnu/zephyr-course_ram/tests/ring_buf/homework.unit.ring_buf/zephyr/CMakeFiles/zephyr.dir/lib/os/printk.c.gcda is included (trace)...
(DEBUG)   No filter matched.
(DEBUG) --> File is excluded.
(DEBUG) Check if /home/rodrigo/zephyr-course_ram/twister-out/native_sim_native/host_gnu/zephyr-course_ram/tests/ring_buf/homework.unit.ring_buf/zephyr/CMakeFiles/zephyr.dir/lib/os/printk.c.gcda is included (trace)...
(DEBUG) --> File is excluded.
(DEBUG) Check if printk.c##eba7f3f077ed198ccf1ddec238bcde40.gcov is included (gcov file)...
(DEBUG)   Filter AlwaysMatchFilter() matched.
(DEBUG) --> File is included.
(DEBUG) Check if cbprintf.h##861664753c94dde883f49830f3034215.gcov is included (gcov file)...
(DEBUG) --> File is included.
(DEBUG) Check if kernel.h##33e25e586cdfb0cc7078a38f16ec62da.gcov is included (gcov file)...
(DEBUG) --> File is included.
(DEBUG) Check if /home/rodrigo/zephyr-course_ram/twister-out/cbprintf.h##861664753c94dde883f49830f3034215.gcov is included (trace)...
(DEBUG) --> File is excluded.
(DEBUG) Finding source file corresponding to a gcov data file
  gcov_fname   /home/rodrigo/zephyr-course_ram/twister-out/cbprintf.h##861664753c94dde883f49830f3034215.gcov
  current_dir  /home/rodrigo/zephyr-course_ram/twister-out
  root         /home/rodrigo/zephyr-course_ram/app/modules/ring_buf
  starting_dir /home/rodrigo/zephyr-course_ram
  obj_dir      /home/rodrigo/zephyr-course_ram/twister-out
  gcda_fname   native_sim_native/host_gnu/zephyr-course_ram/tests/ring_buf/homework.unit.ring_buf/zephyr/CMakeFiles/zephyr.dir/lib/os/printk.c.gcda
  --> fname    /home/rodrigo/zephyrproject/zephyr/include/zephyr/sys/cbprintf.h
(DEBUG) Check if /home/rodrigo/zephyrproject/zephyr/include/zephyr/sys/cbprintf.h is included (source file)...
(DEBUG) --> File is excluded.
(DEBUG) Check if /home/rodrigo/zephyr-course_ram/twister-out/printk.c##eba7f3f077ed198ccf1ddec238bcde40.gcov is included (trace)...
(DEBUG)   No filter matched.
(DEBUG) --> File is excluded.
(DEBUG) Finding source file corresponding to a gcov data file
  gcov_fname   /home/rodrigo/zephyr-course_ram/twister-out/printk.c##eba7f3f077ed198ccf1ddec238bcde40.gcov
  current_dir  /home/rodrigo/zephyr-course_ram/twister-out
  root         /home/rodrigo/zephyr-course_ram/app/modules/ring_buf
  starting_dir /home/rodrigo/zephyr-course_ram
  obj_dir      /home/rodrigo/zephyr-course_ram/twister-out
  gcda_fname   native_sim_native/host_gnu/zephyr-course_ram/tests/ring_buf/homework.unit.ring_buf/zephyr/CMakeFiles/zephyr.dir/lib/os/printk.c.gcda
  --> fname    /home/rodrigo/zephyrproject/zephyr/lib/os/printk.c
(DEBUG) Check if /home/rodrigo/zephyrproject/zephyr/lib/os/printk.c is included (source file)...
(DEBUG)   No filter matched.
(DEBUG) --> File is excluded.
(DEBUG) Check if /home/rodrigo/zephyr-course_ram/twister-out/kernel.h##33e25e586cdfb0cc7078a38f16ec62da.gcov is included (trace)...
(DEBUG) --> File is excluded.
(DEBUG) Finding source file corresponding to a gcov data file
  gcov_fname   /home/rodrigo/zephyr-course_ram/twister-out/kernel.h##33e25e586cdfb0cc7078a38f16ec62da.gcov
  current_dir  /home/rodrigo/zephyr-course_ram/twister-out
  root         /home/rodrigo/zephyr-course_ram/app/modules/ring_buf
  starting_dir /home/rodrigo/zephyr-course_ram
  obj_dir      /home/rodrigo/zephyr-course_ram/twister-out
  gcda_fname   native_sim_native/host_gnu/zephyr-course_ram/tests/ring_buf/homework.unit.ring_buf/zephyr/CMakeFiles/zephyr.dir/lib/os/printk.c.gcda
  --> fname    /home/rodrigo/zephyr-course_ram/twister-out/native_sim_native/host_gnu/zephyr-course_ram/tests/ring_buf/homework.unit.ring_buf/zephyr/include/generated/zephyr/syscalls/kernel.h
(DEBUG) Check if /home/rodrigo/zephyr-course_ram/twister-out/native_sim_native/host_gnu/zephyr-course_ram/tests/ring_buf/homework.unit.ring_buf/zephyr/include/generated/zephyr/syscalls/kernel.h is included (source file)...
(DEBUG) --> File is excluded.
(DEBUG) Check if /home/rodrigo/zephyr-course_ram/twister-out/native_sim_native/host_gnu/zephyr-course_ram/tests/ring_buf/homework.unit.ring_buf/zephyr/CMakeFiles/zephyr.dir/lib/os/sem.c.gcda is included (trace)...
(DEBUG)   No filter matched.
(DEBUG) --> File is excluded.
(DEBUG) Check if /home/rodrigo/zephyr-course_ram/twister-out/native_sim_native/host_gnu/zephyr-course_ram/tests/ring_buf/homework.unit.ring_buf/zephyr/CMakeFiles/zephyr.dir/lib/os/sem.c.gcda is included (trace)...
(DEBUG) --> File is excluded.
(DEBUG) Check if sem.c##086fa72ba4dba52b4142294e4576d7fb.gcov is included (gcov file)...
(DEBUG)   Filter AlwaysMatchFilter() matched.
(DEBUG) --> File is included.
(DEBUG) Check if kernel.h##33e25e586cdfb0cc7078a38f16ec62da.gcov is included (gcov file)...
(DEBUG) --> File is included.
(DEBUG) Check if kernel.h##2d3fbe341137ae796abdfaeb5a853926.gcov is included (gcov file)...
(DEBUG)   Filter AlwaysMatchFilter() matched.
(DEBUG) --> File is included.
(DEBUG) Check if /home/rodrigo/zephyr-course_ram/twister-out/kernel.h##33e25e586cdfb0cc7078a38f16ec62da.gcov is included (trace)...
(DEBUG) --> File is excluded.
(DEBUG) Finding source file corresponding to a gcov data file
  gcov_fname   /home/rodrigo/zephyr-course_ram/twister-out/kernel.h##33e25e586cdfb0cc7078a38f16ec62da.gcov
  current_dir  /home/rodrigo/zephyr-course_ram/twister-out
  root         /home/rodrigo/zephyr-course_ram/app/modules/ring_buf
  starting_dir /home/rodrigo/zephyr-course_ram
  obj_dir      /home/rodrigo/zephyr-course_ram/twister-out
  gcda_fname   native_sim_native/host_gnu/zephyr-course_ram/tests/ring_buf/homework.unit.ring_buf/zephyr/CMakeFiles/zephyr.dir/lib/os/sem.c.gcda
  --> fname    /home/rodrigo/zephyr-course_ram/twister-out/native_sim_native/host_gnu/zephyr-course_ram/tests/ring_buf/homework.unit.ring_buf/zephyr/include/generated/zephyr/syscalls/kernel.h
(DEBUG) Check if /home/rodrigo/zephyr-course_ram/twister-out/native_sim_native/host_gnu/zephyr-course_ram/tests/ring_buf/homework.unit.ring_buf/zephyr/include/generated/zephyr/syscalls/kernel.h is included (source file)...
(DEBUG) --> File is excluded.
(DEBUG) Check if /home/rodrigo/zephyr-course_ram/twister-out/kernel.h##2d3fbe341137ae796abdfaeb5a853926.gcov is included (trace)...
(DEBUG)   No filter matched.
(DEBUG) --> File is excluded.
(DEBUG) Finding source file corresponding to a gcov data file
  gcov_fname   /home/rodrigo/zephyr-course_ram/twister-out/kernel.h##2d3fbe341137ae796abdfaeb5a853926.gcov
  current_dir  /home/rodrigo/zephyr-course_ram/twister-out
  root         /home/rodrigo/zephyr-course_ram/app/modules/ring_buf
  starting_dir /home/rodrigo/zephyr-course_ram
  obj_dir      /home/rodrigo/zephyr-course_ram/twister-out
  gcda_fname   native_sim_native/host_gnu/zephyr-course_ram/tests/ring_buf/homework.unit.ring_buf/zephyr/CMakeFiles/zephyr.dir/lib/os/sem.c.gcda
  --> fname    /home/rodrigo/zephyrproject/zephyr/include/zephyr/kernel.h
(DEBUG) Check if /home/rodrigo/zephyrproject/zephyr/include/zephyr/kernel.h is included (source file)...
(DEBUG)   No filter matched.
(DEBUG) --> File is excluded.
(DEBUG) Check if /home/rodrigo/zephyr-course_ram/twister-out/sem.c##086fa72ba4dba52b4142294e4576d7fb.gcov is included (trace)...
(DEBUG)   No filter matched.
(DEBUG) --> File is excluded.
(DEBUG) Finding source file corresponding to a gcov data file
  gcov_fname   /home/rodrigo/zephyr-course_ram/twister-out/sem.c##086fa72ba4dba52b4142294e4576d7fb.gcov
  current_dir  /home/rodrigo/zephyr-course_ram/twister-out
  root         /home/rodrigo/zephyr-course_ram/app/modules/ring_buf
  starting_dir /home/rodrigo/zephyr-course_ram
  obj_dir      /home/rodrigo/zephyr-course_ram/twister-out
  gcda_fname   native_sim_native/host_gnu/zephyr-course_ram/tests/ring_buf/homework.unit.ring_buf/zephyr/CMakeFiles/zephyr.dir/lib/os/sem.c.gcda
  --> fname    /home/rodrigo/zephyrproject/zephyr/lib/os/sem.c
(DEBUG) Check if /home/rodrigo/zephyrproject/zephyr/lib/os/sem.c is included (source file)...
(DEBUG)   No filter matched.
(DEBUG) --> File is excluded.
(DEBUG) Check if /home/rodrigo/zephyr-course_ram/twister-out/native_sim_native/host_gnu/zephyr-course_ram/tests/ring_buf/homework.unit.ring_buf/zephyr/CMakeFiles/zephyr.dir/lib/os/thread_entry.c.gcda is included (trace)...
(DEBUG)   No filter matched.
(DEBUG) --> File is excluded.
(DEBUG) Check if /home/rodrigo/zephyr-course_ram/twister-out/native_sim_native/host_gnu/zephyr-course_ram/tests/ring_buf/homework.unit.ring_buf/zephyr/CMakeFiles/zephyr.dir/lib/os/thread_entry.c.gcda is included (trace)...
(DEBUG) --> File is excluded.
(DEBUG) Check if thread_entry.c##882517637e5595f659956a7042b921d5.gcov is included (gcov file)...
(DEBUG)   Filter AlwaysMatchFilter() matched.
(DEBUG) --> File is included.
(DEBUG) Check if kernel.h##33e25e586cdfb0cc7078a38f16ec62da.gcov is included (gcov file)...
(DEBUG) --> File is included.
(DEBUG) Check if kernel.h##2d3fbe341137ae796abdfaeb5a853926.gcov is included (gcov file)...
(DEBUG) --> File is included.
(DEBUG) Check if syscall.h##f78b8447055080e06b9c6a9c432569e6.gcov is included (gcov file)...
(DEBUG)   Filter AlwaysMatchFilter() matched.
(DEBUG) --> File is included.
(DEBUG) Check if /home/rodrigo/zephyr-course_ram/twister-out/kernel.h##33e25e586cdfb0cc7078a38f16ec62da.gcov is included (trace)...
(DEBUG) --> File is excluded.
(DEBUG) Finding source file corresponding to a gcov data file
  gcov_fname   /home/rodrigo/zephyr-course_ram/twister-out/kernel.h##33e25e586cdfb0cc7078a38f16ec62da.gcov
  current_dir  /home/rodrigo/zephyr-course_ram/twister-out
  root         /home/rodrigo/zephyr-course_ram/app/modules/ring_buf
  starting_dir /home/rodrigo/zephyr-course_ram
  obj_dir      /home/rodrigo/zephyr-course_ram/twister-out
  gcda_fname   native_sim_native/host_gnu/zephyr-course_ram/tests/ring_buf/homework.unit.ring_buf/zephyr/CMakeFiles/zephyr.dir/lib/os/thread_entry.c.gcda
  --> fname    /home/rodrigo/zephyr-course_ram/twister-out/native_sim_native/host_gnu/zephyr-course_ram/tests/ring_buf/homework.unit.ring_buf/zephyr/include/generated/zephyr/syscalls/kernel.h
(DEBUG) Check if /home/rodrigo/zephyr-course_ram/twister-out/native_sim_native/host_gnu/zephyr-course_ram/tests/ring_buf/homework.unit.ring_buf/zephyr/include/generated/zephyr/syscalls/kernel.h is included (source file)...
(DEBUG) --> File is excluded.
(DEBUG) Check if /home/rodrigo/zephyr-course_ram/twister-out/kernel.h##2d3fbe341137ae796abdfaeb5a853926.gcov is included (trace)...
(DEBUG) --> File is excluded.
(DEBUG) Finding source file corresponding to a gcov data file
  gcov_fname   /home/rodrigo/zephyr-course_ram/twister-out/kernel.h##2d3fbe341137ae796abdfaeb5a853926.gcov
  current_dir  /home/rodrigo/zephyr-course_ram/twister-out
  root         /home/rodrigo/zephyr-course_ram/app/modules/ring_buf
  starting_dir /home/rodrigo/zephyr-course_ram
  obj_dir      /home/rodrigo/zephyr-course_ram/twister-out
  gcda_fname   native_sim_native/host_gnu/zephyr-course_ram/tests/ring_buf/homework.unit.ring_buf/zephyr/CMakeFiles/zephyr.dir/lib/os/thread_entry.c.gcda
  --> fname    /home/rodrigo/zephyrproject/zephyr/include/zephyr/kernel.h
(DEBUG) Check if /home/rodrigo/zephyrproject/zephyr/include/zephyr/kernel.h is included (source file)...
(DEBUG) --> File is excluded.
(DEBUG) Check if /home/rodrigo/zephyr-course_ram/twister-out/thread_entry.c##882517637e5595f659956a7042b921d5.gcov is included (trace)...
(DEBUG)   No filter matched.
(DEBUG) --> File is excluded.
(DEBUG) Finding source file corresponding to a gcov data file
  gcov_fname   /home/rodrigo/zephyr-course_ram/twister-out/thread_entry.c##882517637e5595f659956a7042b921d5.gcov
  current_dir  /home/rodrigo/zephyr-course_ram/twister-out
  root         /home/rodrigo/zephyr-course_ram/app/modules/ring_buf
  starting_dir /home/rodrigo/zephyr-course_ram
  obj_dir      /home/rodrigo/zephyr-course_ram/twister-out
  gcda_fname   native_sim_native/host_gnu/zephyr-course_ram/tests/ring_buf/homework.unit.ring_buf/zephyr/CMakeFiles/zephyr.dir/lib/os/thread_entry.c.gcda
  --> fname    /home/rodrigo/zephyrproject/zephyr/lib/os/thread_entry.c
(DEBUG) Check if /home/rodrigo/zephyrproject/zephyr/lib/os/thread_entry.c is included (source file)...
(DEBUG)   No filter matched.
(DEBUG) --> File is excluded.
(DEBUG) Check if /home/rodrigo/zephyr-course_ram/twister-out/syscall.h##f78b8447055080e06b9c6a9c432569e6.gcov is included (trace)...
(DEBUG)   No filter matched.
(DEBUG) --> File is excluded.
(DEBUG) Finding source file corresponding to a gcov data file
  gcov_fname   /home/rodrigo/zephyr-course_ram/twister-out/syscall.h##f78b8447055080e06b9c6a9c432569e6.gcov
  current_dir  /home/rodrigo/zephyr-course_ram/twister-out
  root         /home/rodrigo/zephyr-course_ram/app/modules/ring_buf
  starting_dir /home/rodrigo/zephyr-course_ram
  obj_dir      /home/rodrigo/zephyr-course_ram/twister-out
  gcda_fname   native_sim_native/host_gnu/zephyr-course_ram/tests/ring_buf/homework.unit.ring_buf/zephyr/CMakeFiles/zephyr.dir/lib/os/thread_entry.c.gcda
  --> fname    /home/rodrigo/zephyrproject/zephyr/include/zephyr/syscall.h
(DEBUG) Check if /home/rodrigo/zephyrproject/zephyr/include/zephyr/syscall.h is included (source file)...
(DEBUG)   No filter matched.
(DEBUG) --> File is excluded.
(DEBUG) Check if /home/rodrigo/zephyr-course_ram/twister-out/native_sim_native/host_gnu/zephyr-course_ram/tests/ring_buf/homework.unit.ring_buf/zephyr/CMakeFiles/zephyr.dir/lib/utils/bitarray.c.gcda is included (trace)...
(DEBUG)   No filter matched.
(DEBUG) --> File is excluded.
(DEBUG) Check if /home/rodrigo/zephyr-course_ram/twister-out/native_sim_native/host_gnu/zephyr-course_ram/tests/ring_buf/homework.unit.ring_buf/zephyr/CMakeFiles/zephyr.dir/lib/utils/bitarray.c.gcda is included (trace)...
(DEBUG) --> File is excluded.
(DEBUG) Check if bitarray.c##7edf3b57334ed688a5e03ca282e61831.gcov is included (gcov file)...
(DEBUG)   Filter AlwaysMatchFilter() matched.
(DEBUG) --> File is included.
(DEBUG) Check if spinlock.h##d84264fdde7bca8b949809fef8cbefdd.gcov is included (gcov file)...
(DEBUG) --> File is included.
(DEBUG) Check if arch.h##239ee5cbaf1f4f5309f62049e6f0de61.gcov is included (gcov file)...
(DEBUG) --> File is included.
(DEBUG) Check if ffs.h##39c0ecb66859ccc85929c43e17c24c56.gcov is included (gcov file)...
(DEBUG)   Filter AlwaysMatchFilter() matched.
(DEBUG) --> File is included.
(DEBUG) Check if /home/rodrigo/zephyr-course_ram/twister-out/arch.h##239ee5cbaf1f4f5309f62049e6f0de61.gcov is included (trace)...
(DEBUG) --> File is excluded.
(DEBUG) Finding source file corresponding to a gcov data file
  gcov_fname   /home/rodrigo/zephyr-course_ram/twister-out/arch.h##239ee5cbaf1f4f5309f62049e6f0de61.gcov
  current_dir  /home/rodrigo/zephyr-course_ram/twister-out
  root         /home/rodrigo/zephyr-course_ram/app/modules/ring_buf
  starting_dir /home/rodrigo/zephyr-course_ram
  obj_dir      /home/rodrigo/zephyr-course_ram/twister-out
  gcda_fname   native_sim_native/host_gnu/zephyr-course_ram/tests/ring_buf/homework.unit.ring_buf/zephyr/CMakeFiles/zephyr.dir/lib/utils/bitarray.c.gcda
  --> fname    /home/rodrigo/zephyrproject/zephyr/include/zephyr/arch/posix/arch.h
(DEBUG) Check if /home/rodrigo/zephyrproject/zephyr/include/zephyr/arch/posix/arch.h is included (source file)...
(DEBUG) --> File is excluded.
(DEBUG) Check if /home/rodrigo/zephyr-course_ram/twister-out/spinlock.h##d84264fdde7bca8b949809fef8cbefdd.gcov is included (trace)...
(DEBUG) --> File is excluded.
(DEBUG) Finding source file corresponding to a gcov data file
  gcov_fname   /home/rodrigo/zephyr-course_ram/twister-out/spinlock.h##d84264fdde7bca8b949809fef8cbefdd.gcov
  current_dir  /home/rodrigo/zephyr-course_ram/twister-out
  root         /home/rodrigo/zephyr-course_ram/app/modules/ring_buf
  starting_dir /home/rodrigo/zephyr-course_ram
  obj_dir      /home/rodrigo/zephyr-course_ram/twister-out
  gcda_fname   native_sim_native/host_gnu/zephyr-course_ram/tests/ring_buf/homework.unit.ring_buf/zephyr/CMakeFiles/zephyr.dir/lib/utils/bitarray.c.gcda
  --> fname    /home/rodrigo/zephyrproject/zephyr/include/zephyr/spinlock.h
(DEBUG) Check if /home/rodrigo/zephyrproject/zephyr/include/zephyr/spinlock.h is included (source file)...
(DEBUG) --> File is excluded.
(DEBUG) Check if /home/rodrigo/zephyr-course_ram/twister-out/bitarray.c##7edf3b57334ed688a5e03ca282e61831.gcov is included (trace)...
(DEBUG)   No filter matched.
(DEBUG) --> File is excluded.
(DEBUG) Finding source file corresponding to a gcov data file
  gcov_fname   /home/rodrigo/zephyr-course_ram/twister-out/bitarray.c##7edf3b57334ed688a5e03ca282e61831.gcov
  current_dir  /home/rodrigo/zephyr-course_ram/twister-out
  root         /home/rodrigo/zephyr-course_ram/app/modules/ring_buf
  starting_dir /home/rodrigo/zephyr-course_ram
  obj_dir      /home/rodrigo/zephyr-course_ram/twister-out
  gcda_fname   native_sim_native/host_gnu/zephyr-course_ram/tests/ring_buf/homework.unit.ring_buf/zephyr/CMakeFiles/zephyr.dir/lib/utils/bitarray.c.gcda
  --> fname    /home/rodrigo/zephyrproject/zephyr/lib/utils/bitarray.c
(DEBUG) Check if /home/rodrigo/zephyrproject/zephyr/lib/utils/bitarray.c is included (source file)...
(DEBUG)   No filter matched.
(DEBUG) --> File is excluded.
(DEBUG) Check if /home/rodrigo/zephyr-course_ram/twister-out/ffs.h##39c0ecb66859ccc85929c43e17c24c56.gcov is included (trace)...
(DEBUG)   No filter matched.
(DEBUG) --> File is excluded.
(DEBUG) Finding source file corresponding to a gcov data file
  gcov_fname   /home/rodrigo/zephyr-course_ram/twister-out/ffs.h##39c0ecb66859ccc85929c43e17c24c56.gcov
  current_dir  /home/rodrigo/zephyr-course_ram/twister-out
  root         /home/rodrigo/zephyr-course_ram/app/modules/ring_buf
  starting_dir /home/rodrigo/zephyr-course_ram
  obj_dir      /home/rodrigo/zephyr-course_ram/twister-out
  gcda_fname   native_sim_native/host_gnu/zephyr-course_ram/tests/ring_buf/homework.unit.ring_buf/zephyr/CMakeFiles/zephyr.dir/lib/utils/bitarray.c.gcda
  --> fname    /home/rodrigo/zephyrproject/zephyr/include/zephyr/arch/common/ffs.h
(DEBUG) Check if /home/rodrigo/zephyrproject/zephyr/include/zephyr/arch/common/ffs.h is included (source file)...
(DEBUG)   No filter matched.
(DEBUG) --> File is excluded.
(DEBUG) Check if /home/rodrigo/zephyr-course_ram/twister-out/native_sim_native/host_gnu/zephyr-course_ram/tests/ring_buf/homework.unit.ring_buf/zephyr/CMakeFiles/zephyr.dir/lib/utils/bitmask.c.gcda is included (trace)...
(DEBUG)   No filter matched.
(DEBUG) --> File is excluded.
(DEBUG) Check if /home/rodrigo/zephyr-course_ram/twister-out/native_sim_native/host_gnu/zephyr-course_ram/tests/ring_buf/homework.unit.ring_buf/zephyr/CMakeFiles/zephyr.dir/lib/utils/bitmask.c.gcda is included (trace)...
(DEBUG) --> File is excluded.
(DEBUG) Check if bitmask.c##426793c8e18925279a296941abf06963.gcov is included (gcov file)...
(DEBUG)   Filter AlwaysMatchFilter() matched.
(DEBUG) --> File is included.
(DEBUG) Check if math_extras_impl.h##2563a8d28efffc0e643dbd8634325f21.gcov is included (gcov file)...
(DEBUG)   Filter AlwaysMatchFilter() matched.
(DEBUG) --> File is included.
(DEBUG) Check if /home/rodrigo/zephyr-course_ram/twister-out/bitmask.c##426793c8e18925279a296941abf06963.gcov is included (trace)...
(DEBUG)   No filter matched.
(DEBUG) --> File is excluded.
(DEBUG) Finding source file corresponding to a gcov data file
  gcov_fname   /home/rodrigo/zephyr-course_ram/twister-out/bitmask.c##426793c8e18925279a296941abf06963.gcov
  current_dir  /home/rodrigo/zephyr-course_ram/twister-out
  root         /home/rodrigo/zephyr-course_ram/app/modules/ring_buf
  starting_dir /home/rodrigo/zephyr-course_ram
  obj_dir      /home/rodrigo/zephyr-course_ram/twister-out
  gcda_fname   native_sim_native/host_gnu/zephyr-course_ram/tests/ring_buf/homework.unit.ring_buf/zephyr/CMakeFiles/zephyr.dir/lib/utils/bitmask.c.gcda
  --> fname    /home/rodrigo/zephyrproject/zephyr/lib/utils/bitmask.c
(DEBUG) Check if /home/rodrigo/zephyrproject/zephyr/lib/utils/bitmask.c is included (source file)...
(DEBUG)   No filter matched.
(DEBUG) --> File is excluded.
(DEBUG) Check if /home/rodrigo/zephyr-course_ram/twister-out/math_extras_impl.h##2563a8d28efffc0e643dbd8634325f21.gcov is included (trace)...
(DEBUG)   No filter matched.
(DEBUG) --> File is excluded.
(DEBUG) Finding source file corresponding to a gcov data file
  gcov_fname   /home/rodrigo/zephyr-course_ram/twister-out/math_extras_impl.h##2563a8d28efffc0e643dbd8634325f21.gcov
  current_dir  /home/rodrigo/zephyr-course_ram/twister-out
  root         /home/rodrigo/zephyr-course_ram/app/modules/ring_buf
  starting_dir /home/rodrigo/zephyr-course_ram
  obj_dir      /home/rodrigo/zephyr-course_ram/twister-out
  gcda_fname   native_sim_native/host_gnu/zephyr-course_ram/tests/ring_buf/homework.unit.ring_buf/zephyr/CMakeFiles/zephyr.dir/lib/utils/bitmask.c.gcda
  --> fname    /home/rodrigo/zephyrproject/zephyr/include/zephyr/sys/math_extras_impl.h
(DEBUG) Check if /home/rodrigo/zephyrproject/zephyr/include/zephyr/sys/math_extras_impl.h is included (source file)...
(DEBUG)   No filter matched.
(DEBUG) --> File is excluded.
(DEBUG) Check if /home/rodrigo/zephyr-course_ram/twister-out/native_sim_native/host_gnu/zephyr-course_ram/tests/ring_buf/homework.unit.ring_buf/zephyr/CMakeFiles/zephyr.dir/lib/utils/dec.c.gcda is included (trace)...
(DEBUG)   No filter matched.
(DEBUG) --> File is excluded.
(DEBUG) Check if /home/rodrigo/zephyr-course_ram/twister-out/native_sim_native/host_gnu/zephyr-course_ram/tests/ring_buf/homework.unit.ring_buf/zephyr/CMakeFiles/zephyr.dir/lib/utils/dec.c.gcda is included (trace)...
(DEBUG) --> File is excluded.
(DEBUG) Check if dec.c##34cc7d322630c8de46e7ff7ee881e609.gcov is included (gcov file)...
(DEBUG)   Filter AlwaysMatchFilter() matched.
(DEBUG) --> File is included.
(DEBUG) Check if /home/rodrigo/zephyr-course_ram/twister-out/dec.c##34cc7d322630c8de46e7ff7ee881e609.gcov is included (trace)...
(DEBUG)   No filter matched.
(DEBUG) --> File is excluded.
(DEBUG) Finding source file corresponding to a gcov data file
  gcov_fname   /home/rodrigo/zephyr-course_ram/twister-out/dec.c##34cc7d322630c8de46e7ff7ee881e609.gcov
  current_dir  /home/rodrigo/zephyr-course_ram/twister-out
  root         /home/rodrigo/zephyr-course_ram/app/modules/ring_buf
  starting_dir /home/rodrigo/zephyr-course_ram
  obj_dir      /home/rodrigo/zephyr-course_ram/twister-out
  gcda_fname   native_sim_native/host_gnu/zephyr-course_ram/tests/ring_buf/homework.unit.ring_buf/zephyr/CMakeFiles/zephyr.dir/lib/utils/dec.c.gcda
  --> fname    /home/rodrigo/zephyrproject/zephyr/lib/utils/dec.c
(DEBUG) Check if /home/rodrigo/zephyrproject/zephyr/lib/utils/dec.c is included (source file)...
(DEBUG)   No filter matched.
(DEBUG) --> File is excluded.
(DEBUG) Check if /home/rodrigo/zephyr-course_ram/twister-out/native_sim_native/host_gnu/zephyr-course_ram/tests/ring_buf/homework.unit.ring_buf/zephyr/CMakeFiles/zephyr.dir/lib/utils/getopt/getopt.c.gcda is included (trace)...
(DEBUG)   No filter matched.
(DEBUG) --> File is excluded.
(DEBUG) Check if /home/rodrigo/zephyr-course_ram/twister-out/native_sim_native/host_gnu/zephyr-course_ram/tests/ring_buf/homework.unit.ring_buf/zephyr/CMakeFiles/zephyr.dir/lib/utils/getopt/getopt.c.gcda is included (trace)...
(DEBUG) --> File is excluded.
(DEBUG) Check if getopt.c##79dff70f2cac312ee97e53eae90c26ad.gcov is included (gcov file)...
(DEBUG)   Filter AlwaysMatchFilter() matched.
(DEBUG) --> File is included.
(DEBUG) Check if log_msg.h##fe60156c532143d1e30e21c32299f503.gcov is included (gcov file)...
(DEBUG) --> File is included.
(DEBUG) Check if /home/rodrigo/zephyr-course_ram/twister-out/log_msg.h##fe60156c532143d1e30e21c32299f503.gcov is included (trace)...
(DEBUG) --> File is excluded.
(DEBUG) Finding source file corresponding to a gcov data file
  gcov_fname   /home/rodrigo/zephyr-course_ram/twister-out/log_msg.h##fe60156c532143d1e30e21c32299f503.gcov
  current_dir  /home/rodrigo/zephyr-course_ram/twister-out
  root         /home/rodrigo/zephyr-course_ram/app/modules/ring_buf
  starting_dir /home/rodrigo/zephyr-course_ram
  obj_dir      /home/rodrigo/zephyr-course_ram/twister-out
  gcda_fname   native_sim_native/host_gnu/zephyr-course_ram/tests/ring_buf/homework.unit.ring_buf/zephyr/CMakeFiles/zephyr.dir/lib/utils/getopt/getopt.c.gcda
  --> fname    /home/rodrigo/zephyrproject/zephyr/include/zephyr/logging/log_msg.h
(DEBUG) Check if /home/rodrigo/zephyrproject/zephyr/include/zephyr/logging/log_msg.h is included (source file)...
(DEBUG) --> File is excluded.
(DEBUG) Check if /home/rodrigo/zephyr-course_ram/twister-out/getopt.c##79dff70f2cac312ee97e53eae90c26ad.gcov is included (trace)...
(DEBUG)   No filter matched.
(DEBUG) --> File is excluded.
(DEBUG) Finding source file corresponding to a gcov data file
  gcov_fname   /home/rodrigo/zephyr-course_ram/twister-out/getopt.c##79dff70f2cac312ee97e53eae90c26ad.gcov
  current_dir  /home/rodrigo/zephyr-course_ram/twister-out
  root         /home/rodrigo/zephyr-course_ram/app/modules/ring_buf
  starting_dir /home/rodrigo/zephyr-course_ram
  obj_dir      /home/rodrigo/zephyr-course_ram/twister-out
  gcda_fname   native_sim_native/host_gnu/zephyr-course_ram/tests/ring_buf/homework.unit.ring_buf/zephyr/CMakeFiles/zephyr.dir/lib/utils/getopt/getopt.c.gcda
  --> fname    /home/rodrigo/zephyrproject/zephyr/lib/utils/getopt/getopt.c
(DEBUG) Check if /home/rodrigo/zephyrproject/zephyr/lib/utils/getopt/getopt.c is included (source file)...
(DEBUG)   No filter matched.
(DEBUG) --> File is excluded.
(DEBUG) Check if /home/rodrigo/zephyr-course_ram/twister-out/native_sim_native/host_gnu/zephyr-course_ram/tests/ring_buf/homework.unit.ring_buf/zephyr/CMakeFiles/zephyr.dir/lib/utils/getopt/getopt_common.c.gcda is included (trace)...
(DEBUG)   No filter matched.
(DEBUG) --> File is excluded.
(DEBUG) Check if /home/rodrigo/zephyr-course_ram/twister-out/native_sim_native/host_gnu/zephyr-course_ram/tests/ring_buf/homework.unit.ring_buf/zephyr/CMakeFiles/zephyr.dir/lib/utils/getopt/getopt_common.c.gcda is included (trace)...
(DEBUG) --> File is excluded.
(DEBUG) Check if getopt_common.c##3389bead2bef50029ac638bdac6b09ac.gcov is included (gcov file)...
(DEBUG)   Filter AlwaysMatchFilter() matched.
(DEBUG) --> File is included.
(DEBUG) Check if /home/rodrigo/zephyr-course_ram/twister-out/getopt_common.c##3389bead2bef50029ac638bdac6b09ac.gcov is included (trace)...
(DEBUG)   No filter matched.
(DEBUG) --> File is excluded.
(DEBUG) Finding source file corresponding to a gcov data file
  gcov_fname   /home/rodrigo/zephyr-course_ram/twister-out/getopt_common.c##3389bead2bef50029ac638bdac6b09ac.gcov
  current_dir  /home/rodrigo/zephyr-course_ram/twister-out
  root         /home/rodrigo/zephyr-course_ram/app/modules/ring_buf
  starting_dir /home/rodrigo/zephyr-course_ram
  obj_dir      /home/rodrigo/zephyr-course_ram/twister-out
  gcda_fname   native_sim_native/host_gnu/zephyr-course_ram/tests/ring_buf/homework.unit.ring_buf/zephyr/CMakeFiles/zephyr.dir/lib/utils/getopt/getopt_common.c.gcda
  --> fname    /home/rodrigo/zephyrproject/zephyr/lib/utils/getopt/getopt_common.c
(DEBUG) Check if /home/rodrigo/zephyrproject/zephyr/lib/utils/getopt/getopt_common.c is included (source file)...
(DEBUG)   No filter matched.
(DEBUG) --> File is excluded.
(DEBUG) Check if /home/rodrigo/zephyr-course_ram/twister-out/native_sim_native/host_gnu/zephyr-course_ram/tests/ring_buf/homework.unit.ring_buf/zephyr/CMakeFiles/zephyr.dir/lib/utils/hex.c.gcda is included (trace)...
(DEBUG)   No filter matched.
(DEBUG) --> File is excluded.
(DEBUG) Check if /home/rodrigo/zephyr-course_ram/twister-out/native_sim_native/host_gnu/zephyr-course_ram/tests/ring_buf/homework.unit.ring_buf/zephyr/CMakeFiles/zephyr.dir/lib/utils/hex.c.gcda is included (trace)...
(DEBUG) --> File is excluded.
(DEBUG) Check if hex.c##48d2f0efe74b22cc21462486c29b5d32.gcov is included (gcov file)...
(DEBUG)   Filter AlwaysMatchFilter() matched.
(DEBUG) --> File is included.
(DEBUG) Check if /home/rodrigo/zephyr-course_ram/twister-out/hex.c##48d2f0efe74b22cc21462486c29b5d32.gcov is included (trace)...
(DEBUG)   No filter matched.
(DEBUG) --> File is excluded.
(DEBUG) Finding source file corresponding to a gcov data file
  gcov_fname   /home/rodrigo/zephyr-course_ram/twister-out/hex.c##48d2f0efe74b22cc21462486c29b5d32.gcov
  current_dir  /home/rodrigo/zephyr-course_ram/twister-out
  root         /home/rodrigo/zephyr-course_ram/app/modules/ring_buf
  starting_dir /home/rodrigo/zephyr-course_ram
  obj_dir      /home/rodrigo/zephyr-course_ram/twister-out
  gcda_fname   native_sim_native/host_gnu/zephyr-course_ram/tests/ring_buf/homework.unit.ring_buf/zephyr/CMakeFiles/zephyr.dir/lib/utils/hex.c.gcda
  --> fname    /home/rodrigo/zephyrproject/zephyr/lib/utils/hex.c
(DEBUG) Check if /home/rodrigo/zephyrproject/zephyr/lib/utils/hex.c is included (source file)...
(DEBUG)   No filter matched.
(DEBUG) --> File is excluded.
(DEBUG) Check if /home/rodrigo/zephyr-course_ram/twister-out/native_sim_native/host_gnu/zephyr-course_ram/tests/ring_buf/homework.unit.ring_buf/zephyr/CMakeFiles/zephyr.dir/lib/utils/rb.c.gcda is included (trace)...
(DEBUG)   No filter matched.
(DEBUG) --> File is excluded.
(DEBUG) Check if /home/rodrigo/zephyr-course_ram/twister-out/native_sim_native/host_gnu/zephyr-course_ram/tests/ring_buf/homework.unit.ring_buf/zephyr/CMakeFiles/zephyr.dir/lib/utils/rb.c.gcda is included (trace)...
(DEBUG) --> File is excluded.
(DEBUG) Check if rb.c##25477ea80150b6b1209993fa4e051340.gcov is included (gcov file)...
(DEBUG)   Filter AlwaysMatchFilter() matched.
(DEBUG) --> File is included.
(DEBUG) Check if /home/rodrigo/zephyr-course_ram/twister-out/rb.c##25477ea80150b6b1209993fa4e051340.gcov is included (trace)...
(DEBUG)   No filter matched.
(DEBUG) --> File is excluded.
(DEBUG) Finding source file corresponding to a gcov data file
  gcov_fname   /home/rodrigo/zephyr-course_ram/twister-out/rb.c##25477ea80150b6b1209993fa4e051340.gcov
  current_dir  /home/rodrigo/zephyr-course_ram/twister-out
  root         /home/rodrigo/zephyr-course_ram/app/modules/ring_buf
  starting_dir /home/rodrigo/zephyr-course_ram
  obj_dir      /home/rodrigo/zephyr-course_ram/twister-out
  gcda_fname   native_sim_native/host_gnu/zephyr-course_ram/tests/ring_buf/homework.unit.ring_buf/zephyr/CMakeFiles/zephyr.dir/lib/utils/rb.c.gcda
  --> fname    /home/rodrigo/zephyrproject/zephyr/lib/utils/rb.c
(DEBUG) Check if /home/rodrigo/zephyrproject/zephyr/lib/utils/rb.c is included (source file)...
(DEBUG)   No filter matched.
(DEBUG) --> File is excluded.
(DEBUG) Check if /home/rodrigo/zephyr-course_ram/twister-out/native_sim_native/host_gnu/zephyr-course_ram/tests/ring_buf/homework.unit.ring_buf/zephyr/CMakeFiles/zephyr.dir/lib/utils/ring_buffer.c.gcda is included (trace)...
(DEBUG)   No filter matched.
(DEBUG) --> File is excluded.
(DEBUG) Check if /home/rodrigo/zephyr-course_ram/twister-out/native_sim_native/host_gnu/zephyr-course_ram/tests/ring_buf/homework.unit.ring_buf/zephyr/CMakeFiles/zephyr.dir/lib/utils/ring_buffer.c.gcda is included (trace)...
(DEBUG) --> File is excluded.
(DEBUG) Check if ring_buffer.c##01a664c14ecfffc23c987a246e7b5c1f.gcov is included (gcov file)...
(DEBUG)   Filter AlwaysMatchFilter() matched.
(DEBUG) --> File is included.
(DEBUG) Check if ring_buffer.h##8fa5bcb86fec24a9d5114ae8b797c0ba.gcov is included (gcov file)...
(DEBUG)   Filter AlwaysMatchFilter() matched.
(DEBUG) --> File is included.
(DEBUG) Check if /home/rodrigo/zephyr-course_ram/twister-out/ring_buffer.c##01a664c14ecfffc23c987a246e7b5c1f.gcov is included (trace)...
(DEBUG)   No filter matched.
(DEBUG) --> File is excluded.
(DEBUG) Finding source file corresponding to a gcov data file
  gcov_fname   /home/rodrigo/zephyr-course_ram/twister-out/ring_buffer.c##01a664c14ecfffc23c987a246e7b5c1f.gcov
  current_dir  /home/rodrigo/zephyr-course_ram/twister-out
  root         /home/rodrigo/zephyr-course_ram/app/modules/ring_buf
  starting_dir /home/rodrigo/zephyr-course_ram
  obj_dir      /home/rodrigo/zephyr-course_ram/twister-out
  gcda_fname   native_sim_native/host_gnu/zephyr-course_ram/tests/ring_buf/homework.unit.ring_buf/zephyr/CMakeFiles/zephyr.dir/lib/utils/ring_buffer.c.gcda
  --> fname    /home/rodrigo/zephyrproject/zephyr/lib/utils/ring_buffer.c
(DEBUG) Check if /home/rodrigo/zephyrproject/zephyr/lib/utils/ring_buffer.c is included (source file)...
(DEBUG)   No filter matched.
(DEBUG) --> File is excluded.
(DEBUG) Check if /home/rodrigo/zephyr-course_ram/twister-out/ring_buffer.h##8fa5bcb86fec24a9d5114ae8b797c0ba.gcov is included (trace)...
(DEBUG)   No filter matched.
(DEBUG) --> File is excluded.
(DEBUG) Finding source file corresponding to a gcov data file
  gcov_fname   /home/rodrigo/zephyr-course_ram/twister-out/ring_buffer.h##8fa5bcb86fec24a9d5114ae8b797c0ba.gcov
  current_dir  /home/rodrigo/zephyr-course_ram/twister-out
  root         /home/rodrigo/zephyr-course_ram/app/modules/ring_buf
  starting_dir /home/rodrigo/zephyr-course_ram
  obj_dir      /home/rodrigo/zephyr-course_ram/twister-out
  gcda_fname   native_sim_native/host_gnu/zephyr-course_ram/tests/ring_buf/homework.unit.ring_buf/zephyr/CMakeFiles/zephyr.dir/lib/utils/ring_buffer.c.gcda
  --> fname    /home/rodrigo/zephyrproject/zephyr/include/zephyr/sys/ring_buffer.h
(DEBUG) Check if /home/rodrigo/zephyrproject/zephyr/include/zephyr/sys/ring_buffer.h is included (source file)...
(DEBUG)   No filter matched.
(DEBUG) --> File is excluded.
(DEBUG) Check if /home/rodrigo/zephyr-course_ram/twister-out/native_sim_native/host_gnu/zephyr-course_ram/tests/ring_buf/homework.unit.ring_buf/zephyr/CMakeFiles/zephyr.dir/lib/utils/set.c.gcda is included (trace)...
(DEBUG)   No filter matched.
(DEBUG) --> File is excluded.
(DEBUG) Check if /home/rodrigo/zephyr-course_ram/twister-out/native_sim_native/host_gnu/zephyr-course_ram/tests/ring_buf/homework.unit.ring_buf/zephyr/CMakeFiles/zephyr.dir/lib/utils/set.c.gcda is included (trace)...
(DEBUG) --> File is excluded.
(DEBUG) Check if set.c##d95210379f07c6716fe2b78dfd63eb27.gcov is included (gcov file)...
(DEBUG)   Filter AlwaysMatchFilter() matched.
(DEBUG) --> File is included.
(DEBUG) Check if /home/rodrigo/zephyr-course_ram/twister-out/set.c##d95210379f07c6716fe2b78dfd63eb27.gcov is included (trace)...
(DEBUG)   No filter matched.
(DEBUG) --> File is excluded.
(DEBUG) Finding source file corresponding to a gcov data file
  gcov_fname   /home/rodrigo/zephyr-course_ram/twister-out/set.c##d95210379f07c6716fe2b78dfd63eb27.gcov
  current_dir  /home/rodrigo/zephyr-course_ram/twister-out
  root         /home/rodrigo/zephyr-course_ram/app/modules/ring_buf
  starting_dir /home/rodrigo/zephyr-course_ram
  obj_dir      /home/rodrigo/zephyr-course_ram/twister-out
  gcda_fname   native_sim_native/host_gnu/zephyr-course_ram/tests/ring_buf/homework.unit.ring_buf/zephyr/CMakeFiles/zephyr.dir/lib/utils/set.c.gcda
  --> fname    /home/rodrigo/zephyrproject/zephyr/lib/utils/set.c
(DEBUG) Check if /home/rodrigo/zephyrproject/zephyr/lib/utils/set.c is included (source file)...
(DEBUG)   No filter matched.
(DEBUG) --> File is excluded.
(DEBUG) Check if /home/rodrigo/zephyr-course_ram/twister-out/native_sim_native/host_gnu/zephyr-course_ram/tests/ring_buf/homework.unit.ring_buf/zephyr/CMakeFiles/zephyr.dir/lib/utils/timeutil.c.gcda is included (trace)...
(DEBUG)   No filter matched.
(DEBUG) --> File is excluded.
(DEBUG) Check if /home/rodrigo/zephyr-course_ram/twister-out/native_sim_native/host_gnu/zephyr-course_ram/tests/ring_buf/homework.unit.ring_buf/zephyr/CMakeFiles/zephyr.dir/lib/utils/timeutil.c.gcda is included (trace)...
(DEBUG) --> File is excluded.
(DEBUG) Check if timeutil.c##343c145189eb9ae60236aa10c32dc3d1.gcov is included (gcov file)...
(DEBUG)   Filter AlwaysMatchFilter() matched.
(DEBUG) --> File is included.
(DEBUG) Check if timeutil.h##dfc847820c07d87f3c94a563fa8d7cc9.gcov is included (gcov file)...
(DEBUG) --> File is included.
(DEBUG) Check if /home/rodrigo/zephyr-course_ram/twister-out/timeutil.c##343c145189eb9ae60236aa10c32dc3d1.gcov is included (trace)...
(DEBUG)   No filter matched.
(DEBUG) --> File is excluded.
(DEBUG) Finding source file corresponding to a gcov data file
  gcov_fname   /home/rodrigo/zephyr-course_ram/twister-out/timeutil.c##343c145189eb9ae60236aa10c32dc3d1.gcov
  current_dir  /home/rodrigo/zephyr-course_ram/twister-out
  root         /home/rodrigo/zephyr-course_ram/app/modules/ring_buf
  starting_dir /home/rodrigo/zephyr-course_ram
  obj_dir      /home/rodrigo/zephyr-course_ram/twister-out
  gcda_fname   native_sim_native/host_gnu/zephyr-course_ram/tests/ring_buf/homework.unit.ring_buf/zephyr/CMakeFiles/zephyr.dir/lib/utils/timeutil.c.gcda
  --> fname    /home/rodrigo/zephyrproject/zephyr/lib/utils/timeutil.c
(DEBUG) Check if /home/rodrigo/zephyrproject/zephyr/lib/utils/timeutil.c is included (source file)...
(DEBUG)   No filter matched.
(DEBUG) --> File is excluded.
(DEBUG) Check if /home/rodrigo/zephyr-course_ram/twister-out/timeutil.h##dfc847820c07d87f3c94a563fa8d7cc9.gcov is included (trace)...
(DEBUG) --> File is excluded.
(DEBUG) Finding source file corresponding to a gcov data file
  gcov_fname   /home/rodrigo/zephyr-course_ram/twister-out/timeutil.h##dfc847820c07d87f3c94a563fa8d7cc9.gcov
  current_dir  /home/rodrigo/zephyr-course_ram/twister-out
  root         /home/rodrigo/zephyr-course_ram/app/modules/ring_buf
  starting_dir /home/rodrigo/zephyr-course_ram
  obj_dir      /home/rodrigo/zephyr-course_ram/twister-out
  gcda_fname   native_sim_native/host_gnu/zephyr-course_ram/tests/ring_buf/homework.unit.ring_buf/zephyr/CMakeFiles/zephyr.dir/lib/utils/timeutil.c.gcda
  --> fname    /home/rodrigo/zephyrproject/zephyr/include/zephyr/sys/timeutil.h
(DEBUG) Check if /home/rodrigo/zephyrproject/zephyr/include/zephyr/sys/timeutil.h is included (source file)...
(DEBUG) --> File is excluded.
(DEBUG) Check if /home/rodrigo/zephyr-course_ram/twister-out/native_sim_native/host_gnu/zephyr-course_ram/tests/ring_buf/homework.unit.ring_buf/zephyr/CMakeFiles/zephyr.dir/misc/generated/configs.c.gcda is included (trace)...
(DEBUG)   No filter matched.
(DEBUG) --> File is excluded.
(DEBUG) Check if /home/rodrigo/zephyr-course_ram/twister-out/native_sim_native/host_gnu/zephyr-course_ram/tests/ring_buf/homework.unit.ring_buf/zephyr/CMakeFiles/zephyr.dir/misc/generated/configs.c.gcda is included (trace)...
(DEBUG) --> File is excluded.
(DEBUG) Check if configs.c##3356bb072e255173641e57a30919a97a.gcov is included (gcov file)...
(DEBUG)   Filter AlwaysMatchFilter() matched.
(DEBUG) --> File is included.
(DEBUG) Check if /home/rodrigo/zephyr-course_ram/twister-out/configs.c##3356bb072e255173641e57a30919a97a.gcov is included (trace)...
(DEBUG)   No filter matched.
(DEBUG) --> File is excluded.
(DEBUG) Finding source file corresponding to a gcov data file
  gcov_fname   /home/rodrigo/zephyr-course_ram/twister-out/configs.c##3356bb072e255173641e57a30919a97a.gcov
  current_dir  /home/rodrigo/zephyr-course_ram/twister-out
  root         /home/rodrigo/zephyr-course_ram/app/modules/ring_buf
  starting_dir /home/rodrigo/zephyr-course_ram
  obj_dir      /home/rodrigo/zephyr-course_ram/twister-out
  gcda_fname   native_sim_native/host_gnu/zephyr-course_ram/tests/ring_buf/homework.unit.ring_buf/zephyr/CMakeFiles/zephyr.dir/misc/generated/configs.c.gcda
  --> fname    /home/rodrigo/zephyr-course_ram/twister-out/native_sim_native/host_gnu/zephyr-course_ram/tests/ring_buf/homework.unit.ring_buf/zephyr/misc/generated/configs.c
(DEBUG) Check if /home/rodrigo/zephyr-course_ram/twister-out/native_sim_native/host_gnu/zephyr-course_ram/tests/ring_buf/homework.unit.ring_buf/zephyr/misc/generated/configs.c is included (source file)...
(DEBUG)   No filter matched.
(DEBUG) --> File is excluded.
(DEBUG) Check if /home/rodrigo/zephyr-course_ram/twister-out/native_sim_native/host_gnu/zephyr-course_ram/tests/ring_buf/homework.unit.ring_buf/zephyr/CMakeFiles/zephyr.dir/subsys/logging/backends/log_backend_native_posix.c.gcda is included (trace)...
(DEBUG)   No filter matched.
(DEBUG) --> File is excluded.
(DEBUG) Check if /home/rodrigo/zephyr-course_ram/twister-out/native_sim_native/host_gnu/zephyr-course_ram/tests/ring_buf/homework.unit.ring_buf/zephyr/CMakeFiles/zephyr.dir/subsys/logging/backends/log_backend_native_posix.c.gcda is included (trace)...
(DEBUG) --> File is excluded.
(DEBUG) Check if log_backend_native_posix.c##b21f935e83d015bbc0340394858d467f.gcov is included (gcov file)...
(DEBUG)   Filter AlwaysMatchFilter() matched.
(DEBUG) --> File is included.
(DEBUG) Check if log_backend_std.h##82f254cecf3580810957ee54e23927ed.gcov is included (gcov file)...
(DEBUG)   Filter AlwaysMatchFilter() matched.
(DEBUG) --> File is included.
(DEBUG) Check if log_output.h##d7c74775aa6ec680a2084101274e2263.gcov is included (gcov file)...
(DEBUG)   Filter AlwaysMatchFilter() matched.
(DEBUG) --> File is included.
(DEBUG) Check if /home/rodrigo/zephyr-course_ram/twister-out/log_backend_std.h##82f254cecf3580810957ee54e23927ed.gcov is included (trace)...
(DEBUG)   No filter matched.
(DEBUG) --> File is excluded.
(DEBUG) Finding source file corresponding to a gcov data file
  gcov_fname   /home/rodrigo/zephyr-course_ram/twister-out/log_backend_std.h##82f254cecf3580810957ee54e23927ed.gcov
  current_dir  /home/rodrigo/zephyr-course_ram/twister-out
  root         /home/rodrigo/zephyr-course_ram/app/modules/ring_buf
  starting_dir /home/rodrigo/zephyr-course_ram
  obj_dir      /home/rodrigo/zephyr-course_ram/twister-out
  gcda_fname   native_sim_native/host_gnu/zephyr-course_ram/tests/ring_buf/homework.unit.ring_buf/zephyr/CMakeFiles/zephyr.dir/subsys/logging/backends/log_backend_native_posix.c.gcda
  --> fname    /home/rodrigo/zephyrproject/zephyr/include/zephyr/logging/log_backend_std.h
(DEBUG) Check if /home/rodrigo/zephyrproject/zephyr/include/zephyr/logging/log_backend_std.h is included (source file)...
(DEBUG)   No filter matched.
(DEBUG) --> File is excluded.
(DEBUG) Check if /home/rodrigo/zephyr-course_ram/twister-out/log_backend_native_posix.c##b21f935e83d015bbc0340394858d467f.gcov is included (trace)...
(DEBUG)   No filter matched.
(DEBUG) --> File is excluded.
(DEBUG) Finding source file corresponding to a gcov data file
  gcov_fname   /home/rodrigo/zephyr-course_ram/twister-out/log_backend_native_posix.c##b21f935e83d015bbc0340394858d467f.gcov
  current_dir  /home/rodrigo/zephyr-course_ram/twister-out
  root         /home/rodrigo/zephyr-course_ram/app/modules/ring_buf
  starting_dir /home/rodrigo/zephyr-course_ram
  obj_dir      /home/rodrigo/zephyr-course_ram/twister-out
  gcda_fname   native_sim_native/host_gnu/zephyr-course_ram/tests/ring_buf/homework.unit.ring_buf/zephyr/CMakeFiles/zephyr.dir/subsys/logging/backends/log_backend_native_posix.c.gcda
  --> fname    /home/rodrigo/zephyrproject/zephyr/subsys/logging/backends/log_backend_native_posix.c
(DEBUG) Check if /home/rodrigo/zephyrproject/zephyr/subsys/logging/backends/log_backend_native_posix.c is included (source file)...
(DEBUG)   No filter matched.
(DEBUG) --> File is excluded.
(DEBUG) Check if /home/rodrigo/zephyr-course_ram/twister-out/log_output.h##d7c74775aa6ec680a2084101274e2263.gcov is included (trace)...
(DEBUG)   No filter matched.
(DEBUG) --> File is excluded.
(DEBUG) Finding source file corresponding to a gcov data file
  gcov_fname   /home/rodrigo/zephyr-course_ram/twister-out/log_output.h##d7c74775aa6ec680a2084101274e2263.gcov
  current_dir  /home/rodrigo/zephyr-course_ram/twister-out
  root         /home/rodrigo/zephyr-course_ram/app/modules/ring_buf
  starting_dir /home/rodrigo/zephyr-course_ram
  obj_dir      /home/rodrigo/zephyr-course_ram/twister-out
  gcda_fname   native_sim_native/host_gnu/zephyr-course_ram/tests/ring_buf/homework.unit.ring_buf/zephyr/CMakeFiles/zephyr.dir/subsys/logging/backends/log_backend_native_posix.c.gcda
  --> fname    /home/rodrigo/zephyrproject/zephyr/include/zephyr/logging/log_output.h
(DEBUG) Check if /home/rodrigo/zephyrproject/zephyr/include/zephyr/logging/log_output.h is included (source file)...
(DEBUG)   No filter matched.
(DEBUG) --> File is excluded.
(DEBUG) Check if /home/rodrigo/zephyr-course_ram/twister-out/native_sim_native/host_gnu/zephyr-course_ram/tests/ring_buf/homework.unit.ring_buf/zephyr/CMakeFiles/zephyr.dir/subsys/logging/log_cache.c.gcda is included (trace)...
(DEBUG)   No filter matched.
(DEBUG) --> File is excluded.
(DEBUG) Check if /home/rodrigo/zephyr-course_ram/twister-out/native_sim_native/host_gnu/zephyr-course_ram/tests/ring_buf/homework.unit.ring_buf/zephyr/CMakeFiles/zephyr.dir/subsys/logging/log_cache.c.gcda is included (trace)...
(DEBUG) --> File is excluded.
(DEBUG) Check if log_cache.c##05464e59afcff3bfcf18d363e4a19ec1.gcov is included (gcov file)...
(DEBUG)   Filter AlwaysMatchFilter() matched.
(DEBUG) --> File is included.
(DEBUG) Check if slist.h##48084af0c7a478624712e6629c6036ca.gcov is included (gcov file)...
(DEBUG)   Filter AlwaysMatchFilter() matched.
(DEBUG) --> File is included.
(DEBUG) Check if /home/rodrigo/zephyr-course_ram/twister-out/slist.h##48084af0c7a478624712e6629c6036ca.gcov is included (trace)...
(DEBUG)   No filter matched.
(DEBUG) --> File is excluded.
(DEBUG) Finding source file corresponding to a gcov data file
  gcov_fname   /home/rodrigo/zephyr-course_ram/twister-out/slist.h##48084af0c7a478624712e6629c6036ca.gcov
  current_dir  /home/rodrigo/zephyr-course_ram/twister-out
  root         /home/rodrigo/zephyr-course_ram/app/modules/ring_buf
  starting_dir /home/rodrigo/zephyr-course_ram
  obj_dir      /home/rodrigo/zephyr-course_ram/twister-out
  gcda_fname   native_sim_native/host_gnu/zephyr-course_ram/tests/ring_buf/homework.unit.ring_buf/zephyr/CMakeFiles/zephyr.dir/subsys/logging/log_cache.c.gcda
  --> fname    /home/rodrigo/zephyrproject/zephyr/include/zephyr/sys/slist.h
(DEBUG) Check if /home/rodrigo/zephyrproject/zephyr/include/zephyr/sys/slist.h is included (source file)...
(DEBUG)   No filter matched.
(DEBUG) --> File is excluded.
(DEBUG) Check if /home/rodrigo/zephyr-course_ram/twister-out/log_cache.c##05464e59afcff3bfcf18d363e4a19ec1.gcov is included (trace)...
(DEBUG)   No filter matched.
(DEBUG) --> File is excluded.
(DEBUG) Finding source file corresponding to a gcov data file
  gcov_fname   /home/rodrigo/zephyr-course_ram/twister-out/log_cache.c##05464e59afcff3bfcf18d363e4a19ec1.gcov
  current_dir  /home/rodrigo/zephyr-course_ram/twister-out
  root         /home/rodrigo/zephyr-course_ram/app/modules/ring_buf
  starting_dir /home/rodrigo/zephyr-course_ram
  obj_dir      /home/rodrigo/zephyr-course_ram/twister-out
  gcda_fname   native_sim_native/host_gnu/zephyr-course_ram/tests/ring_buf/homework.unit.ring_buf/zephyr/CMakeFiles/zephyr.dir/subsys/logging/log_cache.c.gcda
  --> fname    /home/rodrigo/zephyrproject/zephyr/subsys/logging/log_cache.c
(DEBUG) Check if /home/rodrigo/zephyrproject/zephyr/subsys/logging/log_cache.c is included (source file)...
(DEBUG)   No filter matched.
(DEBUG) --> File is excluded.
(DEBUG) Check if /home/rodrigo/zephyr-course_ram/twister-out/native_sim_native/host_gnu/zephyr-course_ram/tests/ring_buf/homework.unit.ring_buf/zephyr/CMakeFiles/zephyr.dir/subsys/logging/log_core.c.gcda is included (trace)...
(DEBUG)   No filter matched.
(DEBUG) --> File is excluded.
(DEBUG) Check if /home/rodrigo/zephyr-course_ram/twister-out/native_sim_native/host_gnu/zephyr-course_ram/tests/ring_buf/homework.unit.ring_buf/zephyr/CMakeFiles/zephyr.dir/subsys/logging/log_core.c.gcda is included (trace)...
(DEBUG) --> File is excluded.
(DEBUG) Check if log_core.c##b8e8fec14398afcf22925f71eb1addd0.gcov is included (gcov file)...
(DEBUG)   Filter AlwaysMatchFilter() matched.
(DEBUG) --> File is included.
(DEBUG) Check if log_ctrl.h##2da9817abb95ef06e14010bef9dae56e.gcov is included (gcov file)...
(DEBUG)   Filter AlwaysMatchFilter() matched.
(DEBUG) --> File is included.
(DEBUG) Check if log_backend.h##d67999ebc60a28b05e53ce907e03ce75.gcov is included (gcov file)...
(DEBUG)   Filter AlwaysMatchFilter() matched.
(DEBUG) --> File is included.
(DEBUG) Check if kernel.h##33e25e586cdfb0cc7078a38f16ec62da.gcov is included (gcov file)...
(DEBUG) --> File is included.
(DEBUG) Check if kernel.h##2d3fbe341137ae796abdfaeb5a853926.gcov is included (gcov file)...
(DEBUG) --> File is included.
(DEBUG) Check if spinlock.h##d84264fdde7bca8b949809fef8cbefdd.gcov is included (gcov file)...
(DEBUG) --> File is included.
(DEBUG) Check if log_msg.h##fe60156c532143d1e30e21c32299f503.gcov is included (gcov file)...
(DEBUG) --> File is included.
(DEBUG) Check if arch.h##239ee5cbaf1f4f5309f62049e6f0de61.gcov is included (gcov file)...
(DEBUG) --> File is included.
(DEBUG) Check if syscall.h##f78b8447055080e06b9c6a9c432569e6.gcov is included (gcov file)...
(DEBUG) --> File is included.
(DEBUG) Check if atomic_builtin.h##79da073a889296c4fcd3179c020012a3.gcov is included (gcov file)...
(DEBUG)   Filter AlwaysMatchFilter() matched.
(DEBUG) --> File is included.
(DEBUG) Check if /home/rodrigo/zephyr-course_ram/twister-out/log_backend.h##d67999ebc60a28b05e53ce907e03ce75.gcov is included (trace)...
(DEBUG)   No filter matched.
(DEBUG) --> File is excluded.
(DEBUG) Finding source file corresponding to a gcov data file
  gcov_fname   /home/rodrigo/zephyr-course_ram/twister-out/log_backend.h##d67999ebc60a28b05e53ce907e03ce75.gcov
  current_dir  /home/rodrigo/zephyr-course_ram/twister-out
  root         /home/rodrigo/zephyr-course_ram/app/modules/ring_buf
  starting_dir /home/rodrigo/zephyr-course_ram
  obj_dir      /home/rodrigo/zephyr-course_ram/twister-out
  gcda_fname   native_sim_native/host_gnu/zephyr-course_ram/tests/ring_buf/homework.unit.ring_buf/zephyr/CMakeFiles/zephyr.dir/subsys/logging/log_core.c.gcda
  --> fname    /home/rodrigo/zephyrproject/zephyr/include/zephyr/logging/log_backend.h
(DEBUG) Check if /home/rodrigo/zephyrproject/zephyr/include/zephyr/logging/log_backend.h is included (source file)...
(DEBUG)   No filter matched.
(DEBUG) --> File is excluded.
(DEBUG) Check if /home/rodrigo/zephyr-course_ram/twister-out/kernel.h##2d3fbe341137ae796abdfaeb5a853926.gcov is included (trace)...
(DEBUG) --> File is excluded.
(DEBUG) Finding source file corresponding to a gcov data file
  gcov_fname   /home/rodrigo/zephyr-course_ram/twister-out/kernel.h##2d3fbe341137ae796abdfaeb5a853926.gcov
  current_dir  /home/rodrigo/zephyr-course_ram/twister-out
  root         /home/rodrigo/zephyr-course_ram/app/modules/ring_buf
  starting_dir /home/rodrigo/zephyr-course_ram
  obj_dir      /home/rodrigo/zephyr-course_ram/twister-out
  gcda_fname   native_sim_native/host_gnu/zephyr-course_ram/tests/ring_buf/homework.unit.ring_buf/zephyr/CMakeFiles/zephyr.dir/subsys/logging/log_core.c.gcda
  --> fname    /home/rodrigo/zephyrproject/zephyr/include/zephyr/kernel.h
(DEBUG) Check if /home/rodrigo/zephyrproject/zephyr/include/zephyr/kernel.h is included (source file)...
(DEBUG) --> File is excluded.
(DEBUG) Check if /home/rodrigo/zephyr-course_ram/twister-out/atomic_builtin.h##79da073a889296c4fcd3179c020012a3.gcov is included (trace)...
(DEBUG)   No filter matched.
(DEBUG) --> File is excluded.
(DEBUG) Finding source file corresponding to a gcov data file
  gcov_fname   /home/rodrigo/zephyr-course_ram/twister-out/atomic_builtin.h##79da073a889296c4fcd3179c020012a3.gcov
  current_dir  /home/rodrigo/zephyr-course_ram/twister-out
  root         /home/rodrigo/zephyr-course_ram/app/modules/ring_buf
  starting_dir /home/rodrigo/zephyr-course_ram
  obj_dir      /home/rodrigo/zephyr-course_ram/twister-out
  gcda_fname   native_sim_native/host_gnu/zephyr-course_ram/tests/ring_buf/homework.unit.ring_buf/zephyr/CMakeFiles/zephyr.dir/subsys/logging/log_core.c.gcda
  --> fname    /home/rodrigo/zephyrproject/zephyr/include/zephyr/sys/atomic_builtin.h
(DEBUG) Check if /home/rodrigo/zephyrproject/zephyr/include/zephyr/sys/atomic_builtin.h is included (source file)...
(DEBUG)   No filter matched.
(DEBUG) --> File is excluded.
(DEBUG) Check if /home/rodrigo/zephyr-course_ram/twister-out/kernel.h##33e25e586cdfb0cc7078a38f16ec62da.gcov is included (trace)...
(DEBUG) --> File is excluded.
(DEBUG) Finding source file corresponding to a gcov data file
  gcov_fname   /home/rodrigo/zephyr-course_ram/twister-out/kernel.h##33e25e586cdfb0cc7078a38f16ec62da.gcov
  current_dir  /home/rodrigo/zephyr-course_ram/twister-out
  root         /home/rodrigo/zephyr-course_ram/app/modules/ring_buf
  starting_dir /home/rodrigo/zephyr-course_ram
  obj_dir      /home/rodrigo/zephyr-course_ram/twister-out
  gcda_fname   native_sim_native/host_gnu/zephyr-course_ram/tests/ring_buf/homework.unit.ring_buf/zephyr/CMakeFiles/zephyr.dir/subsys/logging/log_core.c.gcda
  --> fname    /home/rodrigo/zephyr-course_ram/twister-out/native_sim_native/host_gnu/zephyr-course_ram/tests/ring_buf/homework.unit.ring_buf/zephyr/include/generated/zephyr/syscalls/kernel.h
(DEBUG) Check if /home/rodrigo/zephyr-course_ram/twister-out/native_sim_native/host_gnu/zephyr-course_ram/tests/ring_buf/homework.unit.ring_buf/zephyr/include/generated/zephyr/syscalls/kernel.h is included (source file)...
(DEBUG) --> File is excluded.
(DEBUG) Check if /home/rodrigo/zephyr-course_ram/twister-out/log_msg.h##fe60156c532143d1e30e21c32299f503.gcov is included (trace)...
(DEBUG) --> File is excluded.
(DEBUG) Finding source file corresponding to a gcov data file
  gcov_fname   /home/rodrigo/zephyr-course_ram/twister-out/log_msg.h##fe60156c532143d1e30e21c32299f503.gcov
  current_dir  /home/rodrigo/zephyr-course_ram/twister-out
  root         /home/rodrigo/zephyr-course_ram/app/modules/ring_buf
  starting_dir /home/rodrigo/zephyr-course_ram
  obj_dir      /home/rodrigo/zephyr-course_ram/twister-out
  gcda_fname   native_sim_native/host_gnu/zephyr-course_ram/tests/ring_buf/homework.unit.ring_buf/zephyr/CMakeFiles/zephyr.dir/subsys/logging/log_core.c.gcda
  --> fname    /home/rodrigo/zephyrproject/zephyr/include/zephyr/logging/log_msg.h
(DEBUG) Check if /home/rodrigo/zephyrproject/zephyr/include/zephyr/logging/log_msg.h is included (source file)...
(DEBUG) --> File is excluded.
(DEBUG) Check if /home/rodrigo/zephyr-course_ram/twister-out/log_ctrl.h##2da9817abb95ef06e14010bef9dae56e.gcov is included (trace)...
(DEBUG)   No filter matched.
(DEBUG) --> File is excluded.
(DEBUG) Finding source file corresponding to a gcov data file
  gcov_fname   /home/rodrigo/zephyr-course_ram/twister-out/log_ctrl.h##2da9817abb95ef06e14010bef9dae56e.gcov
  current_dir  /home/rodrigo/zephyr-course_ram/twister-out
  root         /home/rodrigo/zephyr-course_ram/app/modules/ring_buf
  starting_dir /home/rodrigo/zephyr-course_ram
  obj_dir      /home/rodrigo/zephyr-course_ram/twister-out
  gcda_fname   native_sim_native/host_gnu/zephyr-course_ram/tests/ring_buf/homework.unit.ring_buf/zephyr/CMakeFiles/zephyr.dir/subsys/logging/log_core.c.gcda
  --> fname    /home/rodrigo/zephyr-course_ram/twister-out/native_sim_native/host_gnu/zephyr-course_ram/tests/ring_buf/homework.unit.ring_buf/zephyr/include/generated/zephyr/syscalls/log_ctrl.h
(DEBUG) Check if /home/rodrigo/zephyr-course_ram/twister-out/native_sim_native/host_gnu/zephyr-course_ram/tests/ring_buf/homework.unit.ring_buf/zephyr/include/generated/zephyr/syscalls/log_ctrl.h is included (source file)...
(DEBUG)   No filter matched.
(DEBUG) --> File is excluded.
(DEBUG) Check if /home/rodrigo/zephyr-course_ram/twister-out/log_core.c##b8e8fec14398afcf22925f71eb1addd0.gcov is included (trace)...
(DEBUG)   No filter matched.
(DEBUG) --> File is excluded.
(DEBUG) Finding source file corresponding to a gcov data file
  gcov_fname   /home/rodrigo/zephyr-course_ram/twister-out/log_core.c##b8e8fec14398afcf22925f71eb1addd0.gcov
  current_dir  /home/rodrigo/zephyr-course_ram/twister-out
  root         /home/rodrigo/zephyr-course_ram/app/modules/ring_buf
  starting_dir /home/rodrigo/zephyr-course_ram
  obj_dir      /home/rodrigo/zephyr-course_ram/twister-out
  gcda_fname   native_sim_native/host_gnu/zephyr-course_ram/tests/ring_buf/homework.unit.ring_buf/zephyr/CMakeFiles/zephyr.dir/subsys/logging/log_core.c.gcda
  --> fname    /home/rodrigo/zephyrproject/zephyr/subsys/logging/log_core.c
(DEBUG) Check if /home/rodrigo/zephyrproject/zephyr/subsys/logging/log_core.c is included (source file)...
(DEBUG)   No filter matched.
(DEBUG) --> File is excluded.
(DEBUG) Check if /home/rodrigo/zephyr-course_ram/twister-out/arch.h##239ee5cbaf1f4f5309f62049e6f0de61.gcov is included (trace)...
(DEBUG) --> File is excluded.
(DEBUG) Finding source file corresponding to a gcov data file
  gcov_fname   /home/rodrigo/zephyr-course_ram/twister-out/arch.h##239ee5cbaf1f4f5309f62049e6f0de61.gcov
  current_dir  /home/rodrigo/zephyr-course_ram/twister-out
  root         /home/rodrigo/zephyr-course_ram/app/modules/ring_buf
  starting_dir /home/rodrigo/zephyr-course_ram
  obj_dir      /home/rodrigo/zephyr-course_ram/twister-out
  gcda_fname   native_sim_native/host_gnu/zephyr-course_ram/tests/ring_buf/homework.unit.ring_buf/zephyr/CMakeFiles/zephyr.dir/subsys/logging/log_core.c.gcda
  --> fname    /home/rodrigo/zephyrproject/zephyr/include/zephyr/arch/posix/arch.h
(DEBUG) Check if /home/rodrigo/zephyrproject/zephyr/include/zephyr/arch/posix/arch.h is included (source file)...
(DEBUG) --> File is excluded.
(DEBUG) Check if /home/rodrigo/zephyr-course_ram/twister-out/syscall.h##f78b8447055080e06b9c6a9c432569e6.gcov is included (trace)...
(DEBUG) --> File is excluded.
(DEBUG) Finding source file corresponding to a gcov data file
  gcov_fname   /home/rodrigo/zephyr-course_ram/twister-out/syscall.h##f78b8447055080e06b9c6a9c432569e6.gcov
  current_dir  /home/rodrigo/zephyr-course_ram/twister-out
  root         /home/rodrigo/zephyr-course_ram/app/modules/ring_buf
  starting_dir /home/rodrigo/zephyr-course_ram
  obj_dir      /home/rodrigo/zephyr-course_ram/twister-out
  gcda_fname   native_sim_native/host_gnu/zephyr-course_ram/tests/ring_buf/homework.unit.ring_buf/zephyr/CMakeFiles/zephyr.dir/subsys/logging/log_core.c.gcda
  --> fname    /home/rodrigo/zephyrproject/zephyr/include/zephyr/syscall.h
(DEBUG) Check if /home/rodrigo/zephyrproject/zephyr/include/zephyr/syscall.h is included (source file)...
(DEBUG) --> File is excluded.
(DEBUG) Check if /home/rodrigo/zephyr-course_ram/twister-out/spinlock.h##d84264fdde7bca8b949809fef8cbefdd.gcov is included (trace)...
(DEBUG) --> File is excluded.
(DEBUG) Finding source file corresponding to a gcov data file
  gcov_fname   /home/rodrigo/zephyr-course_ram/twister-out/spinlock.h##d84264fdde7bca8b949809fef8cbefdd.gcov
  current_dir  /home/rodrigo/zephyr-course_ram/twister-out
  root         /home/rodrigo/zephyr-course_ram/app/modules/ring_buf
  starting_dir /home/rodrigo/zephyr-course_ram
  obj_dir      /home/rodrigo/zephyr-course_ram/twister-out
  gcda_fname   native_sim_native/host_gnu/zephyr-course_ram/tests/ring_buf/homework.unit.ring_buf/zephyr/CMakeFiles/zephyr.dir/subsys/logging/log_core.c.gcda
  --> fname    /home/rodrigo/zephyrproject/zephyr/include/zephyr/spinlock.h
(DEBUG) Check if /home/rodrigo/zephyrproject/zephyr/include/zephyr/spinlock.h is included (source file)...
(DEBUG) --> File is excluded.
(DEBUG) Check if /home/rodrigo/zephyr-course_ram/twister-out/native_sim_native/host_gnu/zephyr-course_ram/tests/ring_buf/homework.unit.ring_buf/zephyr/CMakeFiles/zephyr.dir/subsys/logging/log_mgmt.c.gcda is included (trace)...
(DEBUG)   No filter matched.
(DEBUG) --> File is excluded.
(DEBUG) Check if /home/rodrigo/zephyr-course_ram/twister-out/native_sim_native/host_gnu/zephyr-course_ram/tests/ring_buf/homework.unit.ring_buf/zephyr/CMakeFiles/zephyr.dir/subsys/logging/log_mgmt.c.gcda is included (trace)...
(DEBUG) --> File is excluded.
(DEBUG) Check if log_mgmt.c##1ceed62e9ff5ca1298e22fe743ca2b5f.gcov is included (gcov file)...
(DEBUG)   Filter AlwaysMatchFilter() matched.
(DEBUG) --> File is included.
(DEBUG) Check if log_link.h##fbd77651b50e14be11e97978d3d770bd.gcov is included (gcov file)...
(DEBUG)   Filter AlwaysMatchFilter() matched.
(DEBUG) --> File is included.
(DEBUG) Check if log_ctrl.h##2da9817abb95ef06e14010bef9dae56e.gcov is included (gcov file)...
(DEBUG) --> File is included.
(DEBUG) Check if log_backend.h##d67999ebc60a28b05e53ce907e03ce75.gcov is included (gcov file)...
(DEBUG) --> File is included.
(DEBUG) Check if log_internal.h##530ca66d4d87e167cac601b7ca4f1bc4.gcov is included (gcov file)...
(DEBUG)   Filter AlwaysMatchFilter() matched.
(DEBUG) --> File is included.
(DEBUG) Check if log_core.h##29ab2e64b43f28b63c826b995da45413.gcov is included (gcov file)...
(DEBUG)   Filter AlwaysMatchFilter() matched.
(DEBUG) --> File is included.
(DEBUG) Check if /home/rodrigo/zephyr-course_ram/twister-out/log_backend.h##d67999ebc60a28b05e53ce907e03ce75.gcov is included (trace)...
(DEBUG) --> File is excluded.
(DEBUG) Finding source file corresponding to a gcov data file
  gcov_fname   /home/rodrigo/zephyr-course_ram/twister-out/log_backend.h##d67999ebc60a28b05e53ce907e03ce75.gcov
  current_dir  /home/rodrigo/zephyr-course_ram/twister-out
  root         /home/rodrigo/zephyr-course_ram/app/modules/ring_buf
  starting_dir /home/rodrigo/zephyr-course_ram
  obj_dir      /home/rodrigo/zephyr-course_ram/twister-out
  gcda_fname   native_sim_native/host_gnu/zephyr-course_ram/tests/ring_buf/homework.unit.ring_buf/zephyr/CMakeFiles/zephyr.dir/subsys/logging/log_mgmt.c.gcda
  --> fname    /home/rodrigo/zephyrproject/zephyr/include/zephyr/logging/log_backend.h
(DEBUG) Check if /home/rodrigo/zephyrproject/zephyr/include/zephyr/logging/log_backend.h is included (source file)...
(DEBUG) --> File is excluded.
(DEBUG) Check if /home/rodrigo/zephyr-course_ram/twister-out/log_internal.h##530ca66d4d87e167cac601b7ca4f1bc4.gcov is included (trace)...
(DEBUG)   No filter matched.
(DEBUG) --> File is excluded.
(DEBUG) Finding source file corresponding to a gcov data file
  gcov_fname   /home/rodrigo/zephyr-course_ram/twister-out/log_internal.h##530ca66d4d87e167cac601b7ca4f1bc4.gcov
  current_dir  /home/rodrigo/zephyr-course_ram/twister-out
  root         /home/rodrigo/zephyr-course_ram/app/modules/ring_buf
  starting_dir /home/rodrigo/zephyr-course_ram
  obj_dir      /home/rodrigo/zephyr-course_ram/twister-out
  gcda_fname   native_sim_native/host_gnu/zephyr-course_ram/tests/ring_buf/homework.unit.ring_buf/zephyr/CMakeFiles/zephyr.dir/subsys/logging/log_mgmt.c.gcda
  --> fname    /home/rodrigo/zephyrproject/zephyr/include/zephyr/logging/log_internal.h
(DEBUG) Check if /home/rodrigo/zephyrproject/zephyr/include/zephyr/logging/log_internal.h is included (source file)...
(DEBUG)   No filter matched.
(DEBUG) --> File is excluded.
(DEBUG) Check if /home/rodrigo/zephyr-course_ram/twister-out/log_core.h##29ab2e64b43f28b63c826b995da45413.gcov is included (trace)...
(DEBUG)   No filter matched.
(DEBUG) --> File is excluded.
(DEBUG) Finding source file corresponding to a gcov data file
  gcov_fname   /home/rodrigo/zephyr-course_ram/twister-out/log_core.h##29ab2e64b43f28b63c826b995da45413.gcov
  current_dir  /home/rodrigo/zephyr-course_ram/twister-out
  root         /home/rodrigo/zephyr-course_ram/app/modules/ring_buf
  starting_dir /home/rodrigo/zephyr-course_ram
  obj_dir      /home/rodrigo/zephyr-course_ram/twister-out
  gcda_fname   native_sim_native/host_gnu/zephyr-course_ram/tests/ring_buf/homework.unit.ring_buf/zephyr/CMakeFiles/zephyr.dir/subsys/logging/log_mgmt.c.gcda
  --> fname    /home/rodrigo/zephyrproject/zephyr/include/zephyr/logging/log_core.h
(DEBUG) Check if /home/rodrigo/zephyrproject/zephyr/include/zephyr/logging/log_core.h is included (source file)...
(DEBUG)   No filter matched.
(DEBUG) --> File is excluded.
(DEBUG) Check if /home/rodrigo/zephyr-course_ram/twister-out/log_mgmt.c##1ceed62e9ff5ca1298e22fe743ca2b5f.gcov is included (trace)...
(DEBUG)   No filter matched.
(DEBUG) --> File is excluded.
(DEBUG) Finding source file corresponding to a gcov data file
  gcov_fname   /home/rodrigo/zephyr-course_ram/twister-out/log_mgmt.c##1ceed62e9ff5ca1298e22fe743ca2b5f.gcov
  current_dir  /home/rodrigo/zephyr-course_ram/twister-out
  root         /home/rodrigo/zephyr-course_ram/app/modules/ring_buf
  starting_dir /home/rodrigo/zephyr-course_ram
  obj_dir      /home/rodrigo/zephyr-course_ram/twister-out
  gcda_fname   native_sim_native/host_gnu/zephyr-course_ram/tests/ring_buf/homework.unit.ring_buf/zephyr/CMakeFiles/zephyr.dir/subsys/logging/log_mgmt.c.gcda
  --> fname    /home/rodrigo/zephyrproject/zephyr/subsys/logging/log_mgmt.c
(DEBUG) Check if /home/rodrigo/zephyrproject/zephyr/subsys/logging/log_mgmt.c is included (source file)...
(DEBUG)   No filter matched.
(DEBUG) --> File is excluded.
(DEBUG) Check if /home/rodrigo/zephyr-course_ram/twister-out/log_ctrl.h##2da9817abb95ef06e14010bef9dae56e.gcov is included (trace)...
(DEBUG) --> File is excluded.
(DEBUG) Finding source file corresponding to a gcov data file
  gcov_fname   /home/rodrigo/zephyr-course_ram/twister-out/log_ctrl.h##2da9817abb95ef06e14010bef9dae56e.gcov
  current_dir  /home/rodrigo/zephyr-course_ram/twister-out
  root         /home/rodrigo/zephyr-course_ram/app/modules/ring_buf
  starting_dir /home/rodrigo/zephyr-course_ram
  obj_dir      /home/rodrigo/zephyr-course_ram/twister-out
  gcda_fname   native_sim_native/host_gnu/zephyr-course_ram/tests/ring_buf/homework.unit.ring_buf/zephyr/CMakeFiles/zephyr.dir/subsys/logging/log_mgmt.c.gcda
  --> fname    /home/rodrigo/zephyr-course_ram/twister-out/native_sim_native/host_gnu/zephyr-course_ram/tests/ring_buf/homework.unit.ring_buf/zephyr/include/generated/zephyr/syscalls/log_ctrl.h
(DEBUG) Check if /home/rodrigo/zephyr-course_ram/twister-out/native_sim_native/host_gnu/zephyr-course_ram/tests/ring_buf/homework.unit.ring_buf/zephyr/include/generated/zephyr/syscalls/log_ctrl.h is included (source file)...
(DEBUG) --> File is excluded.
(DEBUG) Check if /home/rodrigo/zephyr-course_ram/twister-out/log_link.h##fbd77651b50e14be11e97978d3d770bd.gcov is included (trace)...
(DEBUG)   No filter matched.
(DEBUG) --> File is excluded.
(DEBUG) Finding source file corresponding to a gcov data file
  gcov_fname   /home/rodrigo/zephyr-course_ram/twister-out/log_link.h##fbd77651b50e14be11e97978d3d770bd.gcov
  current_dir  /home/rodrigo/zephyr-course_ram/twister-out
  root         /home/rodrigo/zephyr-course_ram/app/modules/ring_buf
  starting_dir /home/rodrigo/zephyr-course_ram
  obj_dir      /home/rodrigo/zephyr-course_ram/twister-out
  gcda_fname   native_sim_native/host_gnu/zephyr-course_ram/tests/ring_buf/homework.unit.ring_buf/zephyr/CMakeFiles/zephyr.dir/subsys/logging/log_mgmt.c.gcda
  --> fname    /home/rodrigo/zephyrproject/zephyr/include/zephyr/logging/log_link.h
(DEBUG) Check if /home/rodrigo/zephyrproject/zephyr/include/zephyr/logging/log_link.h is included (source file)...
(DEBUG)   No filter matched.
(DEBUG) --> File is excluded.
(DEBUG) Check if /home/rodrigo/zephyr-course_ram/twister-out/native_sim_native/host_gnu/zephyr-course_ram/tests/ring_buf/homework.unit.ring_buf/zephyr/CMakeFiles/zephyr.dir/subsys/logging/log_msg.c.gcda is included (trace)...
(DEBUG)   No filter matched.
(DEBUG) --> File is excluded.
(DEBUG) Check if /home/rodrigo/zephyr-course_ram/twister-out/native_sim_native/host_gnu/zephyr-course_ram/tests/ring_buf/homework.unit.ring_buf/zephyr/CMakeFiles/zephyr.dir/subsys/logging/log_msg.c.gcda is included (trace)...
(DEBUG) --> File is excluded.
(DEBUG) Check if log_msg.c##a155c567c22fa34fcdc55a1325680e7c.gcov is included (gcov file)...
(DEBUG)   Filter AlwaysMatchFilter() matched.
(DEBUG) --> File is included.
(DEBUG) Check if log_internal.h##530ca66d4d87e167cac601b7ca4f1bc4.gcov is included (gcov file)...
(DEBUG) --> File is included.
(DEBUG) Check if log_core.h##29ab2e64b43f28b63c826b995da45413.gcov is included (gcov file)...
(DEBUG) --> File is included.
(DEBUG) Check if log_msg.h##f0ef91a28a5c8f8938740200e8814949.gcov is included (gcov file)...
(DEBUG)   Filter AlwaysMatchFilter() matched.
(DEBUG) --> File is included.
(DEBUG) Check if log_msg.h##fe60156c532143d1e30e21c32299f503.gcov is included (gcov file)...
(DEBUG) --> File is included.
(DEBUG) Check if cbprintf.h##861664753c94dde883f49830f3034215.gcov is included (gcov file)...
(DEBUG) --> File is included.
(DEBUG) Check if syscall.h##f78b8447055080e06b9c6a9c432569e6.gcov is included (gcov file)...
(DEBUG) --> File is included.
(DEBUG) Check if /home/rodrigo/zephyr-course_ram/twister-out/log_internal.h##530ca66d4d87e167cac601b7ca4f1bc4.gcov is included (trace)...
(DEBUG) --> File is excluded.
(DEBUG) Finding source file corresponding to a gcov data file
  gcov_fname   /home/rodrigo/zephyr-course_ram/twister-out/log_internal.h##530ca66d4d87e167cac601b7ca4f1bc4.gcov
  current_dir  /home/rodrigo/zephyr-course_ram/twister-out
  root         /home/rodrigo/zephyr-course_ram/app/modules/ring_buf
  starting_dir /home/rodrigo/zephyr-course_ram
  obj_dir      /home/rodrigo/zephyr-course_ram/twister-out
  gcda_fname   native_sim_native/host_gnu/zephyr-course_ram/tests/ring_buf/homework.unit.ring_buf/zephyr/CMakeFiles/zephyr.dir/subsys/logging/log_msg.c.gcda
  --> fname    /home/rodrigo/zephyrproject/zephyr/include/zephyr/logging/log_internal.h
(DEBUG) Check if /home/rodrigo/zephyrproject/zephyr/include/zephyr/logging/log_internal.h is included (source file)...
(DEBUG) --> File is excluded.
(DEBUG) Check if /home/rodrigo/zephyr-course_ram/twister-out/log_msg.h##fe60156c532143d1e30e21c32299f503.gcov is included (trace)...
(DEBUG) --> File is excluded.
(DEBUG) Finding source file corresponding to a gcov data file
  gcov_fname   /home/rodrigo/zephyr-course_ram/twister-out/log_msg.h##fe60156c532143d1e30e21c32299f503.gcov
  current_dir  /home/rodrigo/zephyr-course_ram/twister-out
  root         /home/rodrigo/zephyr-course_ram/app/modules/ring_buf
  starting_dir /home/rodrigo/zephyr-course_ram
  obj_dir      /home/rodrigo/zephyr-course_ram/twister-out
  gcda_fname   native_sim_native/host_gnu/zephyr-course_ram/tests/ring_buf/homework.unit.ring_buf/zephyr/CMakeFiles/zephyr.dir/subsys/logging/log_msg.c.gcda
  --> fname    /home/rodrigo/zephyrproject/zephyr/include/zephyr/logging/log_msg.h
(DEBUG) Check if /home/rodrigo/zephyrproject/zephyr/include/zephyr/logging/log_msg.h is included (source file)...
(DEBUG) --> File is excluded.
(DEBUG) Check if /home/rodrigo/zephyr-course_ram/twister-out/log_core.h##29ab2e64b43f28b63c826b995da45413.gcov is included (trace)...
(DEBUG) --> File is excluded.
(DEBUG) Finding source file corresponding to a gcov data file
  gcov_fname   /home/rodrigo/zephyr-course_ram/twister-out/log_core.h##29ab2e64b43f28b63c826b995da45413.gcov
  current_dir  /home/rodrigo/zephyr-course_ram/twister-out
  root         /home/rodrigo/zephyr-course_ram/app/modules/ring_buf
  starting_dir /home/rodrigo/zephyr-course_ram
  obj_dir      /home/rodrigo/zephyr-course_ram/twister-out
  gcda_fname   native_sim_native/host_gnu/zephyr-course_ram/tests/ring_buf/homework.unit.ring_buf/zephyr/CMakeFiles/zephyr.dir/subsys/logging/log_msg.c.gcda
  --> fname    /home/rodrigo/zephyrproject/zephyr/include/zephyr/logging/log_core.h
(DEBUG) Check if /home/rodrigo/zephyrproject/zephyr/include/zephyr/logging/log_core.h is included (source file)...
(DEBUG) --> File is excluded.
(DEBUG) Check if /home/rodrigo/zephyr-course_ram/twister-out/log_msg.h##f0ef91a28a5c8f8938740200e8814949.gcov is included (trace)...
(DEBUG)   No filter matched.
(DEBUG) --> File is excluded.
(DEBUG) Finding source file corresponding to a gcov data file
  gcov_fname   /home/rodrigo/zephyr-course_ram/twister-out/log_msg.h##f0ef91a28a5c8f8938740200e8814949.gcov
  current_dir  /home/rodrigo/zephyr-course_ram/twister-out
  root         /home/rodrigo/zephyr-course_ram/app/modules/ring_buf
  starting_dir /home/rodrigo/zephyr-course_ram
  obj_dir      /home/rodrigo/zephyr-course_ram/twister-out
  gcda_fname   native_sim_native/host_gnu/zephyr-course_ram/tests/ring_buf/homework.unit.ring_buf/zephyr/CMakeFiles/zephyr.dir/subsys/logging/log_msg.c.gcda
  --> fname    /home/rodrigo/zephyr-course_ram/twister-out/native_sim_native/host_gnu/zephyr-course_ram/tests/ring_buf/homework.unit.ring_buf/zephyr/include/generated/zephyr/syscalls/log_msg.h
(DEBUG) Check if /home/rodrigo/zephyr-course_ram/twister-out/native_sim_native/host_gnu/zephyr-course_ram/tests/ring_buf/homework.unit.ring_buf/zephyr/include/generated/zephyr/syscalls/log_msg.h is included (source file)...
(DEBUG)   No filter matched.
(DEBUG) --> File is excluded.
(DEBUG) Check if /home/rodrigo/zephyr-course_ram/twister-out/log_msg.c##a155c567c22fa34fcdc55a1325680e7c.gcov is included (trace)...
(DEBUG)   No filter matched.
(DEBUG) --> File is excluded.
(DEBUG) Finding source file corresponding to a gcov data file
  gcov_fname   /home/rodrigo/zephyr-course_ram/twister-out/log_msg.c##a155c567c22fa34fcdc55a1325680e7c.gcov
  current_dir  /home/rodrigo/zephyr-course_ram/twister-out
  root         /home/rodrigo/zephyr-course_ram/app/modules/ring_buf
  starting_dir /home/rodrigo/zephyr-course_ram
  obj_dir      /home/rodrigo/zephyr-course_ram/twister-out
  gcda_fname   native_sim_native/host_gnu/zephyr-course_ram/tests/ring_buf/homework.unit.ring_buf/zephyr/CMakeFiles/zephyr.dir/subsys/logging/log_msg.c.gcda
  --> fname    /home/rodrigo/zephyrproject/zephyr/subsys/logging/log_msg.c
(DEBUG) Check if /home/rodrigo/zephyrproject/zephyr/subsys/logging/log_msg.c is included (source file)...
(DEBUG)   No filter matched.
(DEBUG) --> File is excluded.
(DEBUG) Check if /home/rodrigo/zephyr-course_ram/twister-out/cbprintf.h##861664753c94dde883f49830f3034215.gcov is included (trace)...
(DEBUG) --> File is excluded.
(DEBUG) Finding source file corresponding to a gcov data file
  gcov_fname   /home/rodrigo/zephyr-course_ram/twister-out/cbprintf.h##861664753c94dde883f49830f3034215.gcov
  current_dir  /home/rodrigo/zephyr-course_ram/twister-out
  root         /home/rodrigo/zephyr-course_ram/app/modules/ring_buf
  starting_dir /home/rodrigo/zephyr-course_ram
  obj_dir      /home/rodrigo/zephyr-course_ram/twister-out
  gcda_fname   native_sim_native/host_gnu/zephyr-course_ram/tests/ring_buf/homework.unit.ring_buf/zephyr/CMakeFiles/zephyr.dir/subsys/logging/log_msg.c.gcda
  --> fname    /home/rodrigo/zephyrproject/zephyr/include/zephyr/sys/cbprintf.h
(DEBUG) Check if /home/rodrigo/zephyrproject/zephyr/include/zephyr/sys/cbprintf.h is included (source file)...
(DEBUG) --> File is excluded.
(DEBUG) Check if /home/rodrigo/zephyr-course_ram/twister-out/syscall.h##f78b8447055080e06b9c6a9c432569e6.gcov is included (trace)...
(DEBUG) --> File is excluded.
(DEBUG) Finding source file corresponding to a gcov data file
  gcov_fname   /home/rodrigo/zephyr-course_ram/twister-out/syscall.h##f78b8447055080e06b9c6a9c432569e6.gcov
  current_dir  /home/rodrigo/zephyr-course_ram/twister-out
  root         /home/rodrigo/zephyr-course_ram/app/modules/ring_buf
  starting_dir /home/rodrigo/zephyr-course_ram
  obj_dir      /home/rodrigo/zephyr-course_ram/twister-out
  gcda_fname   native_sim_native/host_gnu/zephyr-course_ram/tests/ring_buf/homework.unit.ring_buf/zephyr/CMakeFiles/zephyr.dir/subsys/logging/log_msg.c.gcda
  --> fname    /home/rodrigo/zephyrproject/zephyr/include/zephyr/syscall.h
(DEBUG) Check if /home/rodrigo/zephyrproject/zephyr/include/zephyr/syscall.h is included (source file)...
(DEBUG) --> File is excluded.
(DEBUG) Check if /home/rodrigo/zephyr-course_ram/twister-out/native_sim_native/host_gnu/zephyr-course_ram/tests/ring_buf/homework.unit.ring_buf/zephyr/CMakeFiles/zephyr.dir/subsys/logging/log_output.c.gcda is included (trace)...
(DEBUG)   No filter matched.
(DEBUG) --> File is excluded.
(DEBUG) Check if /home/rodrigo/zephyr-course_ram/twister-out/native_sim_native/host_gnu/zephyr-course_ram/tests/ring_buf/homework.unit.ring_buf/zephyr/CMakeFiles/zephyr.dir/subsys/logging/log_output.c.gcda is included (trace)...
(DEBUG) --> File is excluded.
(DEBUG) Check if log_output.c##a91c858cd92139432024942b0315e5f8.gcov is included (gcov file)...
(DEBUG)   Filter AlwaysMatchFilter() matched.
(DEBUG) --> File is included.
(DEBUG) Check if log_output.h##d7c74775aa6ec680a2084101274e2263.gcov is included (gcov file)...
(DEBUG) --> File is included.
(DEBUG) Check if log_msg.h##fe60156c532143d1e30e21c32299f503.gcov is included (gcov file)...
(DEBUG) --> File is included.
(DEBUG) Check if cbprintf.h##861664753c94dde883f49830f3034215.gcov is included (gcov file)...
(DEBUG) --> File is included.
(DEBUG) Check if /home/rodrigo/zephyr-course_ram/twister-out/cbprintf.h##861664753c94dde883f49830f3034215.gcov is included (trace)...
(DEBUG) --> File is excluded.
(DEBUG) Finding source file corresponding to a gcov data file
  gcov_fname   /home/rodrigo/zephyr-course_ram/twister-out/cbprintf.h##861664753c94dde883f49830f3034215.gcov
  current_dir  /home/rodrigo/zephyr-course_ram/twister-out
  root         /home/rodrigo/zephyr-course_ram/app/modules/ring_buf
  starting_dir /home/rodrigo/zephyr-course_ram
  obj_dir      /home/rodrigo/zephyr-course_ram/twister-out
  gcda_fname   native_sim_native/host_gnu/zephyr-course_ram/tests/ring_buf/homework.unit.ring_buf/zephyr/CMakeFiles/zephyr.dir/subsys/logging/log_output.c.gcda
  --> fname    /home/rodrigo/zephyrproject/zephyr/include/zephyr/sys/cbprintf.h
(DEBUG) Check if /home/rodrigo/zephyrproject/zephyr/include/zephyr/sys/cbprintf.h is included (source file)...
(DEBUG) --> File is excluded.
(DEBUG) Check if /home/rodrigo/zephyr-course_ram/twister-out/log_msg.h##fe60156c532143d1e30e21c32299f503.gcov is included (trace)...
(DEBUG) --> File is excluded.
(DEBUG) Finding source file corresponding to a gcov data file
  gcov_fname   /home/rodrigo/zephyr-course_ram/twister-out/log_msg.h##fe60156c532143d1e30e21c32299f503.gcov
  current_dir  /home/rodrigo/zephyr-course_ram/twister-out
  root         /home/rodrigo/zephyr-course_ram/app/modules/ring_buf
  starting_dir /home/rodrigo/zephyr-course_ram
  obj_dir      /home/rodrigo/zephyr-course_ram/twister-out
  gcda_fname   native_sim_native/host_gnu/zephyr-course_ram/tests/ring_buf/homework.unit.ring_buf/zephyr/CMakeFiles/zephyr.dir/subsys/logging/log_output.c.gcda
  --> fname    /home/rodrigo/zephyrproject/zephyr/include/zephyr/logging/log_msg.h
(DEBUG) Check if /home/rodrigo/zephyrproject/zephyr/include/zephyr/logging/log_msg.h is included (source file)...
(DEBUG) --> File is excluded.
(DEBUG) Check if /home/rodrigo/zephyr-course_ram/twister-out/log_output.h##d7c74775aa6ec680a2084101274e2263.gcov is included (trace)...
(DEBUG) --> File is excluded.
(DEBUG) Finding source file corresponding to a gcov data file
  gcov_fname   /home/rodrigo/zephyr-course_ram/twister-out/log_output.h##d7c74775aa6ec680a2084101274e2263.gcov
  current_dir  /home/rodrigo/zephyr-course_ram/twister-out
  root         /home/rodrigo/zephyr-course_ram/app/modules/ring_buf
  starting_dir /home/rodrigo/zephyr-course_ram
  obj_dir      /home/rodrigo/zephyr-course_ram/twister-out
  gcda_fname   native_sim_native/host_gnu/zephyr-course_ram/tests/ring_buf/homework.unit.ring_buf/zephyr/CMakeFiles/zephyr.dir/subsys/logging/log_output.c.gcda
  --> fname    /home/rodrigo/zephyrproject/zephyr/include/zephyr/logging/log_output.h
(DEBUG) Check if /home/rodrigo/zephyrproject/zephyr/include/zephyr/logging/log_output.h is included (source file)...
(DEBUG) --> File is excluded.
(DEBUG) Check if /home/rodrigo/zephyr-course_ram/twister-out/log_output.c##a91c858cd92139432024942b0315e5f8.gcov is included (trace)...
(DEBUG)   No filter matched.
(DEBUG) --> File is excluded.
(DEBUG) Finding source file corresponding to a gcov data file
  gcov_fname   /home/rodrigo/zephyr-course_ram/twister-out/log_output.c##a91c858cd92139432024942b0315e5f8.gcov
  current_dir  /home/rodrigo/zephyr-course_ram/twister-out
  root         /home/rodrigo/zephyr-course_ram/app/modules/ring_buf
  starting_dir /home/rodrigo/zephyr-course_ram
  obj_dir      /home/rodrigo/zephyr-course_ram/twister-out
  gcda_fname   native_sim_native/host_gnu/zephyr-course_ram/tests/ring_buf/homework.unit.ring_buf/zephyr/CMakeFiles/zephyr.dir/subsys/logging/log_output.c.gcda
  --> fname    /home/rodrigo/zephyrproject/zephyr/subsys/logging/log_output.c
(DEBUG) Check if /home/rodrigo/zephyrproject/zephyr/subsys/logging/log_output.c is included (source file)...
(DEBUG)   No filter matched.
(DEBUG) --> File is excluded.
(DEBUG) Check if /home/rodrigo/zephyr-course_ram/twister-out/native_sim_native/host_gnu/zephyr-course_ram/tests/ring_buf/homework.unit.ring_buf/zephyr/CMakeFiles/zephyr.dir/subsys/tracing/tracing_none.c.gcda is included (trace)...
(DEBUG)   No filter matched.
(DEBUG) --> File is excluded.
(DEBUG) Check if /home/rodrigo/zephyr-course_ram/twister-out/native_sim_native/host_gnu/zephyr-course_ram/tests/ring_buf/homework.unit.ring_buf/zephyr/CMakeFiles/zephyr.dir/subsys/tracing/tracing_none.c.gcda is included (trace)...
(DEBUG) --> File is excluded.
(DEBUG) Check if tracing_none.c##d72a8932e904289d244dd22dc477bbd9.gcov is included (gcov file)...
(DEBUG)   Filter AlwaysMatchFilter() matched.
(DEBUG) --> File is included.
(DEBUG) Check if /home/rodrigo/zephyr-course_ram/twister-out/tracing_none.c##d72a8932e904289d244dd22dc477bbd9.gcov is included (trace)...
(DEBUG)   No filter matched.
(DEBUG) --> File is excluded.
(DEBUG) Finding source file corresponding to a gcov data file
  gcov_fname   /home/rodrigo/zephyr-course_ram/twister-out/tracing_none.c##d72a8932e904289d244dd22dc477bbd9.gcov
  current_dir  /home/rodrigo/zephyr-course_ram/twister-out
  root         /home/rodrigo/zephyr-course_ram/app/modules/ring_buf
  starting_dir /home/rodrigo/zephyr-course_ram
  obj_dir      /home/rodrigo/zephyr-course_ram/twister-out
  gcda_fname   native_sim_native/host_gnu/zephyr-course_ram/tests/ring_buf/homework.unit.ring_buf/zephyr/CMakeFiles/zephyr.dir/subsys/tracing/tracing_none.c.gcda
  --> fname    /home/rodrigo/zephyrproject/zephyr/subsys/tracing/tracing_none.c
(DEBUG) Check if /home/rodrigo/zephyrproject/zephyr/subsys/tracing/tracing_none.c is included (source file)...
(DEBUG)   No filter matched.
(DEBUG) --> File is excluded.
(DEBUG) Check if /home/rodrigo/zephyr-course_ram/twister-out/native_sim_native/host_gnu/zephyr-course_ram/tests/ring_buf/homework.unit.ring_buf/zephyr/CMakeFiles/zephyr_pre0.dir/misc/empty_file.c.gcno is included (trace)...
(DEBUG)   No filter matched.
(DEBUG) --> File is excluded.
(DEBUG) Check if /home/rodrigo/zephyr-course_ram/twister-out/native_sim_native/host_gnu/zephyr-course_ram/tests/ring_buf/homework.unit.ring_buf/zephyr/CMakeFiles/zephyr_pre0.dir/misc/empty_file.c.gcno is included (trace)...
(DEBUG) --> File is excluded.
(DEBUG) Check if /home/rodrigo/zephyr-course_ram/twister-out/native_sim_native/host_gnu/zephyr-course_ram/tests/ring_buf/homework.unit.ring_buf/zephyr/NSI/common/src/main.gcda is included (trace)...
(DEBUG)   No filter matched.
(DEBUG) --> File is excluded.
(DEBUG) Check if /home/rodrigo/zephyr-course_ram/twister-out/native_sim_native/host_gnu/zephyr-course_ram/tests/ring_buf/homework.unit.ring_buf/zephyr/NSI/common/src/main.gcda is included (trace)...
(DEBUG) --> File is excluded.
(DEBUG) Check if main.c##49e356bcb9c52cd734d6320142ae2b12.gcov is included (gcov file)...
(DEBUG)   Filter AlwaysMatchFilter() matched.
(DEBUG) --> File is included.
(DEBUG) Check if nsi_hw_scheduler.h##4ea4297b01c8f016214cbe6a62a9f096.gcov is included (gcov file)...
(DEBUG)   Filter AlwaysMatchFilter() matched.
(DEBUG) --> File is included.
(DEBUG) Check if /home/rodrigo/zephyr-course_ram/twister-out/nsi_hw_scheduler.h##4ea4297b01c8f016214cbe6a62a9f096.gcov is included (trace)...
(DEBUG)   No filter matched.
(DEBUG) --> File is excluded.
(DEBUG) Finding source file corresponding to a gcov data file
  gcov_fname   /home/rodrigo/zephyr-course_ram/twister-out/nsi_hw_scheduler.h##4ea4297b01c8f016214cbe6a62a9f096.gcov
  current_dir  /home/rodrigo/zephyr-course_ram/twister-out
  root         /home/rodrigo/zephyr-course_ram/app/modules/ring_buf
  starting_dir /home/rodrigo/zephyr-course_ram
  obj_dir      /home/rodrigo/zephyr-course_ram/twister-out
  gcda_fname   native_sim_native/host_gnu/zephyr-course_ram/tests/ring_buf/homework.unit.ring_buf/zephyr/NSI/common/src/main.gcda
  --> fname    /home/rodrigo/zephyrproject/zephyr/scripts/native_simulator/common/src/include/nsi_hw_scheduler.h
(DEBUG) Check if /home/rodrigo/zephyrproject/zephyr/scripts/native_simulator/common/src/include/nsi_hw_scheduler.h is included (source file)...
(DEBUG)   No filter matched.
(DEBUG) --> File is excluded.
(DEBUG) Check if /home/rodrigo/zephyr-course_ram/twister-out/main.c##49e356bcb9c52cd734d6320142ae2b12.gcov is included (trace)...
(DEBUG)   No filter matched.
(DEBUG) --> File is excluded.
(DEBUG) Finding source file corresponding to a gcov data file
  gcov_fname   /home/rodrigo/zephyr-course_ram/twister-out/main.c##49e356bcb9c52cd734d6320142ae2b12.gcov
  current_dir  /home/rodrigo/zephyr-course_ram/twister-out
  root         /home/rodrigo/zephyr-course_ram/app/modules/ring_buf
  starting_dir /home/rodrigo/zephyr-course_ram
  obj_dir      /home/rodrigo/zephyr-course_ram/twister-out
  gcda_fname   native_sim_native/host_gnu/zephyr-course_ram/tests/ring_buf/homework.unit.ring_buf/zephyr/NSI/common/src/main.gcda
  --> fname    /home/rodrigo/zephyrproject/zephyr/scripts/native_simulator/common/src/main.c
(DEBUG) Check if /home/rodrigo/zephyrproject/zephyr/scripts/native_simulator/common/src/main.c is included (source file)...
(DEBUG)   No filter matched.
(DEBUG) --> File is excluded.
(DEBUG) Check if /home/rodrigo/zephyr-course_ram/twister-out/native_sim_native/host_gnu/zephyr-course_ram/tests/ring_buf/homework.unit.ring_buf/zephyr/NSI/common/src/nce.gcda is included (trace)...
(DEBUG)   No filter matched.
(DEBUG) --> File is excluded.
(DEBUG) Check if /home/rodrigo/zephyr-course_ram/twister-out/native_sim_native/host_gnu/zephyr-course_ram/tests/ring_buf/homework.unit.ring_buf/zephyr/NSI/common/src/nce.gcda is included (trace)...
(DEBUG) --> File is excluded.
(DEBUG) Check if nce.c##e0cbb4125fe3b086d2a167693ecbde93.gcov is included (gcov file)...
(DEBUG)   Filter AlwaysMatchFilter() matched.
(DEBUG) --> File is included.
(DEBUG) Check if nsi_safe_call.h##f4d8c4962d293ec098f4852da599ef6e.gcov is included (gcov file)...
(DEBUG)   Filter AlwaysMatchFilter() matched.
(DEBUG) --> File is included.
(DEBUG) Check if /home/rodrigo/zephyr-course_ram/twister-out/nsi_safe_call.h##f4d8c4962d293ec098f4852da599ef6e.gcov is included (trace)...
(DEBUG)   No filter matched.
(DEBUG) --> File is excluded.
(DEBUG) Finding source file corresponding to a gcov data file
  gcov_fname   /home/rodrigo/zephyr-course_ram/twister-out/nsi_safe_call.h##f4d8c4962d293ec098f4852da599ef6e.gcov
  current_dir  /home/rodrigo/zephyr-course_ram/twister-out
  root         /home/rodrigo/zephyr-course_ram/app/modules/ring_buf
  starting_dir /home/rodrigo/zephyr-course_ram
  obj_dir      /home/rodrigo/zephyr-course_ram/twister-out
  gcda_fname   native_sim_native/host_gnu/zephyr-course_ram/tests/ring_buf/homework.unit.ring_buf/zephyr/NSI/common/src/nce.gcda
  --> fname    /home/rodrigo/zephyrproject/zephyr/scripts/native_simulator/common/src/nsi_safe_call.h
(DEBUG) Check if /home/rodrigo/zephyrproject/zephyr/scripts/native_simulator/common/src/nsi_safe_call.h is included (source file)...
(DEBUG)   No filter matched.
(DEBUG) --> File is excluded.
(DEBUG) Check if /home/rodrigo/zephyr-course_ram/twister-out/nce.c##e0cbb4125fe3b086d2a167693ecbde93.gcov is included (trace)...
(DEBUG)   No filter matched.
(DEBUG) --> File is excluded.
(DEBUG) Finding source file corresponding to a gcov data file
  gcov_fname   /home/rodrigo/zephyr-course_ram/twister-out/nce.c##e0cbb4125fe3b086d2a167693ecbde93.gcov
  current_dir  /home/rodrigo/zephyr-course_ram/twister-out
  root         /home/rodrigo/zephyr-course_ram/app/modules/ring_buf
  starting_dir /home/rodrigo/zephyr-course_ram
  obj_dir      /home/rodrigo/zephyr-course_ram/twister-out
  gcda_fname   native_sim_native/host_gnu/zephyr-course_ram/tests/ring_buf/homework.unit.ring_buf/zephyr/NSI/common/src/nce.gcda
  --> fname    /home/rodrigo/zephyrproject/zephyr/scripts/native_simulator/common/src/nce.c
(DEBUG) Check if /home/rodrigo/zephyrproject/zephyr/scripts/native_simulator/common/src/nce.c is included (source file)...
(DEBUG)   No filter matched.
(DEBUG) --> File is excluded.
(DEBUG) Check if /home/rodrigo/zephyr-course_ram/twister-out/native_sim_native/host_gnu/zephyr-course_ram/tests/ring_buf/homework.unit.ring_buf/zephyr/NSI/common/src/nct.gcda is included (trace)...
(DEBUG)   No filter matched.
(DEBUG) --> File is excluded.
(DEBUG) Check if /home/rodrigo/zephyr-course_ram/twister-out/native_sim_native/host_gnu/zephyr-course_ram/tests/ring_buf/homework.unit.ring_buf/zephyr/NSI/common/src/nct.gcda is included (trace)...
(DEBUG) --> File is excluded.
(DEBUG) Check if nct.c##84fa0abc2ada8a27fd8ecd88b776c6de.gcov is included (gcov file)...
(DEBUG)   Filter AlwaysMatchFilter() matched.
(DEBUG) --> File is included.
(DEBUG) Check if nsi_safe_call.h##f4d8c4962d293ec098f4852da599ef6e.gcov is included (gcov file)...
(DEBUG) --> File is included.
(DEBUG) Check if /home/rodrigo/zephyr-course_ram/twister-out/nct.c##84fa0abc2ada8a27fd8ecd88b776c6de.gcov is included (trace)...
(DEBUG)   No filter matched.
(DEBUG) --> File is excluded.
(DEBUG) Finding source file corresponding to a gcov data file
  gcov_fname   /home/rodrigo/zephyr-course_ram/twister-out/nct.c##84fa0abc2ada8a27fd8ecd88b776c6de.gcov
  current_dir  /home/rodrigo/zephyr-course_ram/twister-out
  root         /home/rodrigo/zephyr-course_ram/app/modules/ring_buf
  starting_dir /home/rodrigo/zephyr-course_ram
  obj_dir      /home/rodrigo/zephyr-course_ram/twister-out
  gcda_fname   native_sim_native/host_gnu/zephyr-course_ram/tests/ring_buf/homework.unit.ring_buf/zephyr/NSI/common/src/nct.gcda
  --> fname    /home/rodrigo/zephyrproject/zephyr/scripts/native_simulator/common/src/nct.c
(DEBUG) Check if /home/rodrigo/zephyrproject/zephyr/scripts/native_simulator/common/src/nct.c is included (source file)...
(DEBUG)   No filter matched.
(DEBUG) --> File is excluded.
(DEBUG) Check if /home/rodrigo/zephyr-course_ram/twister-out/nsi_safe_call.h##f4d8c4962d293ec098f4852da599ef6e.gcov is included (trace)...
(DEBUG) --> File is excluded.
(DEBUG) Finding source file corresponding to a gcov data file
  gcov_fname   /home/rodrigo/zephyr-course_ram/twister-out/nsi_safe_call.h##f4d8c4962d293ec098f4852da599ef6e.gcov
  current_dir  /home/rodrigo/zephyr-course_ram/twister-out
  root         /home/rodrigo/zephyr-course_ram/app/modules/ring_buf
  starting_dir /home/rodrigo/zephyr-course_ram
  obj_dir      /home/rodrigo/zephyr-course_ram/twister-out
  gcda_fname   native_sim_native/host_gnu/zephyr-course_ram/tests/ring_buf/homework.unit.ring_buf/zephyr/NSI/common/src/nct.gcda
  --> fname    /home/rodrigo/zephyrproject/zephyr/scripts/native_simulator/common/src/nsi_safe_call.h
(DEBUG) Check if /home/rodrigo/zephyrproject/zephyr/scripts/native_simulator/common/src/nsi_safe_call.h is included (source file)...
(DEBUG) --> File is excluded.
(DEBUG) Check if /home/rodrigo/zephyr-course_ram/twister-out/native_sim_native/host_gnu/zephyr-course_ram/tests/ring_buf/homework.unit.ring_buf/zephyr/NSI/common/src/nsi_cpu_ctrl.gcda is included (trace)...
(DEBUG)   No filter matched.
(DEBUG) --> File is excluded.
(DEBUG) Check if /home/rodrigo/zephyr-course_ram/twister-out/native_sim_native/host_gnu/zephyr-course_ram/tests/ring_buf/homework.unit.ring_buf/zephyr/NSI/common/src/nsi_cpu_ctrl.gcda is included (trace)...
(DEBUG) --> File is excluded.
(DEBUG) Check if nsi_cpu_ctrl.c##f32543978b50e7d3015cc32cff1ffef8.gcov is included (gcov file)...
(DEBUG)   Filter AlwaysMatchFilter() matched.
(DEBUG) --> File is included.
(DEBUG) Check if /home/rodrigo/zephyr-course_ram/twister-out/nsi_cpu_ctrl.c##f32543978b50e7d3015cc32cff1ffef8.gcov is included (trace)...
(DEBUG)   No filter matched.
(DEBUG) --> File is excluded.
(DEBUG) Finding source file corresponding to a gcov data file
  gcov_fname   /home/rodrigo/zephyr-course_ram/twister-out/nsi_cpu_ctrl.c##f32543978b50e7d3015cc32cff1ffef8.gcov
  current_dir  /home/rodrigo/zephyr-course_ram/twister-out
  root         /home/rodrigo/zephyr-course_ram/app/modules/ring_buf
  starting_dir /home/rodrigo/zephyr-course_ram
  obj_dir      /home/rodrigo/zephyr-course_ram/twister-out
  gcda_fname   native_sim_native/host_gnu/zephyr-course_ram/tests/ring_buf/homework.unit.ring_buf/zephyr/NSI/common/src/nsi_cpu_ctrl.gcda
  --> fname    /home/rodrigo/zephyrproject/zephyr/scripts/native_simulator/common/src/nsi_cpu_ctrl.c
(DEBUG) Check if /home/rodrigo/zephyrproject/zephyr/scripts/native_simulator/common/src/nsi_cpu_ctrl.c is included (source file)...
(DEBUG)   No filter matched.
(DEBUG) --> File is excluded.
(DEBUG) Check if /home/rodrigo/zephyr-course_ram/twister-out/native_sim_native/host_gnu/zephyr-course_ram/tests/ring_buf/homework.unit.ring_buf/zephyr/NSI/common/src/nsi_cpun_if.gcda is included (trace)...
(DEBUG)   No filter matched.
(DEBUG) --> File is excluded.
(DEBUG) Check if /home/rodrigo/zephyr-course_ram/twister-out/native_sim_native/host_gnu/zephyr-course_ram/tests/ring_buf/homework.unit.ring_buf/zephyr/NSI/common/src/nsi_cpun_if.gcda is included (trace)...
(DEBUG) --> File is excluded.
(DEBUG) Check if nsi_cpun_if.c##c6029fb4616d4831b47211b0e0378757.gcov is included (gcov file)...
(DEBUG)   Filter AlwaysMatchFilter() matched.
(DEBUG) --> File is included.
(DEBUG) Check if /home/rodrigo/zephyr-course_ram/twister-out/nsi_cpun_if.c##c6029fb4616d4831b47211b0e0378757.gcov is included (trace)...
(DEBUG)   No filter matched.
(DEBUG) --> File is excluded.
(DEBUG) Finding source file corresponding to a gcov data file
  gcov_fname   /home/rodrigo/zephyr-course_ram/twister-out/nsi_cpun_if.c##c6029fb4616d4831b47211b0e0378757.gcov
  current_dir  /home/rodrigo/zephyr-course_ram/twister-out
  root         /home/rodrigo/zephyr-course_ram/app/modules/ring_buf
  starting_dir /home/rodrigo/zephyr-course_ram
  obj_dir      /home/rodrigo/zephyr-course_ram/twister-out
  gcda_fname   native_sim_native/host_gnu/zephyr-course_ram/tests/ring_buf/homework.unit.ring_buf/zephyr/NSI/common/src/nsi_cpun_if.gcda
  --> fname    /home/rodrigo/zephyrproject/zephyr/scripts/native_simulator/common/src/nsi_cpun_if.c
(DEBUG) Check if /home/rodrigo/zephyrproject/zephyr/scripts/native_simulator/common/src/nsi_cpun_if.c is included (source file)...
(DEBUG)   No filter matched.
(DEBUG) --> File is excluded.
(DEBUG) Check if /home/rodrigo/zephyr-course_ram/twister-out/native_sim_native/host_gnu/zephyr-course_ram/tests/ring_buf/homework.unit.ring_buf/zephyr/NSI/common/src/nsi_errno.gcda is included (trace)...
(DEBUG)   No filter matched.
(DEBUG) --> File is excluded.
(DEBUG) Check if /home/rodrigo/zephyr-course_ram/twister-out/native_sim_native/host_gnu/zephyr-course_ram/tests/ring_buf/homework.unit.ring_buf/zephyr/NSI/common/src/nsi_errno.gcda is included (trace)...
(DEBUG) --> File is excluded.
(DEBUG) Check if nsi_errno.c##3ee5aef29e4edbfa88e525d29e179ff0.gcov is included (gcov file)...
(DEBUG)   Filter AlwaysMatchFilter() matched.
(DEBUG) --> File is included.
(DEBUG) Check if /home/rodrigo/zephyr-course_ram/twister-out/nsi_errno.c##3ee5aef29e4edbfa88e525d29e179ff0.gcov is included (trace)...
(DEBUG)   No filter matched.
(DEBUG) --> File is excluded.
(DEBUG) Finding source file corresponding to a gcov data file
  gcov_fname   /home/rodrigo/zephyr-course_ram/twister-out/nsi_errno.c##3ee5aef29e4edbfa88e525d29e179ff0.gcov
  current_dir  /home/rodrigo/zephyr-course_ram/twister-out
  root         /home/rodrigo/zephyr-course_ram/app/modules/ring_buf
  starting_dir /home/rodrigo/zephyr-course_ram
  obj_dir      /home/rodrigo/zephyr-course_ram/twister-out
  gcda_fname   native_sim_native/host_gnu/zephyr-course_ram/tests/ring_buf/homework.unit.ring_buf/zephyr/NSI/common/src/nsi_errno.gcda
  --> fname    /home/rodrigo/zephyrproject/zephyr/scripts/native_simulator/common/src/nsi_errno.c
(DEBUG) Check if /home/rodrigo/zephyrproject/zephyr/scripts/native_simulator/common/src/nsi_errno.c is included (source file)...
(DEBUG)   No filter matched.
(DEBUG) --> File is excluded.
(DEBUG) Check if /home/rodrigo/zephyr-course_ram/twister-out/native_sim_native/host_gnu/zephyr-course_ram/tests/ring_buf/homework.unit.ring_buf/zephyr/NSI/common/src/nsi_host_trampolines.gcda is included (trace)...
(DEBUG)   No filter matched.
(DEBUG) --> File is excluded.
(DEBUG) Check if /home/rodrigo/zephyr-course_ram/twister-out/native_sim_native/host_gnu/zephyr-course_ram/tests/ring_buf/homework.unit.ring_buf/zephyr/NSI/common/src/nsi_host_trampolines.gcda is included (trace)...
(DEBUG) --> File is excluded.
(DEBUG) Check if nsi_host_trampolines.c##8895d9a1d9bcc28a8174e20a83467075.gcov is included (gcov file)...
(DEBUG)   Filter AlwaysMatchFilter() matched.
(DEBUG) --> File is included.
(DEBUG) Check if /home/rodrigo/zephyr-course_ram/twister-out/nsi_host_trampolines.c##8895d9a1d9bcc28a8174e20a83467075.gcov is included (trace)...
(DEBUG)   No filter matched.
(DEBUG) --> File is excluded.
(DEBUG) Finding source file corresponding to a gcov data file
  gcov_fname   /home/rodrigo/zephyr-course_ram/twister-out/nsi_host_trampolines.c##8895d9a1d9bcc28a8174e20a83467075.gcov
  current_dir  /home/rodrigo/zephyr-course_ram/twister-out
  root         /home/rodrigo/zephyr-course_ram/app/modules/ring_buf
  starting_dir /home/rodrigo/zephyr-course_ram
  obj_dir      /home/rodrigo/zephyr-course_ram/twister-out
  gcda_fname   native_sim_native/host_gnu/zephyr-course_ram/tests/ring_buf/homework.unit.ring_buf/zephyr/NSI/common/src/nsi_host_trampolines.gcda
  --> fname    /home/rodrigo/zephyrproject/zephyr/scripts/native_simulator/common/src/nsi_host_trampolines.c
(DEBUG) Check if /home/rodrigo/zephyrproject/zephyr/scripts/native_simulator/common/src/nsi_host_trampolines.c is included (source file)...
(DEBUG)   No filter matched.
(DEBUG) --> File is excluded.
(DEBUG) Check if /home/rodrigo/zephyr-course_ram/twister-out/native_sim_native/host_gnu/zephyr-course_ram/tests/ring_buf/homework.unit.ring_buf/zephyr/NSI/common/src/nsi_hw_scheduler.gcda is included (trace)...
(DEBUG)   No filter matched.
(DEBUG) --> File is excluded.
(DEBUG) Check if /home/rodrigo/zephyr-course_ram/twister-out/native_sim_native/host_gnu/zephyr-course_ram/tests/ring_buf/homework.unit.ring_buf/zephyr/NSI/common/src/nsi_hw_scheduler.gcda is included (trace)...
(DEBUG) --> File is excluded.
(DEBUG) Check if nsi_hw_scheduler.c##9be522f8770017b4bbf5dab4abb8eecc.gcov is included (gcov file)...
(DEBUG)   Filter AlwaysMatchFilter() matched.
(DEBUG) --> File is included.
(DEBUG) Check if nsi_safe_call.h##f4d8c4962d293ec098f4852da599ef6e.gcov is included (gcov file)...
(DEBUG) --> File is included.
(DEBUG) Check if /home/rodrigo/zephyr-course_ram/twister-out/nsi_safe_call.h##f4d8c4962d293ec098f4852da599ef6e.gcov is included (trace)...
(DEBUG) --> File is excluded.
(DEBUG) Finding source file corresponding to a gcov data file
  gcov_fname   /home/rodrigo/zephyr-course_ram/twister-out/nsi_safe_call.h##f4d8c4962d293ec098f4852da599ef6e.gcov
  current_dir  /home/rodrigo/zephyr-course_ram/twister-out
  root         /home/rodrigo/zephyr-course_ram/app/modules/ring_buf
  starting_dir /home/rodrigo/zephyr-course_ram
  obj_dir      /home/rodrigo/zephyr-course_ram/twister-out
  gcda_fname   native_sim_native/host_gnu/zephyr-course_ram/tests/ring_buf/homework.unit.ring_buf/zephyr/NSI/common/src/nsi_hw_scheduler.gcda
  --> fname    /home/rodrigo/zephyrproject/zephyr/scripts/native_simulator/common/src/nsi_safe_call.h
(DEBUG) Check if /home/rodrigo/zephyrproject/zephyr/scripts/native_simulator/common/src/nsi_safe_call.h is included (source file)...
(DEBUG) --> File is excluded.
(DEBUG) Check if /home/rodrigo/zephyr-course_ram/twister-out/nsi_hw_scheduler.c##9be522f8770017b4bbf5dab4abb8eecc.gcov is included (trace)...
(DEBUG)   No filter matched.
(DEBUG) --> File is excluded.
(DEBUG) Finding source file corresponding to a gcov data file
  gcov_fname   /home/rodrigo/zephyr-course_ram/twister-out/nsi_hw_scheduler.c##9be522f8770017b4bbf5dab4abb8eecc.gcov
  current_dir  /home/rodrigo/zephyr-course_ram/twister-out
  root         /home/rodrigo/zephyr-course_ram/app/modules/ring_buf
  starting_dir /home/rodrigo/zephyr-course_ram
  obj_dir      /home/rodrigo/zephyr-course_ram/twister-out
  gcda_fname   native_sim_native/host_gnu/zephyr-course_ram/tests/ring_buf/homework.unit.ring_buf/zephyr/NSI/common/src/nsi_hw_scheduler.gcda
  --> fname    /home/rodrigo/zephyrproject/zephyr/scripts/native_simulator/common/src/nsi_hw_scheduler.c
(DEBUG) Check if /home/rodrigo/zephyrproject/zephyr/scripts/native_simulator/common/src/nsi_hw_scheduler.c is included (source file)...
(DEBUG)   No filter matched.
(DEBUG) --> File is excluded.
(DEBUG) Check if /home/rodrigo/zephyr-course_ram/twister-out/native_sim_native/host_gnu/zephyr-course_ram/tests/ring_buf/homework.unit.ring_buf/zephyr/NSI/common/src/nsi_tasks.gcda is included (trace)...
(DEBUG)   No filter matched.
(DEBUG) --> File is excluded.
(DEBUG) Check if /home/rodrigo/zephyr-course_ram/twister-out/native_sim_native/host_gnu/zephyr-course_ram/tests/ring_buf/homework.unit.ring_buf/zephyr/NSI/common/src/nsi_tasks.gcda is included (trace)...
(DEBUG) --> File is excluded.
(DEBUG) Check if nsi_tasks.c##77701ed91dcb702de459f2d2aa61cb77.gcov is included (gcov file)...
(DEBUG)   Filter AlwaysMatchFilter() matched.
(DEBUG) --> File is included.
(DEBUG) Check if /home/rodrigo/zephyr-course_ram/twister-out/nsi_tasks.c##77701ed91dcb702de459f2d2aa61cb77.gcov is included (trace)...
(DEBUG)   No filter matched.
(DEBUG) --> File is excluded.
(DEBUG) Finding source file corresponding to a gcov data file
  gcov_fname   /home/rodrigo/zephyr-course_ram/twister-out/nsi_tasks.c##77701ed91dcb702de459f2d2aa61cb77.gcov
  current_dir  /home/rodrigo/zephyr-course_ram/twister-out
  root         /home/rodrigo/zephyr-course_ram/app/modules/ring_buf
  starting_dir /home/rodrigo/zephyr-course_ram
  obj_dir      /home/rodrigo/zephyr-course_ram/twister-out
  gcda_fname   native_sim_native/host_gnu/zephyr-course_ram/tests/ring_buf/homework.unit.ring_buf/zephyr/NSI/common/src/nsi_tasks.gcda
  --> fname    /home/rodrigo/zephyrproject/zephyr/scripts/native_simulator/common/src/nsi_tasks.c
(DEBUG) Check if /home/rodrigo/zephyrproject/zephyr/scripts/native_simulator/common/src/nsi_tasks.c is included (source file)...
(DEBUG)   No filter matched.
(DEBUG) --> File is excluded.
(DEBUG) Check if /home/rodrigo/zephyr-course_ram/twister-out/native_sim_native/host_gnu/zephyr-course_ram/tests/ring_buf/homework.unit.ring_buf/zephyr/NSI/common/src/nsi_trace_varg.gcda is included (trace)...
(DEBUG)   No filter matched.
(DEBUG) --> File is excluded.
(DEBUG) Check if /home/rodrigo/zephyr-course_ram/twister-out/native_sim_native/host_gnu/zephyr-course_ram/tests/ring_buf/homework.unit.ring_buf/zephyr/NSI/common/src/nsi_trace_varg.gcda is included (trace)...
(DEBUG) --> File is excluded.
(DEBUG) Check if nsi_trace_varg.c##439b428975adc02790eed13625552873.gcov is included (gcov file)...
(DEBUG)   Filter AlwaysMatchFilter() matched.
(DEBUG) --> File is included.
(DEBUG) Check if /home/rodrigo/zephyr-course_ram/twister-out/nsi_trace_varg.c##439b428975adc02790eed13625552873.gcov is included (trace)...
(DEBUG)   No filter matched.
(DEBUG) --> File is excluded.
(DEBUG) Finding source file corresponding to a gcov data file
  gcov_fname   /home/rodrigo/zephyr-course_ram/twister-out/nsi_trace_varg.c##439b428975adc02790eed13625552873.gcov
  current_dir  /home/rodrigo/zephyr-course_ram/twister-out
  root         /home/rodrigo/zephyr-course_ram/app/modules/ring_buf
  starting_dir /home/rodrigo/zephyr-course_ram
  obj_dir      /home/rodrigo/zephyr-course_ram/twister-out
  gcda_fname   native_sim_native/host_gnu/zephyr-course_ram/tests/ring_buf/homework.unit.ring_buf/zephyr/NSI/common/src/nsi_trace_varg.gcda
  --> fname    /home/rodrigo/zephyrproject/zephyr/scripts/native_simulator/common/src/nsi_trace_varg.c
(DEBUG) Check if /home/rodrigo/zephyrproject/zephyr/scripts/native_simulator/common/src/nsi_trace_varg.c is included (source file)...
(DEBUG)   No filter matched.
(DEBUG) --> File is excluded.
(DEBUG) Check if /home/rodrigo/zephyr-course_ram/twister-out/native_sim_native/host_gnu/zephyr-course_ram/tests/ring_buf/homework.unit.ring_buf/zephyr/NSI/common/src/nsi_weak_stubs.gcda is included (trace)...
(DEBUG)   No filter matched.
(DEBUG) --> File is excluded.
(DEBUG) Check if /home/rodrigo/zephyr-course_ram/twister-out/native_sim_native/host_gnu/zephyr-course_ram/tests/ring_buf/homework.unit.ring_buf/zephyr/NSI/common/src/nsi_weak_stubs.gcda is included (trace)...
(DEBUG) --> File is excluded.
(DEBUG) Check if nsi_weak_stubs.c##bac7410444ba1afe12fff3b37408a7d2.gcov is included (gcov file)...
(DEBUG)   Filter AlwaysMatchFilter() matched.
(DEBUG) --> File is included.
(DEBUG) Check if /home/rodrigo/zephyr-course_ram/twister-out/nsi_weak_stubs.c##bac7410444ba1afe12fff3b37408a7d2.gcov is included (trace)...
(DEBUG)   No filter matched.
(DEBUG) --> File is excluded.
(DEBUG) Finding source file corresponding to a gcov data file
  gcov_fname   /home/rodrigo/zephyr-course_ram/twister-out/nsi_weak_stubs.c##bac7410444ba1afe12fff3b37408a7d2.gcov
  current_dir  /home/rodrigo/zephyr-course_ram/twister-out
  root         /home/rodrigo/zephyr-course_ram/app/modules/ring_buf
  starting_dir /home/rodrigo/zephyr-course_ram
  obj_dir      /home/rodrigo/zephyr-course_ram/twister-out
  gcda_fname   native_sim_native/host_gnu/zephyr-course_ram/tests/ring_buf/homework.unit.ring_buf/zephyr/NSI/common/src/nsi_weak_stubs.gcda
  --> fname    /home/rodrigo/zephyrproject/zephyr/scripts/native_simulator/common/src/nsi_weak_stubs.c
(DEBUG) Check if /home/rodrigo/zephyrproject/zephyr/scripts/native_simulator/common/src/nsi_weak_stubs.c is included (source file)...
(DEBUG)   No filter matched.
(DEBUG) --> File is excluded.
(DEBUG) Check if /home/rodrigo/zephyr-course_ram/twister-out/native_sim_native/host_gnu/zephyr-course_ram/tests/ring_buf/homework.unit.ring_buf/zephyr/NSI/native/src/hw_counter.gcda is included (trace)...
(DEBUG)   No filter matched.
(DEBUG) --> File is excluded.
(DEBUG) Check if /home/rodrigo/zephyr-course_ram/twister-out/native_sim_native/host_gnu/zephyr-course_ram/tests/ring_buf/homework.unit.ring_buf/zephyr/NSI/native/src/hw_counter.gcda is included (trace)...
(DEBUG) --> File is excluded.
(DEBUG) Check if hw_counter.c##bf223b9e805100099566240276505e4d.gcov is included (gcov file)...
(DEBUG)   Filter AlwaysMatchFilter() matched.
(DEBUG) --> File is included.
(DEBUG) Check if nsi_hw_scheduler.h##4ea4297b01c8f016214cbe6a62a9f096.gcov is included (gcov file)...
(DEBUG) --> File is included.
(DEBUG) Check if /home/rodrigo/zephyr-course_ram/twister-out/hw_counter.c##bf223b9e805100099566240276505e4d.gcov is included (trace)...
(DEBUG)   No filter matched.
(DEBUG) --> File is excluded.
(DEBUG) Finding source file corresponding to a gcov data file
  gcov_fname   /home/rodrigo/zephyr-course_ram/twister-out/hw_counter.c##bf223b9e805100099566240276505e4d.gcov
  current_dir  /home/rodrigo/zephyr-course_ram/twister-out
  root         /home/rodrigo/zephyr-course_ram/app/modules/ring_buf
  starting_dir /home/rodrigo/zephyr-course_ram
  obj_dir      /home/rodrigo/zephyr-course_ram/twister-out
  gcda_fname   native_sim_native/host_gnu/zephyr-course_ram/tests/ring_buf/homework.unit.ring_buf/zephyr/NSI/native/src/hw_counter.gcda
  --> fname    /home/rodrigo/zephyrproject/zephyr/scripts/native_simulator/native/src/hw_counter.c
(DEBUG) Check if /home/rodrigo/zephyrproject/zephyr/scripts/native_simulator/native/src/hw_counter.c is included (source file)...
(DEBUG)   No filter matched.
(DEBUG) --> File is excluded.
(DEBUG) Check if /home/rodrigo/zephyr-course_ram/twister-out/nsi_hw_scheduler.h##4ea4297b01c8f016214cbe6a62a9f096.gcov is included (trace)...
(DEBUG) --> File is excluded.
(DEBUG) Finding source file corresponding to a gcov data file
  gcov_fname   /home/rodrigo/zephyr-course_ram/twister-out/nsi_hw_scheduler.h##4ea4297b01c8f016214cbe6a62a9f096.gcov
  current_dir  /home/rodrigo/zephyr-course_ram/twister-out
  root         /home/rodrigo/zephyr-course_ram/app/modules/ring_buf
  starting_dir /home/rodrigo/zephyr-course_ram
  obj_dir      /home/rodrigo/zephyr-course_ram/twister-out
  gcda_fname   native_sim_native/host_gnu/zephyr-course_ram/tests/ring_buf/homework.unit.ring_buf/zephyr/NSI/native/src/hw_counter.gcda
  --> fname    /home/rodrigo/zephyrproject/zephyr/scripts/native_simulator/common/src/include/nsi_hw_scheduler.h
(DEBUG) Check if /home/rodrigo/zephyrproject/zephyr/scripts/native_simulator/common/src/include/nsi_hw_scheduler.h is included (source file)...
(DEBUG) --> File is excluded.
(DEBUG) Check if /home/rodrigo/zephyr-course_ram/twister-out/native_sim_native/host_gnu/zephyr-course_ram/tests/ring_buf/homework.unit.ring_buf/zephyr/NSI/native/src/irq_ctrl.gcda is included (trace)...
(DEBUG)   No filter matched.
(DEBUG) --> File is excluded.
(DEBUG) Check if /home/rodrigo/zephyr-course_ram/twister-out/native_sim_native/host_gnu/zephyr-course_ram/tests/ring_buf/homework.unit.ring_buf/zephyr/NSI/native/src/irq_ctrl.gcda is included (trace)...
(DEBUG) --> File is excluded.
(DEBUG) Check if irq_ctrl.c##cfa103d65c37d80951d5a7a1aa02be5f.gcov is included (gcov file)...
(DEBUG)   Filter AlwaysMatchFilter() matched.
(DEBUG) --> File is included.
(DEBUG) Check if nsi_internal.h##7b3368a0ee6a7a584a4766c509113406.gcov is included (gcov file)...
(DEBUG)   Filter AlwaysMatchFilter() matched.
(DEBUG) --> File is included.
(DEBUG) Check if nsi_hw_scheduler.h##4ea4297b01c8f016214cbe6a62a9f096.gcov is included (gcov file)...
(DEBUG) --> File is included.
(DEBUG) Check if /home/rodrigo/zephyr-course_ram/twister-out/nsi_hw_scheduler.h##4ea4297b01c8f016214cbe6a62a9f096.gcov is included (trace)...
(DEBUG) --> File is excluded.
(DEBUG) Finding source file corresponding to a gcov data file
  gcov_fname   /home/rodrigo/zephyr-course_ram/twister-out/nsi_hw_scheduler.h##4ea4297b01c8f016214cbe6a62a9f096.gcov
  current_dir  /home/rodrigo/zephyr-course_ram/twister-out
  root         /home/rodrigo/zephyr-course_ram/app/modules/ring_buf
  starting_dir /home/rodrigo/zephyr-course_ram
  obj_dir      /home/rodrigo/zephyr-course_ram/twister-out
  gcda_fname   native_sim_native/host_gnu/zephyr-course_ram/tests/ring_buf/homework.unit.ring_buf/zephyr/NSI/native/src/irq_ctrl.gcda
  --> fname    /home/rodrigo/zephyrproject/zephyr/scripts/native_simulator/common/src/include/nsi_hw_scheduler.h
(DEBUG) Check if /home/rodrigo/zephyrproject/zephyr/scripts/native_simulator/common/src/include/nsi_hw_scheduler.h is included (source file)...
(DEBUG) --> File is excluded.
(DEBUG) Check if /home/rodrigo/zephyr-course_ram/twister-out/irq_ctrl.c##cfa103d65c37d80951d5a7a1aa02be5f.gcov is included (trace)...
(DEBUG)   No filter matched.
(DEBUG) --> File is excluded.
(DEBUG) Finding source file corresponding to a gcov data file
  gcov_fname   /home/rodrigo/zephyr-course_ram/twister-out/irq_ctrl.c##cfa103d65c37d80951d5a7a1aa02be5f.gcov
  current_dir  /home/rodrigo/zephyr-course_ram/twister-out
  root         /home/rodrigo/zephyr-course_ram/app/modules/ring_buf
  starting_dir /home/rodrigo/zephyr-course_ram
  obj_dir      /home/rodrigo/zephyr-course_ram/twister-out
  gcda_fname   native_sim_native/host_gnu/zephyr-course_ram/tests/ring_buf/homework.unit.ring_buf/zephyr/NSI/native/src/irq_ctrl.gcda
  --> fname    /home/rodrigo/zephyrproject/zephyr/scripts/native_simulator/native/src/irq_ctrl.c
(DEBUG) Check if /home/rodrigo/zephyrproject/zephyr/scripts/native_simulator/native/src/irq_ctrl.c is included (source file)...
(DEBUG)   No filter matched.
(DEBUG) --> File is excluded.
(DEBUG) Check if /home/rodrigo/zephyr-course_ram/twister-out/nsi_internal.h##7b3368a0ee6a7a584a4766c509113406.gcov is included (trace)...
(DEBUG)   No filter matched.
(DEBUG) --> File is excluded.
(DEBUG) Finding source file corresponding to a gcov data file
  gcov_fname   /home/rodrigo/zephyr-course_ram/twister-out/nsi_internal.h##7b3368a0ee6a7a584a4766c509113406.gcov
  current_dir  /home/rodrigo/zephyr-course_ram/twister-out
  root         /home/rodrigo/zephyr-course_ram/app/modules/ring_buf
  starting_dir /home/rodrigo/zephyr-course_ram
  obj_dir      /home/rodrigo/zephyr-course_ram/twister-out
  gcda_fname   native_sim_native/host_gnu/zephyr-course_ram/tests/ring_buf/homework.unit.ring_buf/zephyr/NSI/native/src/irq_ctrl.gcda
  --> fname    /home/rodrigo/zephyrproject/zephyr/scripts/native_simulator/common/src/nsi_internal.h
(DEBUG) Check if /home/rodrigo/zephyrproject/zephyr/scripts/native_simulator/common/src/nsi_internal.h is included (source file)...
(DEBUG)   No filter matched.
(DEBUG) --> File is excluded.
(DEBUG) Check if /home/rodrigo/zephyr-course_ram/twister-out/native_sim_native/host_gnu/zephyr-course_ram/tests/ring_buf/homework.unit.ring_buf/zephyr/NSI/native/src/native_rtc.gcda is included (trace)...
(DEBUG)   No filter matched.
(DEBUG) --> File is excluded.
(DEBUG) Check if /home/rodrigo/zephyr-course_ram/twister-out/native_sim_native/host_gnu/zephyr-course_ram/tests/ring_buf/homework.unit.ring_buf/zephyr/NSI/native/src/native_rtc.gcda is included (trace)...
(DEBUG) --> File is excluded.
(DEBUG) Check if native_rtc.c##2ff698cd16c5c2df972d2fcbc883a078.gcov is included (gcov file)...
(DEBUG)   Filter AlwaysMatchFilter() matched.
(DEBUG) --> File is included.
(DEBUG) Check if nsi_hw_scheduler.h##4ea4297b01c8f016214cbe6a62a9f096.gcov is included (gcov file)...
(DEBUG) --> File is included.
(DEBUG) Check if /home/rodrigo/zephyr-course_ram/twister-out/native_rtc.c##2ff698cd16c5c2df972d2fcbc883a078.gcov is included (trace)...
(DEBUG)   No filter matched.
(DEBUG) --> File is excluded.
(DEBUG) Finding source file corresponding to a gcov data file
  gcov_fname   /home/rodrigo/zephyr-course_ram/twister-out/native_rtc.c##2ff698cd16c5c2df972d2fcbc883a078.gcov
  current_dir  /home/rodrigo/zephyr-course_ram/twister-out
  root         /home/rodrigo/zephyr-course_ram/app/modules/ring_buf
  starting_dir /home/rodrigo/zephyr-course_ram
  obj_dir      /home/rodrigo/zephyr-course_ram/twister-out
  gcda_fname   native_sim_native/host_gnu/zephyr-course_ram/tests/ring_buf/homework.unit.ring_buf/zephyr/NSI/native/src/native_rtc.gcda
  --> fname    /home/rodrigo/zephyrproject/zephyr/scripts/native_simulator/native/src/native_rtc.c
(DEBUG) Check if /home/rodrigo/zephyrproject/zephyr/scripts/native_simulator/native/src/native_rtc.c is included (source file)...
(DEBUG)   No filter matched.
(DEBUG) --> File is excluded.
(DEBUG) Check if /home/rodrigo/zephyr-course_ram/twister-out/nsi_hw_scheduler.h##4ea4297b01c8f016214cbe6a62a9f096.gcov is included (trace)...
(DEBUG) --> File is excluded.
(DEBUG) Finding source file corresponding to a gcov data file
  gcov_fname   /home/rodrigo/zephyr-course_ram/twister-out/nsi_hw_scheduler.h##4ea4297b01c8f016214cbe6a62a9f096.gcov
  current_dir  /home/rodrigo/zephyr-course_ram/twister-out
  root         /home/rodrigo/zephyr-course_ram/app/modules/ring_buf
  starting_dir /home/rodrigo/zephyr-course_ram
  obj_dir      /home/rodrigo/zephyr-course_ram/twister-out
  gcda_fname   native_sim_native/host_gnu/zephyr-course_ram/tests/ring_buf/homework.unit.ring_buf/zephyr/NSI/native/src/native_rtc.gcda
  --> fname    /home/rodrigo/zephyrproject/zephyr/scripts/native_simulator/common/src/include/nsi_hw_scheduler.h
(DEBUG) Check if /home/rodrigo/zephyrproject/zephyr/scripts/native_simulator/common/src/include/nsi_hw_scheduler.h is included (source file)...
(DEBUG) --> File is excluded.
(DEBUG) Check if /home/rodrigo/zephyr-course_ram/twister-out/native_sim_native/host_gnu/zephyr-course_ram/tests/ring_buf/homework.unit.ring_buf/zephyr/NSI/native/src/nsi_cmdline.gcda is included (trace)...
(DEBUG)   No filter matched.
(DEBUG) --> File is excluded.
(DEBUG) Check if /home/rodrigo/zephyr-course_ram/twister-out/native_sim_native/host_gnu/zephyr-course_ram/tests/ring_buf/homework.unit.ring_buf/zephyr/NSI/native/src/nsi_cmdline.gcda is included (trace)...
(DEBUG) --> File is excluded.
(DEBUG) Check if nsi_cmdline.c##15f42609de20639474e91af3d954757e.gcov is included (gcov file)...
(DEBUG)   Filter AlwaysMatchFilter() matched.
(DEBUG) --> File is included.
(DEBUG) Check if /home/rodrigo/zephyr-course_ram/twister-out/nsi_cmdline.c##15f42609de20639474e91af3d954757e.gcov is included (trace)...
(DEBUG)   No filter matched.
(DEBUG) --> File is excluded.
(DEBUG) Finding source file corresponding to a gcov data file
  gcov_fname   /home/rodrigo/zephyr-course_ram/twister-out/nsi_cmdline.c##15f42609de20639474e91af3d954757e.gcov
  current_dir  /home/rodrigo/zephyr-course_ram/twister-out
  root         /home/rodrigo/zephyr-course_ram/app/modules/ring_buf
  starting_dir /home/rodrigo/zephyr-course_ram
  obj_dir      /home/rodrigo/zephyr-course_ram/twister-out
  gcda_fname   native_sim_native/host_gnu/zephyr-course_ram/tests/ring_buf/homework.unit.ring_buf/zephyr/NSI/native/src/nsi_cmdline.gcda
  --> fname    /home/rodrigo/zephyrproject/zephyr/scripts/native_simulator/native/src/nsi_cmdline.c
(DEBUG) Check if /home/rodrigo/zephyrproject/zephyr/scripts/native_simulator/native/src/nsi_cmdline.c is included (source file)...
(DEBUG)   No filter matched.
(DEBUG) --> File is excluded.
(DEBUG) Check if /home/rodrigo/zephyr-course_ram/twister-out/native_sim_native/host_gnu/zephyr-course_ram/tests/ring_buf/homework.unit.ring_buf/zephyr/NSI/native/src/nsi_cmdline_common.gcda is included (trace)...
(DEBUG)   No filter matched.
(DEBUG) --> File is excluded.
(DEBUG) Check if /home/rodrigo/zephyr-course_ram/twister-out/native_sim_native/host_gnu/zephyr-course_ram/tests/ring_buf/homework.unit.ring_buf/zephyr/NSI/native/src/nsi_cmdline_common.gcda is included (trace)...
(DEBUG) --> File is excluded.
(DEBUG) Check if nsi_cmdline_common.c##8ebf191702b0bfb0956b5a32edea9714.gcov is included (gcov file)...
(DEBUG)   Filter AlwaysMatchFilter() matched.
(DEBUG) --> File is included.
(DEBUG) Check if /home/rodrigo/zephyr-course_ram/twister-out/nsi_cmdline_common.c##8ebf191702b0bfb0956b5a32edea9714.gcov is included (trace)...
(DEBUG)   No filter matched.
(DEBUG) --> File is excluded.
(DEBUG) Finding source file corresponding to a gcov data file
  gcov_fname   /home/rodrigo/zephyr-course_ram/twister-out/nsi_cmdline_common.c##8ebf191702b0bfb0956b5a32edea9714.gcov
  current_dir  /home/rodrigo/zephyr-course_ram/twister-out
  root         /home/rodrigo/zephyr-course_ram/app/modules/ring_buf
  starting_dir /home/rodrigo/zephyr-course_ram
  obj_dir      /home/rodrigo/zephyr-course_ram/twister-out
  gcda_fname   native_sim_native/host_gnu/zephyr-course_ram/tests/ring_buf/homework.unit.ring_buf/zephyr/NSI/native/src/nsi_cmdline_common.gcda
  --> fname    /home/rodrigo/zephyrproject/zephyr/scripts/native_simulator/native/src/nsi_cmdline_common.c
(DEBUG) Check if /home/rodrigo/zephyrproject/zephyr/scripts/native_simulator/native/src/nsi_cmdline_common.c is included (source file)...
(DEBUG)   No filter matched.
(DEBUG) --> File is excluded.
(DEBUG) Check if /home/rodrigo/zephyr-course_ram/twister-out/native_sim_native/host_gnu/zephyr-course_ram/tests/ring_buf/homework.unit.ring_buf/zephyr/NSI/native/src/nsi_trace.gcda is included (trace)...
(DEBUG)   No filter matched.
(DEBUG) --> File is excluded.
(DEBUG) Check if /home/rodrigo/zephyr-course_ram/twister-out/native_sim_native/host_gnu/zephyr-course_ram/tests/ring_buf/homework.unit.ring_buf/zephyr/NSI/native/src/nsi_trace.gcda is included (trace)...
(DEBUG) --> File is excluded.
(DEBUG) Check if nsi_trace.c##e75918b7dc67291790190f438155d718.gcov is included (gcov file)...
(DEBUG)   Filter AlwaysMatchFilter() matched.
(DEBUG) --> File is included.
(DEBUG) Check if /home/rodrigo/zephyr-course_ram/twister-out/nsi_trace.c##e75918b7dc67291790190f438155d718.gcov is included (trace)...
(DEBUG)   No filter matched.
(DEBUG) --> File is excluded.
(DEBUG) Finding source file corresponding to a gcov data file
  gcov_fname   /home/rodrigo/zephyr-course_ram/twister-out/nsi_trace.c##e75918b7dc67291790190f438155d718.gcov
  current_dir  /home/rodrigo/zephyr-course_ram/twister-out
  root         /home/rodrigo/zephyr-course_ram/app/modules/ring_buf
  starting_dir /home/rodrigo/zephyr-course_ram
  obj_dir      /home/rodrigo/zephyr-course_ram/twister-out
  gcda_fname   native_sim_native/host_gnu/zephyr-course_ram/tests/ring_buf/homework.unit.ring_buf/zephyr/NSI/native/src/nsi_trace.gcda
  --> fname    /home/rodrigo/zephyrproject/zephyr/scripts/native_simulator/native/src/nsi_trace.c
(DEBUG) Check if /home/rodrigo/zephyrproject/zephyr/scripts/native_simulator/native/src/nsi_trace.c is included (source file)...
(DEBUG)   No filter matched.
(DEBUG) --> File is excluded.
(DEBUG) Check if /home/rodrigo/zephyr-course_ram/twister-out/native_sim_native/host_gnu/zephyr-course_ram/tests/ring_buf/homework.unit.ring_buf/zephyr/NSI/native/src/timer_model.gcda is included (trace)...
(DEBUG)   No filter matched.
(DEBUG) --> File is excluded.
(DEBUG) Check if /home/rodrigo/zephyr-course_ram/twister-out/native_sim_native/host_gnu/zephyr-course_ram/tests/ring_buf/homework.unit.ring_buf/zephyr/NSI/native/src/timer_model.gcda is included (trace)...
(DEBUG) --> File is excluded.
(DEBUG) Check if timer_model.c##2729df6ba003fb60ec16d11f751fdf3a.gcov is included (gcov file)...
(DEBUG)   Filter AlwaysMatchFilter() matched.
(DEBUG) --> File is included.
(DEBUG) Check if nsi_hw_scheduler.h##4ea4297b01c8f016214cbe6a62a9f096.gcov is included (gcov file)...
(DEBUG) --> File is included.
(DEBUG) Check if /home/rodrigo/zephyr-course_ram/twister-out/timer_model.c##2729df6ba003fb60ec16d11f751fdf3a.gcov is included (trace)...
(DEBUG)   No filter matched.
(DEBUG) --> File is excluded.
(DEBUG) Finding source file corresponding to a gcov data file
  gcov_fname   /home/rodrigo/zephyr-course_ram/twister-out/timer_model.c##2729df6ba003fb60ec16d11f751fdf3a.gcov
  current_dir  /home/rodrigo/zephyr-course_ram/twister-out
  root         /home/rodrigo/zephyr-course_ram/app/modules/ring_buf
  starting_dir /home/rodrigo/zephyr-course_ram
  obj_dir      /home/rodrigo/zephyr-course_ram/twister-out
  gcda_fname   native_sim_native/host_gnu/zephyr-course_ram/tests/ring_buf/homework.unit.ring_buf/zephyr/NSI/native/src/timer_model.gcda
  --> fname    /home/rodrigo/zephyrproject/zephyr/scripts/native_simulator/native/src/timer_model.c
(DEBUG) Check if /home/rodrigo/zephyrproject/zephyr/scripts/native_simulator/native/src/timer_model.c is included (source file)...
(DEBUG)   No filter matched.
(DEBUG) --> File is excluded.
(DEBUG) Check if /home/rodrigo/zephyr-course_ram/twister-out/nsi_hw_scheduler.h##4ea4297b01c8f016214cbe6a62a9f096.gcov is included (trace)...
(DEBUG) --> File is excluded.
(DEBUG) Finding source file corresponding to a gcov data file
  gcov_fname   /home/rodrigo/zephyr-course_ram/twister-out/nsi_hw_scheduler.h##4ea4297b01c8f016214cbe6a62a9f096.gcov
  current_dir  /home/rodrigo/zephyr-course_ram/twister-out
  root         /home/rodrigo/zephyr-course_ram/app/modules/ring_buf
  starting_dir /home/rodrigo/zephyr-course_ram
  obj_dir      /home/rodrigo/zephyr-course_ram/twister-out
  gcda_fname   native_sim_native/host_gnu/zephyr-course_ram/tests/ring_buf/homework.unit.ring_buf/zephyr/NSI/native/src/timer_model.gcda
  --> fname    /home/rodrigo/zephyrproject/zephyr/scripts/native_simulator/common/src/include/nsi_hw_scheduler.h
(DEBUG) Check if /home/rodrigo/zephyrproject/zephyr/scripts/native_simulator/common/src/include/nsi_hw_scheduler.h is included (source file)...
(DEBUG) --> File is excluded.
(DEBUG) Check if /home/rodrigo/zephyr-course_ram/twister-out/native_sim_native/host_gnu/zephyr-course_ram/tests/ring_buf/homework.unit.ring_buf/zephyr/arch/arch/posix/core/CMakeFiles/arch__posix__core.dir/cpuhalt.c.gcda is included (trace)...
(DEBUG)   No filter matched.
(DEBUG) --> File is excluded.
(DEBUG) Check if /home/rodrigo/zephyr-course_ram/twister-out/native_sim_native/host_gnu/zephyr-course_ram/tests/ring_buf/homework.unit.ring_buf/zephyr/arch/arch/posix/core/CMakeFiles/arch__posix__core.dir/cpuhalt.c.gcda is included (trace)...
(DEBUG) --> File is excluded.
(DEBUG) Check if cpuhalt.c##91be8305bd66969843a1936d34847050.gcov is included (gcov file)...
(DEBUG)   Filter AlwaysMatchFilter() matched.
(DEBUG) --> File is included.
(DEBUG) Check if /home/rodrigo/zephyr-course_ram/twister-out/cpuhalt.c##91be8305bd66969843a1936d34847050.gcov is included (trace)...
(DEBUG)   No filter matched.
(DEBUG) --> File is excluded.
(DEBUG) Finding source file corresponding to a gcov data file
  gcov_fname   /home/rodrigo/zephyr-course_ram/twister-out/cpuhalt.c##91be8305bd66969843a1936d34847050.gcov
  current_dir  /home/rodrigo/zephyr-course_ram/twister-out
  root         /home/rodrigo/zephyr-course_ram/app/modules/ring_buf
  starting_dir /home/rodrigo/zephyr-course_ram
  obj_dir      /home/rodrigo/zephyr-course_ram/twister-out
  gcda_fname   native_sim_native/host_gnu/zephyr-course_ram/tests/ring_buf/homework.unit.ring_buf/zephyr/arch/arch/posix/core/CMakeFiles/arch__posix__core.dir/cpuhalt.c.gcda
  --> fname    /home/rodrigo/zephyrproject/zephyr/arch/posix/core/cpuhalt.c
(DEBUG) Check if /home/rodrigo/zephyrproject/zephyr/arch/posix/core/cpuhalt.c is included (source file)...
(DEBUG)   No filter matched.
(DEBUG) --> File is excluded.
(DEBUG) Check if /home/rodrigo/zephyr-course_ram/twister-out/native_sim_native/host_gnu/zephyr-course_ram/tests/ring_buf/homework.unit.ring_buf/zephyr/arch/arch/posix/core/CMakeFiles/arch__posix__core.dir/fatal.c.gcda is included (trace)...
(DEBUG)   No filter matched.
(DEBUG) --> File is excluded.
(DEBUG) Check if /home/rodrigo/zephyr-course_ram/twister-out/native_sim_native/host_gnu/zephyr-course_ram/tests/ring_buf/homework.unit.ring_buf/zephyr/arch/arch/posix/core/CMakeFiles/arch__posix__core.dir/fatal.c.gcda is included (trace)...
(DEBUG) --> File is excluded.
(DEBUG) Check if fatal.c##3c565bc4534cfcec7ee28a38ca559b10.gcov is included (gcov file)...
(DEBUG)   Filter AlwaysMatchFilter() matched.
(DEBUG) --> File is included.
(DEBUG) Check if /home/rodrigo/zephyr-course_ram/twister-out/fatal.c##3c565bc4534cfcec7ee28a38ca559b10.gcov is included (trace)...
(DEBUG)   No filter matched.
(DEBUG) --> File is excluded.
(DEBUG) Finding source file corresponding to a gcov data file
  gcov_fname   /home/rodrigo/zephyr-course_ram/twister-out/fatal.c##3c565bc4534cfcec7ee28a38ca559b10.gcov
  current_dir  /home/rodrigo/zephyr-course_ram/twister-out
  root         /home/rodrigo/zephyr-course_ram/app/modules/ring_buf
  starting_dir /home/rodrigo/zephyr-course_ram
  obj_dir      /home/rodrigo/zephyr-course_ram/twister-out
  gcda_fname   native_sim_native/host_gnu/zephyr-course_ram/tests/ring_buf/homework.unit.ring_buf/zephyr/arch/arch/posix/core/CMakeFiles/arch__posix__core.dir/fatal.c.gcda
  --> fname    /home/rodrigo/zephyrproject/zephyr/arch/posix/core/fatal.c
(DEBUG) Check if /home/rodrigo/zephyrproject/zephyr/arch/posix/core/fatal.c is included (source file)...
(DEBUG)   No filter matched.
(DEBUG) --> File is excluded.
(DEBUG) Check if /home/rodrigo/zephyr-course_ram/twister-out/native_sim_native/host_gnu/zephyr-course_ram/tests/ring_buf/homework.unit.ring_buf/zephyr/arch/arch/posix/core/CMakeFiles/arch__posix__core.dir/irq.c.gcda is included (trace)...
(DEBUG)   No filter matched.
(DEBUG) --> File is excluded.
(DEBUG) Check if /home/rodrigo/zephyr-course_ram/twister-out/native_sim_native/host_gnu/zephyr-course_ram/tests/ring_buf/homework.unit.ring_buf/zephyr/arch/arch/posix/core/CMakeFiles/arch__posix__core.dir/irq.c.gcda is included (trace)...
(DEBUG) --> File is excluded.
(DEBUG) Check if irq.c##409f016e0e67464af58f3945e6fb4d52.gcov is included (gcov file)...
(DEBUG)   Filter AlwaysMatchFilter() matched.
(DEBUG) --> File is included.
(DEBUG) Check if /home/rodrigo/zephyr-course_ram/twister-out/irq.c##409f016e0e67464af58f3945e6fb4d52.gcov is included (trace)...
(DEBUG)   No filter matched.
(DEBUG) --> File is excluded.
(DEBUG) Finding source file corresponding to a gcov data file
  gcov_fname   /home/rodrigo/zephyr-course_ram/twister-out/irq.c##409f016e0e67464af58f3945e6fb4d52.gcov
  current_dir  /home/rodrigo/zephyr-course_ram/twister-out
  root         /home/rodrigo/zephyr-course_ram/app/modules/ring_buf
  starting_dir /home/rodrigo/zephyr-course_ram
  obj_dir      /home/rodrigo/zephyr-course_ram/twister-out
  gcda_fname   native_sim_native/host_gnu/zephyr-course_ram/tests/ring_buf/homework.unit.ring_buf/zephyr/arch/arch/posix/core/CMakeFiles/arch__posix__core.dir/irq.c.gcda
  --> fname    /home/rodrigo/zephyrproject/zephyr/arch/posix/core/irq.c
(DEBUG) Check if /home/rodrigo/zephyrproject/zephyr/arch/posix/core/irq.c is included (source file)...
(DEBUG)   No filter matched.
(DEBUG) --> File is excluded.
(DEBUG) Check if /home/rodrigo/zephyr-course_ram/twister-out/native_sim_native/host_gnu/zephyr-course_ram/tests/ring_buf/homework.unit.ring_buf/zephyr/arch/arch/posix/core/CMakeFiles/arch__posix__core.dir/posix_core_nsi.c.gcda is included (trace)...
(DEBUG)   No filter matched.
(DEBUG) --> File is excluded.
(DEBUG) Check if /home/rodrigo/zephyr-course_ram/twister-out/native_sim_native/host_gnu/zephyr-course_ram/tests/ring_buf/homework.unit.ring_buf/zephyr/arch/arch/posix/core/CMakeFiles/arch__posix__core.dir/posix_core_nsi.c.gcda is included (trace)...
(DEBUG) --> File is excluded.
(DEBUG) Check if posix_core_nsi.c##77327be48c018afcefed737ca3b3d40a.gcov is included (gcov file)...
(DEBUG)   Filter AlwaysMatchFilter() matched.
(DEBUG) --> File is included.
(DEBUG) Check if /home/rodrigo/zephyr-course_ram/twister-out/posix_core_nsi.c##77327be48c018afcefed737ca3b3d40a.gcov is included (trace)...
(DEBUG)   No filter matched.
(DEBUG) --> File is excluded.
(DEBUG) Finding source file corresponding to a gcov data file
  gcov_fname   /home/rodrigo/zephyr-course_ram/twister-out/posix_core_nsi.c##77327be48c018afcefed737ca3b3d40a.gcov
  current_dir  /home/rodrigo/zephyr-course_ram/twister-out
  root         /home/rodrigo/zephyr-course_ram/app/modules/ring_buf
  starting_dir /home/rodrigo/zephyr-course_ram
  obj_dir      /home/rodrigo/zephyr-course_ram/twister-out
  gcda_fname   native_sim_native/host_gnu/zephyr-course_ram/tests/ring_buf/homework.unit.ring_buf/zephyr/arch/arch/posix/core/CMakeFiles/arch__posix__core.dir/posix_core_nsi.c.gcda
  --> fname    /home/rodrigo/zephyrproject/zephyr/arch/posix/core/posix_core_nsi.c
(DEBUG) Check if /home/rodrigo/zephyrproject/zephyr/arch/posix/core/posix_core_nsi.c is included (source file)...
(DEBUG)   No filter matched.
(DEBUG) --> File is excluded.
(DEBUG) Check if /home/rodrigo/zephyr-course_ram/twister-out/native_sim_native/host_gnu/zephyr-course_ram/tests/ring_buf/homework.unit.ring_buf/zephyr/arch/arch/posix/core/CMakeFiles/arch__posix__core.dir/swap.c.gcda is included (trace)...
(DEBUG)   No filter matched.
(DEBUG) --> File is excluded.
(DEBUG) Check if /home/rodrigo/zephyr-course_ram/twister-out/native_sim_native/host_gnu/zephyr-course_ram/tests/ring_buf/homework.unit.ring_buf/zephyr/arch/arch/posix/core/CMakeFiles/arch__posix__core.dir/swap.c.gcda is included (trace)...
(DEBUG) --> File is excluded.
(DEBUG) Check if swap.c##914670a73f4a847c4230c68085c28422.gcov is included (gcov file)...
(DEBUG)   Filter AlwaysMatchFilter() matched.
(DEBUG) --> File is included.
(DEBUG) Check if arch.h##239ee5cbaf1f4f5309f62049e6f0de61.gcov is included (gcov file)...
(DEBUG) --> File is included.
(DEBUG) Check if /home/rodrigo/zephyr-course_ram/twister-out/arch.h##239ee5cbaf1f4f5309f62049e6f0de61.gcov is included (trace)...
(DEBUG) --> File is excluded.
(DEBUG) Finding source file corresponding to a gcov data file
  gcov_fname   /home/rodrigo/zephyr-course_ram/twister-out/arch.h##239ee5cbaf1f4f5309f62049e6f0de61.gcov
  current_dir  /home/rodrigo/zephyr-course_ram/twister-out
  root         /home/rodrigo/zephyr-course_ram/app/modules/ring_buf
  starting_dir /home/rodrigo/zephyr-course_ram
  obj_dir      /home/rodrigo/zephyr-course_ram/twister-out
  gcda_fname   native_sim_native/host_gnu/zephyr-course_ram/tests/ring_buf/homework.unit.ring_buf/zephyr/arch/arch/posix/core/CMakeFiles/arch__posix__core.dir/swap.c.gcda
  --> fname    /home/rodrigo/zephyrproject/zephyr/include/zephyr/arch/posix/arch.h
(DEBUG) Check if /home/rodrigo/zephyrproject/zephyr/include/zephyr/arch/posix/arch.h is included (source file)...
(DEBUG) --> File is excluded.
(DEBUG) Check if /home/rodrigo/zephyr-course_ram/twister-out/swap.c##914670a73f4a847c4230c68085c28422.gcov is included (trace)...
(DEBUG)   No filter matched.
(DEBUG) --> File is excluded.
(DEBUG) Finding source file corresponding to a gcov data file
  gcov_fname   /home/rodrigo/zephyr-course_ram/twister-out/swap.c##914670a73f4a847c4230c68085c28422.gcov
  current_dir  /home/rodrigo/zephyr-course_ram/twister-out
  root         /home/rodrigo/zephyr-course_ram/app/modules/ring_buf
  starting_dir /home/rodrigo/zephyr-course_ram
  obj_dir      /home/rodrigo/zephyr-course_ram/twister-out
  gcda_fname   native_sim_native/host_gnu/zephyr-course_ram/tests/ring_buf/homework.unit.ring_buf/zephyr/arch/arch/posix/core/CMakeFiles/arch__posix__core.dir/swap.c.gcda
  --> fname    /home/rodrigo/zephyrproject/zephyr/arch/posix/core/swap.c
(DEBUG) Check if /home/rodrigo/zephyrproject/zephyr/arch/posix/core/swap.c is included (source file)...
(DEBUG)   No filter matched.
(DEBUG) --> File is excluded.
(DEBUG) Check if /home/rodrigo/zephyr-course_ram/twister-out/native_sim_native/host_gnu/zephyr-course_ram/tests/ring_buf/homework.unit.ring_buf/zephyr/arch/arch/posix/core/CMakeFiles/arch__posix__core.dir/thread.c.gcda is included (trace)...
(DEBUG)   No filter matched.
(DEBUG) --> File is excluded.
(DEBUG) Check if /home/rodrigo/zephyr-course_ram/twister-out/native_sim_native/host_gnu/zephyr-course_ram/tests/ring_buf/homework.unit.ring_buf/zephyr/arch/arch/posix/core/CMakeFiles/arch__posix__core.dir/thread.c.gcda is included (trace)...
(DEBUG) --> File is excluded.
(DEBUG) Check if thread.c##931a64295a7e281e8f4ea33fee06e718.gcov is included (gcov file)...
(DEBUG)   Filter AlwaysMatchFilter() matched.
(DEBUG) --> File is included.
(DEBUG) Check if arch.h##239ee5cbaf1f4f5309f62049e6f0de61.gcov is included (gcov file)...
(DEBUG) --> File is included.
(DEBUG) Check if /home/rodrigo/zephyr-course_ram/twister-out/arch.h##239ee5cbaf1f4f5309f62049e6f0de61.gcov is included (trace)...
(DEBUG) --> File is excluded.
(DEBUG) Finding source file corresponding to a gcov data file
  gcov_fname   /home/rodrigo/zephyr-course_ram/twister-out/arch.h##239ee5cbaf1f4f5309f62049e6f0de61.gcov
  current_dir  /home/rodrigo/zephyr-course_ram/twister-out
  root         /home/rodrigo/zephyr-course_ram/app/modules/ring_buf
  starting_dir /home/rodrigo/zephyr-course_ram
  obj_dir      /home/rodrigo/zephyr-course_ram/twister-out
  gcda_fname   native_sim_native/host_gnu/zephyr-course_ram/tests/ring_buf/homework.unit.ring_buf/zephyr/arch/arch/posix/core/CMakeFiles/arch__posix__core.dir/thread.c.gcda
  --> fname    /home/rodrigo/zephyrproject/zephyr/include/zephyr/arch/posix/arch.h
(DEBUG) Check if /home/rodrigo/zephyrproject/zephyr/include/zephyr/arch/posix/arch.h is included (source file)...
(DEBUG) --> File is excluded.
(DEBUG) Check if /home/rodrigo/zephyr-course_ram/twister-out/thread.c##931a64295a7e281e8f4ea33fee06e718.gcov is included (trace)...
(DEBUG)   No filter matched.
(DEBUG) --> File is excluded.
(DEBUG) Finding source file corresponding to a gcov data file
  gcov_fname   /home/rodrigo/zephyr-course_ram/twister-out/thread.c##931a64295a7e281e8f4ea33fee06e718.gcov
  current_dir  /home/rodrigo/zephyr-course_ram/twister-out
  root         /home/rodrigo/zephyr-course_ram/app/modules/ring_buf
  starting_dir /home/rodrigo/zephyr-course_ram
  obj_dir      /home/rodrigo/zephyr-course_ram/twister-out
  gcda_fname   native_sim_native/host_gnu/zephyr-course_ram/tests/ring_buf/homework.unit.ring_buf/zephyr/arch/arch/posix/core/CMakeFiles/arch__posix__core.dir/thread.c.gcda
  --> fname    /home/rodrigo/zephyrproject/zephyr/arch/posix/core/thread.c
(DEBUG) Check if /home/rodrigo/zephyrproject/zephyr/arch/posix/core/thread.c is included (source file)...
(DEBUG)   No filter matched.
(DEBUG) --> File is excluded.
(DEBUG) Check if /home/rodrigo/zephyr-course_ram/twister-out/native_sim_native/host_gnu/zephyr-course_ram/tests/ring_buf/homework.unit.ring_buf/zephyr/arch/common/CMakeFiles/arch__common.dir/init.c.gcda is included (trace)...
(DEBUG)   No filter matched.
(DEBUG) --> File is excluded.
(DEBUG) Check if /home/rodrigo/zephyr-course_ram/twister-out/native_sim_native/host_gnu/zephyr-course_ram/tests/ring_buf/homework.unit.ring_buf/zephyr/arch/common/CMakeFiles/arch__common.dir/init.c.gcda is included (trace)...
(DEBUG) --> File is excluded.
(DEBUG) Check if init.c##af0007f6ee298379403eef3b3f40af76.gcov is included (gcov file)...
(DEBUG)   Filter AlwaysMatchFilter() matched.
(DEBUG) --> File is included.
(DEBUG) Check if /home/rodrigo/zephyr-course_ram/twister-out/init.c##af0007f6ee298379403eef3b3f40af76.gcov is included (trace)...
(DEBUG)   No filter matched.
(DEBUG) --> File is excluded.
(DEBUG) Finding source file corresponding to a gcov data file
  gcov_fname   /home/rodrigo/zephyr-course_ram/twister-out/init.c##af0007f6ee298379403eef3b3f40af76.gcov
  current_dir  /home/rodrigo/zephyr-course_ram/twister-out
  root         /home/rodrigo/zephyr-course_ram/app/modules/ring_buf
  starting_dir /home/rodrigo/zephyr-course_ram
  obj_dir      /home/rodrigo/zephyr-course_ram/twister-out
  gcda_fname   native_sim_native/host_gnu/zephyr-course_ram/tests/ring_buf/homework.unit.ring_buf/zephyr/arch/common/CMakeFiles/arch__common.dir/init.c.gcda
  --> fname    /home/rodrigo/zephyrproject/zephyr/arch/common/init.c
(DEBUG) Check if /home/rodrigo/zephyrproject/zephyr/arch/common/init.c is included (source file)...
(DEBUG)   No filter matched.
(DEBUG) --> File is excluded.
(DEBUG) Check if /home/rodrigo/zephyr-course_ram/twister-out/native_sim_native/host_gnu/zephyr-course_ram/tests/ring_buf/homework.unit.ring_buf/zephyr/boards/native/native_sim/CMakeFiles/boards__native__native_sim.dir/cmdline.c.gcda is included (trace)...
(DEBUG)   No filter matched.
(DEBUG) --> File is excluded.
(DEBUG) Check if /home/rodrigo/zephyr-course_ram/twister-out/native_sim_native/host_gnu/zephyr-course_ram/tests/ring_buf/homework.unit.ring_buf/zephyr/boards/native/native_sim/CMakeFiles/boards__native__native_sim.dir/cmdline.c.gcda is included (trace)...
(DEBUG) --> File is excluded.
(DEBUG) Check if cmdline.c##fe6d9486113a55fb82e3b264c11f4012.gcov is included (gcov file)...
(DEBUG)   Filter AlwaysMatchFilter() matched.
(DEBUG) --> File is included.
(DEBUG) Check if /home/rodrigo/zephyr-course_ram/twister-out/cmdline.c##fe6d9486113a55fb82e3b264c11f4012.gcov is included (trace)...
(DEBUG)   No filter matched.
(DEBUG) --> File is excluded.
(DEBUG) Finding source file corresponding to a gcov data file
  gcov_fname   /home/rodrigo/zephyr-course_ram/twister-out/cmdline.c##fe6d9486113a55fb82e3b264c11f4012.gcov
  current_dir  /home/rodrigo/zephyr-course_ram/twister-out
  root         /home/rodrigo/zephyr-course_ram/app/modules/ring_buf
  starting_dir /home/rodrigo/zephyr-course_ram
  obj_dir      /home/rodrigo/zephyr-course_ram/twister-out
  gcda_fname   native_sim_native/host_gnu/zephyr-course_ram/tests/ring_buf/homework.unit.ring_buf/zephyr/boards/native/native_sim/CMakeFiles/boards__native__native_sim.dir/cmdline.c.gcda
  --> fname    /home/rodrigo/zephyrproject/zephyr/boards/native/native_sim/cmdline.c
(DEBUG) Check if /home/rodrigo/zephyrproject/zephyr/boards/native/native_sim/cmdline.c is included (source file)...
(DEBUG)   No filter matched.
(DEBUG) --> File is excluded.
(DEBUG) Check if /home/rodrigo/zephyr-course_ram/twister-out/native_sim_native/host_gnu/zephyr-course_ram/tests/ring_buf/homework.unit.ring_buf/zephyr/boards/native/native_sim/CMakeFiles/boards__native__native_sim.dir/cpu_wait.c.gcda is included (trace)...
(DEBUG)   No filter matched.
(DEBUG) --> File is excluded.
(DEBUG) Check if /home/rodrigo/zephyr-course_ram/twister-out/native_sim_native/host_gnu/zephyr-course_ram/tests/ring_buf/homework.unit.ring_buf/zephyr/boards/native/native_sim/CMakeFiles/boards__native__native_sim.dir/cpu_wait.c.gcda is included (trace)...
(DEBUG) --> File is excluded.
(DEBUG) Check if cpu_wait.c##df740813550eae33f7d7014eda789254.gcov is included (gcov file)...
(DEBUG)   Filter AlwaysMatchFilter() matched.
(DEBUG) --> File is included.
(DEBUG) Check if nsi_hw_scheduler.h##4ea4297b01c8f016214cbe6a62a9f096.gcov is included (gcov file)...
(DEBUG) --> File is included.
(DEBUG) Check if /home/rodrigo/zephyr-course_ram/twister-out/cpu_wait.c##df740813550eae33f7d7014eda789254.gcov is included (trace)...
(DEBUG)   No filter matched.
(DEBUG) --> File is excluded.
(DEBUG) Finding source file corresponding to a gcov data file
  gcov_fname   /home/rodrigo/zephyr-course_ram/twister-out/cpu_wait.c##df740813550eae33f7d7014eda789254.gcov
  current_dir  /home/rodrigo/zephyr-course_ram/twister-out
  root         /home/rodrigo/zephyr-course_ram/app/modules/ring_buf
  starting_dir /home/rodrigo/zephyr-course_ram
  obj_dir      /home/rodrigo/zephyr-course_ram/twister-out
  gcda_fname   native_sim_native/host_gnu/zephyr-course_ram/tests/ring_buf/homework.unit.ring_buf/zephyr/boards/native/native_sim/CMakeFiles/boards__native__native_sim.dir/cpu_wait.c.gcda
  --> fname    /home/rodrigo/zephyrproject/zephyr/boards/native/native_sim/cpu_wait.c
(DEBUG) Check if /home/rodrigo/zephyrproject/zephyr/boards/native/native_sim/cpu_wait.c is included (source file)...
(DEBUG)   No filter matched.
(DEBUG) --> File is excluded.
(DEBUG) Check if /home/rodrigo/zephyr-course_ram/twister-out/nsi_hw_scheduler.h##4ea4297b01c8f016214cbe6a62a9f096.gcov is included (trace)...
(DEBUG) --> File is excluded.
(DEBUG) Finding source file corresponding to a gcov data file
  gcov_fname   /home/rodrigo/zephyr-course_ram/twister-out/nsi_hw_scheduler.h##4ea4297b01c8f016214cbe6a62a9f096.gcov
  current_dir  /home/rodrigo/zephyr-course_ram/twister-out
  root         /home/rodrigo/zephyr-course_ram/app/modules/ring_buf
  starting_dir /home/rodrigo/zephyr-course_ram
  obj_dir      /home/rodrigo/zephyr-course_ram/twister-out
  gcda_fname   native_sim_native/host_gnu/zephyr-course_ram/tests/ring_buf/homework.unit.ring_buf/zephyr/boards/native/native_sim/CMakeFiles/boards__native__native_sim.dir/cpu_wait.c.gcda
  --> fname    /home/rodrigo/zephyrproject/zephyr/scripts/native_simulator/common/src/include/nsi_hw_scheduler.h
(DEBUG) Check if /home/rodrigo/zephyrproject/zephyr/scripts/native_simulator/common/src/include/nsi_hw_scheduler.h is included (source file)...
(DEBUG) --> File is excluded.
(DEBUG) Check if /home/rodrigo/zephyr-course_ram/twister-out/native_sim_native/host_gnu/zephyr-course_ram/tests/ring_buf/homework.unit.ring_buf/zephyr/boards/native/native_sim/CMakeFiles/boards__native__native_sim.dir/irq_handler.c.gcda is included (trace)...
(DEBUG)   No filter matched.
(DEBUG) --> File is excluded.
(DEBUG) Check if /home/rodrigo/zephyr-course_ram/twister-out/native_sim_native/host_gnu/zephyr-course_ram/tests/ring_buf/homework.unit.ring_buf/zephyr/boards/native/native_sim/CMakeFiles/boards__native__native_sim.dir/irq_handler.c.gcda is included (trace)...
(DEBUG) --> File is excluded.
(DEBUG) Check if irq_handler.c##560de30f5f042fa663b15cbbfddafff9.gcov is included (gcov file)...
(DEBUG)   Filter AlwaysMatchFilter() matched.
(DEBUG) --> File is included.
(DEBUG) Check if kswap.h##8021f979b7d9fd3a3e5b1e96100592cb.gcov is included (gcov file)...
(DEBUG)   Filter AlwaysMatchFilter() matched.
(DEBUG) --> File is included.
(DEBUG) Check if arch.h##239ee5cbaf1f4f5309f62049e6f0de61.gcov is included (gcov file)...
(DEBUG) --> File is included.
(DEBUG) Check if /home/rodrigo/zephyr-course_ram/twister-out/arch.h##239ee5cbaf1f4f5309f62049e6f0de61.gcov is included (trace)...
(DEBUG) --> File is excluded.
(DEBUG) Finding source file corresponding to a gcov data file
  gcov_fname   /home/rodrigo/zephyr-course_ram/twister-out/arch.h##239ee5cbaf1f4f5309f62049e6f0de61.gcov
  current_dir  /home/rodrigo/zephyr-course_ram/twister-out
  root         /home/rodrigo/zephyr-course_ram/app/modules/ring_buf
  starting_dir /home/rodrigo/zephyr-course_ram
  obj_dir      /home/rodrigo/zephyr-course_ram/twister-out
  gcda_fname   native_sim_native/host_gnu/zephyr-course_ram/tests/ring_buf/homework.unit.ring_buf/zephyr/boards/native/native_sim/CMakeFiles/boards__native__native_sim.dir/irq_handler.c.gcda
  --> fname    /home/rodrigo/zephyrproject/zephyr/include/zephyr/arch/posix/arch.h
(DEBUG) Check if /home/rodrigo/zephyrproject/zephyr/include/zephyr/arch/posix/arch.h is included (source file)...
(DEBUG) --> File is excluded.
(DEBUG) Check if /home/rodrigo/zephyr-course_ram/twister-out/kswap.h##8021f979b7d9fd3a3e5b1e96100592cb.gcov is included (trace)...
(DEBUG)   No filter matched.
(DEBUG) --> File is excluded.
(DEBUG) Finding source file corresponding to a gcov data file
  gcov_fname   /home/rodrigo/zephyr-course_ram/twister-out/kswap.h##8021f979b7d9fd3a3e5b1e96100592cb.gcov
  current_dir  /home/rodrigo/zephyr-course_ram/twister-out
  root         /home/rodrigo/zephyr-course_ram/app/modules/ring_buf
  starting_dir /home/rodrigo/zephyr-course_ram
  obj_dir      /home/rodrigo/zephyr-course_ram/twister-out
  gcda_fname   native_sim_native/host_gnu/zephyr-course_ram/tests/ring_buf/homework.unit.ring_buf/zephyr/boards/native/native_sim/CMakeFiles/boards__native__native_sim.dir/irq_handler.c.gcda
  --> fname    /home/rodrigo/zephyrproject/zephyr/kernel/include/kswap.h
(DEBUG) Check if /home/rodrigo/zephyrproject/zephyr/kernel/include/kswap.h is included (source file)...
(DEBUG)   No filter matched.
(DEBUG) --> File is excluded.
(DEBUG) Check if /home/rodrigo/zephyr-course_ram/twister-out/irq_handler.c##560de30f5f042fa663b15cbbfddafff9.gcov is included (trace)...
(DEBUG)   No filter matched.
(DEBUG) --> File is excluded.
(DEBUG) Finding source file corresponding to a gcov data file
  gcov_fname   /home/rodrigo/zephyr-course_ram/twister-out/irq_handler.c##560de30f5f042fa663b15cbbfddafff9.gcov
  current_dir  /home/rodrigo/zephyr-course_ram/twister-out
  root         /home/rodrigo/zephyr-course_ram/app/modules/ring_buf
  starting_dir /home/rodrigo/zephyr-course_ram
  obj_dir      /home/rodrigo/zephyr-course_ram/twister-out
  gcda_fname   native_sim_native/host_gnu/zephyr-course_ram/tests/ring_buf/homework.unit.ring_buf/zephyr/boards/native/native_sim/CMakeFiles/boards__native__native_sim.dir/irq_handler.c.gcda
  --> fname    /home/rodrigo/zephyrproject/zephyr/boards/native/native_sim/irq_handler.c
(DEBUG) Check if /home/rodrigo/zephyrproject/zephyr/boards/native/native_sim/irq_handler.c is included (source file)...
(DEBUG)   No filter matched.
(DEBUG) --> File is excluded.
(DEBUG) Check if /home/rodrigo/zephyr-course_ram/twister-out/native_sim_native/host_gnu/zephyr-course_ram/tests/ring_buf/homework.unit.ring_buf/zephyr/boards/native/native_sim/CMakeFiles/boards__native__native_sim.dir/misc.c.gcno is included (trace)...
(DEBUG)   No filter matched.
(DEBUG) --> File is excluded.
(DEBUG) Check if /home/rodrigo/zephyr-course_ram/twister-out/native_sim_native/host_gnu/zephyr-course_ram/tests/ring_buf/homework.unit.ring_buf/zephyr/boards/native/native_sim/CMakeFiles/boards__native__native_sim.dir/misc.c.gcno is included (trace)...
(DEBUG) --> File is excluded.
(DEBUG) Check if /home/rodrigo/zephyr-course_ram/twister-out/native_sim_native/host_gnu/zephyr-course_ram/tests/ring_buf/homework.unit.ring_buf/zephyr/boards/native/native_sim/CMakeFiles/boards__native__native_sim.dir/nsi_if.c.gcda is included (trace)...
(DEBUG)   No filter matched.
(DEBUG) --> File is excluded.
(DEBUG) Check if /home/rodrigo/zephyr-course_ram/twister-out/native_sim_native/host_gnu/zephyr-course_ram/tests/ring_buf/homework.unit.ring_buf/zephyr/boards/native/native_sim/CMakeFiles/boards__native__native_sim.dir/nsi_if.c.gcda is included (trace)...
(DEBUG) --> File is excluded.
(DEBUG) Check if nsi_if.c##8df94cd181b01f293ad06f38bb33c83e.gcov is included (gcov file)...
(DEBUG)   Filter AlwaysMatchFilter() matched.
(DEBUG) --> File is included.
(DEBUG) Check if /home/rodrigo/zephyr-course_ram/twister-out/nsi_if.c##8df94cd181b01f293ad06f38bb33c83e.gcov is included (trace)...
(DEBUG)   No filter matched.
(DEBUG) --> File is excluded.
(DEBUG) Finding source file corresponding to a gcov data file
  gcov_fname   /home/rodrigo/zephyr-course_ram/twister-out/nsi_if.c##8df94cd181b01f293ad06f38bb33c83e.gcov
  current_dir  /home/rodrigo/zephyr-course_ram/twister-out
  root         /home/rodrigo/zephyr-course_ram/app/modules/ring_buf
  starting_dir /home/rodrigo/zephyr-course_ram
  obj_dir      /home/rodrigo/zephyr-course_ram/twister-out
  gcda_fname   native_sim_native/host_gnu/zephyr-course_ram/tests/ring_buf/homework.unit.ring_buf/zephyr/boards/native/native_sim/CMakeFiles/boards__native__native_sim.dir/nsi_if.c.gcda
  --> fname    /home/rodrigo/zephyrproject/zephyr/boards/native/native_sim/nsi_if.c
(DEBUG) Check if /home/rodrigo/zephyrproject/zephyr/boards/native/native_sim/nsi_if.c is included (source file)...
(DEBUG)   No filter matched.
(DEBUG) --> File is excluded.
(DEBUG) Check if /home/rodrigo/zephyr-course_ram/twister-out/native_sim_native/host_gnu/zephyr-course_ram/tests/ring_buf/homework.unit.ring_buf/zephyr/boards/native/native_sim/CMakeFiles/boards__native__native_sim.dir/posix_arch_if.c.gcda is included (trace)...
(DEBUG)   No filter matched.
(DEBUG) --> File is excluded.
(DEBUG) Check if /home/rodrigo/zephyr-course_ram/twister-out/native_sim_native/host_gnu/zephyr-course_ram/tests/ring_buf/homework.unit.ring_buf/zephyr/boards/native/native_sim/CMakeFiles/boards__native__native_sim.dir/posix_arch_if.c.gcda is included (trace)...
(DEBUG) --> File is excluded.
(DEBUG) Check if posix_arch_if.c##0ade16c73e33f7e497f46555736e677a.gcov is included (gcov file)...
(DEBUG)   Filter AlwaysMatchFilter() matched.
(DEBUG) --> File is included.
(DEBUG) Check if nsi_hw_scheduler.h##4ea4297b01c8f016214cbe6a62a9f096.gcov is included (gcov file)...
(DEBUG) --> File is included.
(DEBUG) Check if /home/rodrigo/zephyr-course_ram/twister-out/posix_arch_if.c##0ade16c73e33f7e497f46555736e677a.gcov is included (trace)...
(DEBUG)   No filter matched.
(DEBUG) --> File is excluded.
(DEBUG) Finding source file corresponding to a gcov data file
  gcov_fname   /home/rodrigo/zephyr-course_ram/twister-out/posix_arch_if.c##0ade16c73e33f7e497f46555736e677a.gcov
  current_dir  /home/rodrigo/zephyr-course_ram/twister-out
  root         /home/rodrigo/zephyr-course_ram/app/modules/ring_buf
  starting_dir /home/rodrigo/zephyr-course_ram
  obj_dir      /home/rodrigo/zephyr-course_ram/twister-out
  gcda_fname   native_sim_native/host_gnu/zephyr-course_ram/tests/ring_buf/homework.unit.ring_buf/zephyr/boards/native/native_sim/CMakeFiles/boards__native__native_sim.dir/posix_arch_if.c.gcda
  --> fname    /home/rodrigo/zephyrproject/zephyr/boards/native/native_sim/posix_arch_if.c
(DEBUG) Check if /home/rodrigo/zephyrproject/zephyr/boards/native/native_sim/posix_arch_if.c is included (source file)...
(DEBUG)   No filter matched.
(DEBUG) --> File is excluded.
(DEBUG) Check if /home/rodrigo/zephyr-course_ram/twister-out/nsi_hw_scheduler.h##4ea4297b01c8f016214cbe6a62a9f096.gcov is included (trace)...
(DEBUG) --> File is excluded.
(DEBUG) Finding source file corresponding to a gcov data file
  gcov_fname   /home/rodrigo/zephyr-course_ram/twister-out/nsi_hw_scheduler.h##4ea4297b01c8f016214cbe6a62a9f096.gcov
  current_dir  /home/rodrigo/zephyr-course_ram/twister-out
  root         /home/rodrigo/zephyr-course_ram/app/modules/ring_buf
  starting_dir /home/rodrigo/zephyr-course_ram
  obj_dir      /home/rodrigo/zephyr-course_ram/twister-out
  gcda_fname   native_sim_native/host_gnu/zephyr-course_ram/tests/ring_buf/homework.unit.ring_buf/zephyr/boards/native/native_sim/CMakeFiles/boards__native__native_sim.dir/posix_arch_if.c.gcda
  --> fname    /home/rodrigo/zephyrproject/zephyr/scripts/native_simulator/common/src/include/nsi_hw_scheduler.h
(DEBUG) Check if /home/rodrigo/zephyrproject/zephyr/scripts/native_simulator/common/src/include/nsi_hw_scheduler.h is included (source file)...
(DEBUG) --> File is excluded.
(DEBUG) Check if /home/rodrigo/zephyr-course_ram/twister-out/native_sim_native/host_gnu/zephyr-course_ram/tests/ring_buf/homework.unit.ring_buf/zephyr/drivers/console/CMakeFiles/drivers__console.dir/posix_arch_console.c.gcda is included (trace)...
(DEBUG)   No filter matched.
(DEBUG) --> File is excluded.
(DEBUG) Check if /home/rodrigo/zephyr-course_ram/twister-out/native_sim_native/host_gnu/zephyr-course_ram/tests/ring_buf/homework.unit.ring_buf/zephyr/drivers/console/CMakeFiles/drivers__console.dir/posix_arch_console.c.gcda is included (trace)...
(DEBUG) --> File is excluded.
(DEBUG) Check if posix_arch_console.c##14a44c92f9a84a984da575534b577e16.gcov is included (gcov file)...
(DEBUG)   Filter AlwaysMatchFilter() matched.
(DEBUG) --> File is included.
(DEBUG) Check if /home/rodrigo/zephyr-course_ram/twister-out/posix_arch_console.c##14a44c92f9a84a984da575534b577e16.gcov is included (trace)...
(DEBUG)   No filter matched.
(DEBUG) --> File is excluded.
(DEBUG) Finding source file corresponding to a gcov data file
  gcov_fname   /home/rodrigo/zephyr-course_ram/twister-out/posix_arch_console.c##14a44c92f9a84a984da575534b577e16.gcov
  current_dir  /home/rodrigo/zephyr-course_ram/twister-out
  root         /home/rodrigo/zephyr-course_ram/app/modules/ring_buf
  starting_dir /home/rodrigo/zephyr-course_ram
  obj_dir      /home/rodrigo/zephyr-course_ram/twister-out
  gcda_fname   native_sim_native/host_gnu/zephyr-course_ram/tests/ring_buf/homework.unit.ring_buf/zephyr/drivers/console/CMakeFiles/drivers__console.dir/posix_arch_console.c.gcda
  --> fname    /home/rodrigo/zephyrproject/zephyr/drivers/console/posix_arch_console.c
(DEBUG) Check if /home/rodrigo/zephyrproject/zephyr/drivers/console/posix_arch_console.c is included (source file)...
(DEBUG)   No filter matched.
(DEBUG) --> File is excluded.
(DEBUG) Check if /home/rodrigo/zephyr-course_ram/twister-out/native_sim_native/host_gnu/zephyr-course_ram/tests/ring_buf/homework.unit.ring_buf/zephyr/drivers/timer/CMakeFiles/drivers__timer.dir/native_sim_timer.c.gcda is included (trace)...
(DEBUG)   No filter matched.
(DEBUG) --> File is excluded.
(DEBUG) Check if /home/rodrigo/zephyr-course_ram/twister-out/native_sim_native/host_gnu/zephyr-course_ram/tests/ring_buf/homework.unit.ring_buf/zephyr/drivers/timer/CMakeFiles/drivers__timer.dir/native_sim_timer.c.gcda is included (trace)...
(DEBUG) --> File is excluded.
(DEBUG) Check if native_sim_timer.c##9a4ee2a22960a240ce72d0ac6142629a.gcov is included (gcov file)...
(DEBUG)   Filter AlwaysMatchFilter() matched.
(DEBUG) --> File is included.
(DEBUG) Check if nsi_hw_scheduler.h##4ea4297b01c8f016214cbe6a62a9f096.gcov is included (gcov file)...
(DEBUG) --> File is included.
(DEBUG) Check if /home/rodrigo/zephyr-course_ram/twister-out/nsi_hw_scheduler.h##4ea4297b01c8f016214cbe6a62a9f096.gcov is included (trace)...
(DEBUG) --> File is excluded.
(DEBUG) Finding source file corresponding to a gcov data file
  gcov_fname   /home/rodrigo/zephyr-course_ram/twister-out/nsi_hw_scheduler.h##4ea4297b01c8f016214cbe6a62a9f096.gcov
  current_dir  /home/rodrigo/zephyr-course_ram/twister-out
  root         /home/rodrigo/zephyr-course_ram/app/modules/ring_buf
  starting_dir /home/rodrigo/zephyr-course_ram
  obj_dir      /home/rodrigo/zephyr-course_ram/twister-out
  gcda_fname   native_sim_native/host_gnu/zephyr-course_ram/tests/ring_buf/homework.unit.ring_buf/zephyr/drivers/timer/CMakeFiles/drivers__timer.dir/native_sim_timer.c.gcda
  --> fname    /home/rodrigo/zephyrproject/zephyr/scripts/native_simulator/common/src/include/nsi_hw_scheduler.h
(DEBUG) Check if /home/rodrigo/zephyrproject/zephyr/scripts/native_simulator/common/src/include/nsi_hw_scheduler.h is included (source file)...
(DEBUG) --> File is excluded.
(DEBUG) Check if /home/rodrigo/zephyr-course_ram/twister-out/native_sim_timer.c##9a4ee2a22960a240ce72d0ac6142629a.gcov is included (trace)...
(DEBUG)   No filter matched.
(DEBUG) --> File is excluded.
(DEBUG) Finding source file corresponding to a gcov data file
  gcov_fname   /home/rodrigo/zephyr-course_ram/twister-out/native_sim_timer.c##9a4ee2a22960a240ce72d0ac6142629a.gcov
  current_dir  /home/rodrigo/zephyr-course_ram/twister-out
  root         /home/rodrigo/zephyr-course_ram/app/modules/ring_buf
  starting_dir /home/rodrigo/zephyr-course_ram
  obj_dir      /home/rodrigo/zephyr-course_ram/twister-out
  gcda_fname   native_sim_native/host_gnu/zephyr-course_ram/tests/ring_buf/homework.unit.ring_buf/zephyr/drivers/timer/CMakeFiles/drivers__timer.dir/native_sim_timer.c.gcda
  --> fname    /home/rodrigo/zephyrproject/zephyr/drivers/timer/native_sim_timer.c
(DEBUG) Check if /home/rodrigo/zephyrproject/zephyr/drivers/timer/native_sim_timer.c is included (source file)...
(DEBUG)   No filter matched.
(DEBUG) --> File is excluded.
(DEBUG) Check if /home/rodrigo/zephyr-course_ram/twister-out/native_sim_native/host_gnu/zephyr-course_ram/tests/ring_buf/homework.unit.ring_buf/zephyr/drivers/timer/CMakeFiles/drivers__timer.dir/sys_clock_init.c.gcda is included (trace)...
(DEBUG)   No filter matched.
(DEBUG) --> File is excluded.
(DEBUG) Check if /home/rodrigo/zephyr-course_ram/twister-out/native_sim_native/host_gnu/zephyr-course_ram/tests/ring_buf/homework.unit.ring_buf/zephyr/drivers/timer/CMakeFiles/drivers__timer.dir/sys_clock_init.c.gcda is included (trace)...
(DEBUG) --> File is excluded.
(DEBUG) Check if sys_clock_init.c##090f59550c0f7547081d0b29f5cd0aca.gcov is included (gcov file)...
(DEBUG)   Filter AlwaysMatchFilter() matched.
(DEBUG) --> File is included.
(DEBUG) Check if /home/rodrigo/zephyr-course_ram/twister-out/sys_clock_init.c##090f59550c0f7547081d0b29f5cd0aca.gcov is included (trace)...
(DEBUG)   No filter matched.
(DEBUG) --> File is excluded.
(DEBUG) Finding source file corresponding to a gcov data file
  gcov_fname   /home/rodrigo/zephyr-course_ram/twister-out/sys_clock_init.c##090f59550c0f7547081d0b29f5cd0aca.gcov
  current_dir  /home/rodrigo/zephyr-course_ram/twister-out
  root         /home/rodrigo/zephyr-course_ram/app/modules/ring_buf
  starting_dir /home/rodrigo/zephyr-course_ram
  obj_dir      /home/rodrigo/zephyr-course_ram/twister-out
  gcda_fname   native_sim_native/host_gnu/zephyr-course_ram/tests/ring_buf/homework.unit.ring_buf/zephyr/drivers/timer/CMakeFiles/drivers__timer.dir/sys_clock_init.c.gcda
  --> fname    /home/rodrigo/zephyrproject/zephyr/drivers/timer/sys_clock_init.c
(DEBUG) Check if /home/rodrigo/zephyrproject/zephyr/drivers/timer/sys_clock_init.c is included (source file)...
(DEBUG)   No filter matched.
(DEBUG) --> File is excluded.
(DEBUG) Check if /home/rodrigo/zephyr-course_ram/twister-out/native_sim_native/host_gnu/zephyr-course_ram/tests/ring_buf/homework.unit.ring_buf/zephyr/kernel/CMakeFiles/kernel.dir/banner.c.gcda is included (trace)...
(DEBUG)   No filter matched.
(DEBUG) --> File is excluded.
(DEBUG) Check if /home/rodrigo/zephyr-course_ram/twister-out/native_sim_native/host_gnu/zephyr-course_ram/tests/ring_buf/homework.unit.ring_buf/zephyr/kernel/CMakeFiles/kernel.dir/banner.c.gcda is included (trace)...
(DEBUG) --> File is excluded.
(DEBUG) Check if banner.c##4d492bc14552212a0365dbfec1b306ce.gcov is included (gcov file)...
(DEBUG)   Filter AlwaysMatchFilter() matched.
(DEBUG) --> File is included.
(DEBUG) Check if /home/rodrigo/zephyr-course_ram/twister-out/banner.c##4d492bc14552212a0365dbfec1b306ce.gcov is included (trace)...
(DEBUG)   No filter matched.
(DEBUG) --> File is excluded.
(DEBUG) Finding source file corresponding to a gcov data file
  gcov_fname   /home/rodrigo/zephyr-course_ram/twister-out/banner.c##4d492bc14552212a0365dbfec1b306ce.gcov
  current_dir  /home/rodrigo/zephyr-course_ram/twister-out
  root         /home/rodrigo/zephyr-course_ram/app/modules/ring_buf
  starting_dir /home/rodrigo/zephyr-course_ram
  obj_dir      /home/rodrigo/zephyr-course_ram/twister-out
  gcda_fname   native_sim_native/host_gnu/zephyr-course_ram/tests/ring_buf/homework.unit.ring_buf/zephyr/kernel/CMakeFiles/kernel.dir/banner.c.gcda
  --> fname    /home/rodrigo/zephyrproject/zephyr/kernel/banner.c
(DEBUG) Check if /home/rodrigo/zephyrproject/zephyr/kernel/banner.c is included (source file)...
(DEBUG)   No filter matched.
(DEBUG) --> File is excluded.
(DEBUG) Check if /home/rodrigo/zephyr-course_ram/twister-out/native_sim_native/host_gnu/zephyr-course_ram/tests/ring_buf/homework.unit.ring_buf/zephyr/kernel/CMakeFiles/kernel.dir/busy_wait.c.gcno is included (trace)...
(DEBUG)   No filter matched.
(DEBUG) --> File is excluded.
(DEBUG) Check if /home/rodrigo/zephyr-course_ram/twister-out/native_sim_native/host_gnu/zephyr-course_ram/tests/ring_buf/homework.unit.ring_buf/zephyr/kernel/CMakeFiles/kernel.dir/busy_wait.c.gcno is included (trace)...
(DEBUG) --> File is excluded.
(DEBUG) Check if busy_wait.c##ac2a9b011cf2c178ed93fd01399f589c.gcov is included (gcov file)...
(DEBUG)   Filter AlwaysMatchFilter() matched.
(DEBUG) --> File is included.
(DEBUG) Check if /home/rodrigo/zephyr-course_ram/twister-out/busy_wait.c##ac2a9b011cf2c178ed93fd01399f589c.gcov is included (trace)...
(DEBUG)   No filter matched.
(DEBUG) --> File is excluded.
(DEBUG) Finding source file corresponding to a gcov data file
  gcov_fname   /home/rodrigo/zephyr-course_ram/twister-out/busy_wait.c##ac2a9b011cf2c178ed93fd01399f589c.gcov
  current_dir  /home/rodrigo/zephyr-course_ram/twister-out
  root         /home/rodrigo/zephyr-course_ram/app/modules/ring_buf
  starting_dir /home/rodrigo/zephyr-course_ram
  obj_dir      /home/rodrigo/zephyr-course_ram/twister-out
  gcda_fname   native_sim_native/host_gnu/zephyr-course_ram/tests/ring_buf/homework.unit.ring_buf/zephyr/kernel/CMakeFiles/kernel.dir/busy_wait.c.gcno
  --> fname    /home/rodrigo/zephyrproject/zephyr/kernel/busy_wait.c
(DEBUG) Check if /home/rodrigo/zephyrproject/zephyr/kernel/busy_wait.c is included (source file)...
(DEBUG)   No filter matched.
(DEBUG) --> File is excluded.
(DEBUG) Check if /home/rodrigo/zephyr-course_ram/twister-out/native_sim_native/host_gnu/zephyr-course_ram/tests/ring_buf/homework.unit.ring_buf/zephyr/kernel/CMakeFiles/kernel.dir/condvar.c.gcno is included (trace)...
(DEBUG)   No filter matched.
(DEBUG) --> File is excluded.
(DEBUG) Check if /home/rodrigo/zephyr-course_ram/twister-out/native_sim_native/host_gnu/zephyr-course_ram/tests/ring_buf/homework.unit.ring_buf/zephyr/kernel/CMakeFiles/kernel.dir/condvar.c.gcno is included (trace)...
(DEBUG) --> File is excluded.
(DEBUG) Check if condvar.c##3aeb092566a693e7e92acc8254cae29b.gcov is included (gcov file)...
(DEBUG)   Filter AlwaysMatchFilter() matched.
(DEBUG) --> File is included.
(DEBUG) Check if wait_q.h##8d032c01ad982a605e65d14d4975cccf.gcov is included (gcov file)...
(DEBUG)   Filter AlwaysMatchFilter() matched.
(DEBUG) --> File is included.
(DEBUG) Check if ksched.h##172c555d5b2e2629e8c5e6360532febc.gcov is included (gcov file)...
(DEBUG)   Filter AlwaysMatchFilter() matched.
(DEBUG) --> File is included.
(DEBUG) Check if priority_q.h##99147f16078ebc096e4d103f378ac7d3.gcov is included (gcov file)...
(DEBUG)   Filter AlwaysMatchFilter() matched.
(DEBUG) --> File is included.
(DEBUG) Check if kthread.h##3887c82394eb1cae4bd9b6e72588a2b1.gcov is included (gcov file)...
(DEBUG)   Filter AlwaysMatchFilter() matched.
(DEBUG) --> File is included.
(DEBUG) Check if timeout_q.h##c6366127490abe4c065d005513ed50b8.gcov is included (gcov file)...
(DEBUG)   Filter AlwaysMatchFilter() matched.
(DEBUG) --> File is included.
(DEBUG) Check if kernel_arch_func.h##580562feec2edfd32c5a873362c5c8d2.gcov is included (gcov file)...
(DEBUG)   Filter AlwaysMatchFilter() matched.
(DEBUG) --> File is included.
(DEBUG) Check if kernel.h##33e25e586cdfb0cc7078a38f16ec62da.gcov is included (gcov file)...
(DEBUG) --> File is included.
(DEBUG) Check if kobject_internal.h##dca6fbe52c3225f96b4d07c0f7f6cb30.gcov is included (gcov file)...
(DEBUG)   Filter AlwaysMatchFilter() matched.
(DEBUG) --> File is included.
(DEBUG) Check if spinlock.h##d84264fdde7bca8b949809fef8cbefdd.gcov is included (gcov file)...
(DEBUG) --> File is included.
(DEBUG) Check if arch.h##239ee5cbaf1f4f5309f62049e6f0de61.gcov is included (gcov file)...
(DEBUG) --> File is included.
(DEBUG) Check if dlist.h##3219a21b45bb2c61f5ea102d5482e32e.gcov is included (gcov file)...
(DEBUG)   Filter AlwaysMatchFilter() matched.
(DEBUG) --> File is included.
(DEBUG) Check if /home/rodrigo/zephyr-course_ram/twister-out/ksched.h##172c555d5b2e2629e8c5e6360532febc.gcov is included (trace)...
(DEBUG)   No filter matched.
(DEBUG) --> File is excluded.
(DEBUG) Finding source file corresponding to a gcov data file
  gcov_fname   /home/rodrigo/zephyr-course_ram/twister-out/ksched.h##172c555d5b2e2629e8c5e6360532febc.gcov
  current_dir  /home/rodrigo/zephyr-course_ram/twister-out
  root         /home/rodrigo/zephyr-course_ram/app/modules/ring_buf
  starting_dir /home/rodrigo/zephyr-course_ram
  obj_dir      /home/rodrigo/zephyr-course_ram/twister-out
  gcda_fname   native_sim_native/host_gnu/zephyr-course_ram/tests/ring_buf/homework.unit.ring_buf/zephyr/kernel/CMakeFiles/kernel.dir/condvar.c.gcno
  --> fname    /home/rodrigo/zephyrproject/zephyr/kernel/include/ksched.h
(DEBUG) Check if /home/rodrigo/zephyrproject/zephyr/kernel/include/ksched.h is included (source file)...
(DEBUG)   No filter matched.
(DEBUG) --> File is excluded.
(DEBUG) Check if /home/rodrigo/zephyr-course_ram/twister-out/wait_q.h##8d032c01ad982a605e65d14d4975cccf.gcov is included (trace)...
(DEBUG)   No filter matched.
(DEBUG) --> File is excluded.
(DEBUG) Finding source file corresponding to a gcov data file
  gcov_fname   /home/rodrigo/zephyr-course_ram/twister-out/wait_q.h##8d032c01ad982a605e65d14d4975cccf.gcov
  current_dir  /home/rodrigo/zephyr-course_ram/twister-out
  root         /home/rodrigo/zephyr-course_ram/app/modules/ring_buf
  starting_dir /home/rodrigo/zephyr-course_ram
  obj_dir      /home/rodrigo/zephyr-course_ram/twister-out
  gcda_fname   native_sim_native/host_gnu/zephyr-course_ram/tests/ring_buf/homework.unit.ring_buf/zephyr/kernel/CMakeFiles/kernel.dir/condvar.c.gcno
  --> fname    /home/rodrigo/zephyrproject/zephyr/kernel/include/wait_q.h
(DEBUG) Check if /home/rodrigo/zephyrproject/zephyr/kernel/include/wait_q.h is included (source file)...
(DEBUG)   No filter matched.
(DEBUG) --> File is excluded.
(DEBUG) Check if /home/rodrigo/zephyr-course_ram/twister-out/kthread.h##3887c82394eb1cae4bd9b6e72588a2b1.gcov is included (trace)...
(DEBUG)   No filter matched.
(DEBUG) --> File is excluded.
(DEBUG) Finding source file corresponding to a gcov data file
  gcov_fname   /home/rodrigo/zephyr-course_ram/twister-out/kthread.h##3887c82394eb1cae4bd9b6e72588a2b1.gcov
  current_dir  /home/rodrigo/zephyr-course_ram/twister-out
  root         /home/rodrigo/zephyr-course_ram/app/modules/ring_buf
  starting_dir /home/rodrigo/zephyr-course_ram
  obj_dir      /home/rodrigo/zephyr-course_ram/twister-out
  gcda_fname   native_sim_native/host_gnu/zephyr-course_ram/tests/ring_buf/homework.unit.ring_buf/zephyr/kernel/CMakeFiles/kernel.dir/condvar.c.gcno
  --> fname    /home/rodrigo/zephyrproject/zephyr/kernel/include/kthread.h
(DEBUG) Check if /home/rodrigo/zephyrproject/zephyr/kernel/include/kthread.h is included (source file)...
(DEBUG)   No filter matched.
(DEBUG) --> File is excluded.
(DEBUG) Check if /home/rodrigo/zephyr-course_ram/twister-out/timeout_q.h##c6366127490abe4c065d005513ed50b8.gcov is included (trace)...
(DEBUG)   No filter matched.
(DEBUG) --> File is excluded.
(DEBUG) Finding source file corresponding to a gcov data file
  gcov_fname   /home/rodrigo/zephyr-course_ram/twister-out/timeout_q.h##c6366127490abe4c065d005513ed50b8.gcov
  current_dir  /home/rodrigo/zephyr-course_ram/twister-out
  root         /home/rodrigo/zephyr-course_ram/app/modules/ring_buf
  starting_dir /home/rodrigo/zephyr-course_ram
  obj_dir      /home/rodrigo/zephyr-course_ram/twister-out
  gcda_fname   native_sim_native/host_gnu/zephyr-course_ram/tests/ring_buf/homework.unit.ring_buf/zephyr/kernel/CMakeFiles/kernel.dir/condvar.c.gcno
  --> fname    /home/rodrigo/zephyrproject/zephyr/kernel/include/timeout_q.h
(DEBUG) Check if /home/rodrigo/zephyrproject/zephyr/kernel/include/timeout_q.h is included (source file)...
(DEBUG)   No filter matched.
(DEBUG) --> File is excluded.
(DEBUG) Check if /home/rodrigo/zephyr-course_ram/twister-out/kernel.h##33e25e586cdfb0cc7078a38f16ec62da.gcov is included (trace)...
(DEBUG) --> File is excluded.
(DEBUG) Finding source file corresponding to a gcov data file
  gcov_fname   /home/rodrigo/zephyr-course_ram/twister-out/kernel.h##33e25e586cdfb0cc7078a38f16ec62da.gcov
  current_dir  /home/rodrigo/zephyr-course_ram/twister-out
  root         /home/rodrigo/zephyr-course_ram/app/modules/ring_buf
  starting_dir /home/rodrigo/zephyr-course_ram
  obj_dir      /home/rodrigo/zephyr-course_ram/twister-out
  gcda_fname   native_sim_native/host_gnu/zephyr-course_ram/tests/ring_buf/homework.unit.ring_buf/zephyr/kernel/CMakeFiles/kernel.dir/condvar.c.gcno
  --> fname    /home/rodrigo/zephyr-course_ram/twister-out/native_sim_native/host_gnu/zephyr-course_ram/tests/ring_buf/homework.unit.ring_buf/zephyr/include/generated/zephyr/syscalls/kernel.h
(DEBUG) Check if /home/rodrigo/zephyr-course_ram/twister-out/native_sim_native/host_gnu/zephyr-course_ram/tests/ring_buf/homework.unit.ring_buf/zephyr/include/generated/zephyr/syscalls/kernel.h is included (source file)...
(DEBUG) --> File is excluded.
(DEBUG) Check if /home/rodrigo/zephyr-course_ram/twister-out/condvar.c##3aeb092566a693e7e92acc8254cae29b.gcov is included (trace)...
(DEBUG)   No filter matched.
(DEBUG) --> File is excluded.
(DEBUG) Finding source file corresponding to a gcov data file
  gcov_fname   /home/rodrigo/zephyr-course_ram/twister-out/condvar.c##3aeb092566a693e7e92acc8254cae29b.gcov
  current_dir  /home/rodrigo/zephyr-course_ram/twister-out
  root         /home/rodrigo/zephyr-course_ram/app/modules/ring_buf
  starting_dir /home/rodrigo/zephyr-course_ram
  obj_dir      /home/rodrigo/zephyr-course_ram/twister-out
  gcda_fname   native_sim_native/host_gnu/zephyr-course_ram/tests/ring_buf/homework.unit.ring_buf/zephyr/kernel/CMakeFiles/kernel.dir/condvar.c.gcno
  --> fname    /home/rodrigo/zephyrproject/zephyr/kernel/condvar.c
(DEBUG) Check if /home/rodrigo/zephyrproject/zephyr/kernel/condvar.c is included (source file)...
(DEBUG)   No filter matched.
(DEBUG) --> File is excluded.
(DEBUG) Check if /home/rodrigo/zephyr-course_ram/twister-out/priority_q.h##99147f16078ebc096e4d103f378ac7d3.gcov is included (trace)...
(DEBUG)   No filter matched.
(DEBUG) --> File is excluded.
(DEBUG) Finding source file corresponding to a gcov data file
  gcov_fname   /home/rodrigo/zephyr-course_ram/twister-out/priority_q.h##99147f16078ebc096e4d103f378ac7d3.gcov
  current_dir  /home/rodrigo/zephyr-course_ram/twister-out
  root         /home/rodrigo/zephyr-course_ram/app/modules/ring_buf
  starting_dir /home/rodrigo/zephyr-course_ram
  obj_dir      /home/rodrigo/zephyr-course_ram/twister-out
  gcda_fname   native_sim_native/host_gnu/zephyr-course_ram/tests/ring_buf/homework.unit.ring_buf/zephyr/kernel/CMakeFiles/kernel.dir/condvar.c.gcno
  --> fname    /home/rodrigo/zephyrproject/zephyr/kernel/include/priority_q.h
(DEBUG) Check if /home/rodrigo/zephyrproject/zephyr/kernel/include/priority_q.h is included (source file)...
(DEBUG)   No filter matched.
(DEBUG) --> File is excluded.
(DEBUG) Check if /home/rodrigo/zephyr-course_ram/twister-out/kernel_arch_func.h##580562feec2edfd32c5a873362c5c8d2.gcov is included (trace)...
(DEBUG)   No filter matched.
(DEBUG) --> File is excluded.
(DEBUG) Finding source file corresponding to a gcov data file
  gcov_fname   /home/rodrigo/zephyr-course_ram/twister-out/kernel_arch_func.h##580562feec2edfd32c5a873362c5c8d2.gcov
  current_dir  /home/rodrigo/zephyr-course_ram/twister-out
  root         /home/rodrigo/zephyr-course_ram/app/modules/ring_buf
  starting_dir /home/rodrigo/zephyr-course_ram
  obj_dir      /home/rodrigo/zephyr-course_ram/twister-out
  gcda_fname   native_sim_native/host_gnu/zephyr-course_ram/tests/ring_buf/homework.unit.ring_buf/zephyr/kernel/CMakeFiles/kernel.dir/condvar.c.gcno
  --> fname    /home/rodrigo/zephyrproject/zephyr/arch/posix/include/kernel_arch_func.h
(DEBUG) Check if /home/rodrigo/zephyrproject/zephyr/arch/posix/include/kernel_arch_func.h is included (source file)...
(DEBUG)   No filter matched.
(DEBUG) --> File is excluded.
(DEBUG) Check if /home/rodrigo/zephyr-course_ram/twister-out/arch.h##239ee5cbaf1f4f5309f62049e6f0de61.gcov is included (trace)...
(DEBUG) --> File is excluded.
(DEBUG) Finding source file corresponding to a gcov data file
  gcov_fname   /home/rodrigo/zephyr-course_ram/twister-out/arch.h##239ee5cbaf1f4f5309f62049e6f0de61.gcov
  current_dir  /home/rodrigo/zephyr-course_ram/twister-out
  root         /home/rodrigo/zephyr-course_ram/app/modules/ring_buf
  starting_dir /home/rodrigo/zephyr-course_ram
  obj_dir      /home/rodrigo/zephyr-course_ram/twister-out
  gcda_fname   native_sim_native/host_gnu/zephyr-course_ram/tests/ring_buf/homework.unit.ring_buf/zephyr/kernel/CMakeFiles/kernel.dir/condvar.c.gcno
  --> fname    /home/rodrigo/zephyrproject/zephyr/include/zephyr/arch/posix/arch.h
(DEBUG) Check if /home/rodrigo/zephyrproject/zephyr/include/zephyr/arch/posix/arch.h is included (source file)...
(DEBUG) --> File is excluded.
(DEBUG) Check if /home/rodrigo/zephyr-course_ram/twister-out/kobject_internal.h##dca6fbe52c3225f96b4d07c0f7f6cb30.gcov is included (trace)...
(DEBUG)   No filter matched.
(DEBUG) --> File is excluded.
(DEBUG) Finding source file corresponding to a gcov data file
  gcov_fname   /home/rodrigo/zephyr-course_ram/twister-out/kobject_internal.h##dca6fbe52c3225f96b4d07c0f7f6cb30.gcov
  current_dir  /home/rodrigo/zephyr-course_ram/twister-out
  root         /home/rodrigo/zephyr-course_ram/app/modules/ring_buf
  starting_dir /home/rodrigo/zephyr-course_ram
  obj_dir      /home/rodrigo/zephyr-course_ram/twister-out
  gcda_fname   native_sim_native/host_gnu/zephyr-course_ram/tests/ring_buf/homework.unit.ring_buf/zephyr/kernel/CMakeFiles/kernel.dir/condvar.c.gcno
  --> fname    /home/rodrigo/zephyrproject/zephyr/include/zephyr/sys/internal/kobject_internal.h
(DEBUG) Check if /home/rodrigo/zephyrproject/zephyr/include/zephyr/sys/internal/kobject_internal.h is included (source file)...
(DEBUG)   No filter matched.
(DEBUG) --> File is excluded.
(DEBUG) Check if /home/rodrigo/zephyr-course_ram/twister-out/dlist.h##3219a21b45bb2c61f5ea102d5482e32e.gcov is included (trace)...
(DEBUG)   No filter matched.
(DEBUG) --> File is excluded.
(DEBUG) Finding source file corresponding to a gcov data file
  gcov_fname   /home/rodrigo/zephyr-course_ram/twister-out/dlist.h##3219a21b45bb2c61f5ea102d5482e32e.gcov
  current_dir  /home/rodrigo/zephyr-course_ram/twister-out
  root         /home/rodrigo/zephyr-course_ram/app/modules/ring_buf
  starting_dir /home/rodrigo/zephyr-course_ram
  obj_dir      /home/rodrigo/zephyr-course_ram/twister-out
  gcda_fname   native_sim_native/host_gnu/zephyr-course_ram/tests/ring_buf/homework.unit.ring_buf/zephyr/kernel/CMakeFiles/kernel.dir/condvar.c.gcno
  --> fname    /home/rodrigo/zephyrproject/zephyr/include/zephyr/sys/dlist.h
(DEBUG) Check if /home/rodrigo/zephyrproject/zephyr/include/zephyr/sys/dlist.h is included (source file)...
(DEBUG)   No filter matched.
(DEBUG) --> File is excluded.
(DEBUG) Check if /home/rodrigo/zephyr-course_ram/twister-out/spinlock.h##d84264fdde7bca8b949809fef8cbefdd.gcov is included (trace)...
(DEBUG) --> File is excluded.
(DEBUG) Finding source file corresponding to a gcov data file
  gcov_fname   /home/rodrigo/zephyr-course_ram/twister-out/spinlock.h##d84264fdde7bca8b949809fef8cbefdd.gcov
  current_dir  /home/rodrigo/zephyr-course_ram/twister-out
  root         /home/rodrigo/zephyr-course_ram/app/modules/ring_buf
  starting_dir /home/rodrigo/zephyr-course_ram
  obj_dir      /home/rodrigo/zephyr-course_ram/twister-out
  gcda_fname   native_sim_native/host_gnu/zephyr-course_ram/tests/ring_buf/homework.unit.ring_buf/zephyr/kernel/CMakeFiles/kernel.dir/condvar.c.gcno
  --> fname    /home/rodrigo/zephyrproject/zephyr/include/zephyr/spinlock.h
(DEBUG) Check if /home/rodrigo/zephyrproject/zephyr/include/zephyr/spinlock.h is included (source file)...
(DEBUG) --> File is excluded.
(DEBUG) Check if /home/rodrigo/zephyr-course_ram/twister-out/native_sim_native/host_gnu/zephyr-course_ram/tests/ring_buf/homework.unit.ring_buf/zephyr/kernel/CMakeFiles/kernel.dir/device.c.gcda is included (trace)...
(DEBUG)   No filter matched.
(DEBUG) --> File is excluded.
(DEBUG) Check if /home/rodrigo/zephyr-course_ram/twister-out/native_sim_native/host_gnu/zephyr-course_ram/tests/ring_buf/homework.unit.ring_buf/zephyr/kernel/CMakeFiles/kernel.dir/device.c.gcda is included (trace)...
(DEBUG) --> File is excluded.
(DEBUG) Check if device.c##a2061f38f2c3e1a7acb9cf2fdf04207a.gcov is included (gcov file)...
(DEBUG)   Filter AlwaysMatchFilter() matched.
(DEBUG) --> File is included.
(DEBUG) Check if device_runtime.h##0509dc1044e027f3d294bf15b6765a60.gcov is included (gcov file)...
(DEBUG)   Filter AlwaysMatchFilter() matched.
(DEBUG) --> File is included.
(DEBUG) Check if /home/rodrigo/zephyr-course_ram/twister-out/device.c##a2061f38f2c3e1a7acb9cf2fdf04207a.gcov is included (trace)...
(DEBUG)   No filter matched.
(DEBUG) --> File is excluded.
(DEBUG) Finding source file corresponding to a gcov data file
  gcov_fname   /home/rodrigo/zephyr-course_ram/twister-out/device.c##a2061f38f2c3e1a7acb9cf2fdf04207a.gcov
  current_dir  /home/rodrigo/zephyr-course_ram/twister-out
  root         /home/rodrigo/zephyr-course_ram/app/modules/ring_buf
  starting_dir /home/rodrigo/zephyr-course_ram
  obj_dir      /home/rodrigo/zephyr-course_ram/twister-out
  gcda_fname   native_sim_native/host_gnu/zephyr-course_ram/tests/ring_buf/homework.unit.ring_buf/zephyr/kernel/CMakeFiles/kernel.dir/device.c.gcda
  --> fname    /home/rodrigo/zephyrproject/zephyr/kernel/device.c
(DEBUG) Check if /home/rodrigo/zephyrproject/zephyr/kernel/device.c is included (source file)...
(DEBUG)   No filter matched.
(DEBUG) --> File is excluded.
(DEBUG) Check if /home/rodrigo/zephyr-course_ram/twister-out/device_runtime.h##0509dc1044e027f3d294bf15b6765a60.gcov is included (trace)...
(DEBUG)   No filter matched.
(DEBUG) --> File is excluded.
(DEBUG) Finding source file corresponding to a gcov data file
  gcov_fname   /home/rodrigo/zephyr-course_ram/twister-out/device_runtime.h##0509dc1044e027f3d294bf15b6765a60.gcov
  current_dir  /home/rodrigo/zephyr-course_ram/twister-out
  root         /home/rodrigo/zephyr-course_ram/app/modules/ring_buf
  starting_dir /home/rodrigo/zephyr-course_ram
  obj_dir      /home/rodrigo/zephyr-course_ram/twister-out
  gcda_fname   native_sim_native/host_gnu/zephyr-course_ram/tests/ring_buf/homework.unit.ring_buf/zephyr/kernel/CMakeFiles/kernel.dir/device.c.gcda
  --> fname    /home/rodrigo/zephyrproject/zephyr/include/zephyr/pm/device_runtime.h
(DEBUG) Check if /home/rodrigo/zephyrproject/zephyr/include/zephyr/pm/device_runtime.h is included (source file)...
(DEBUG)   No filter matched.
(DEBUG) --> File is excluded.
(DEBUG) Check if /home/rodrigo/zephyr-course_ram/twister-out/native_sim_native/host_gnu/zephyr-course_ram/tests/ring_buf/homework.unit.ring_buf/zephyr/kernel/CMakeFiles/kernel.dir/dynamic_disabled.c.gcno is included (trace)...
(DEBUG)   No filter matched.
(DEBUG) --> File is excluded.
(DEBUG) Check if /home/rodrigo/zephyr-course_ram/twister-out/native_sim_native/host_gnu/zephyr-course_ram/tests/ring_buf/homework.unit.ring_buf/zephyr/kernel/CMakeFiles/kernel.dir/dynamic_disabled.c.gcno is included (trace)...
(DEBUG) --> File is excluded.
(DEBUG) Check if dynamic_disabled.c##eea193c4d26fb45976fe353928e73cf7.gcov is included (gcov file)...
(DEBUG)   Filter AlwaysMatchFilter() matched.
(DEBUG) --> File is included.
(DEBUG) Check if /home/rodrigo/zephyr-course_ram/twister-out/dynamic_disabled.c##eea193c4d26fb45976fe353928e73cf7.gcov is included (trace)...
(DEBUG)   No filter matched.
(DEBUG) --> File is excluded.
(DEBUG) Finding source file corresponding to a gcov data file
  gcov_fname   /home/rodrigo/zephyr-course_ram/twister-out/dynamic_disabled.c##eea193c4d26fb45976fe353928e73cf7.gcov
  current_dir  /home/rodrigo/zephyr-course_ram/twister-out
  root         /home/rodrigo/zephyr-course_ram/app/modules/ring_buf
  starting_dir /home/rodrigo/zephyr-course_ram
  obj_dir      /home/rodrigo/zephyr-course_ram/twister-out
  gcda_fname   native_sim_native/host_gnu/zephyr-course_ram/tests/ring_buf/homework.unit.ring_buf/zephyr/kernel/CMakeFiles/kernel.dir/dynamic_disabled.c.gcno
  --> fname    /home/rodrigo/zephyrproject/zephyr/kernel/dynamic_disabled.c
(DEBUG) Check if /home/rodrigo/zephyrproject/zephyr/kernel/dynamic_disabled.c is included (source file)...
(DEBUG)   No filter matched.
(DEBUG) --> File is excluded.
(DEBUG) Check if /home/rodrigo/zephyr-course_ram/twister-out/native_sim_native/host_gnu/zephyr-course_ram/tests/ring_buf/homework.unit.ring_buf/zephyr/kernel/CMakeFiles/kernel.dir/errno.c.gcno is included (trace)...
(DEBUG)   No filter matched.
(DEBUG) --> File is excluded.
(DEBUG) Check if /home/rodrigo/zephyr-course_ram/twister-out/native_sim_native/host_gnu/zephyr-course_ram/tests/ring_buf/homework.unit.ring_buf/zephyr/kernel/CMakeFiles/kernel.dir/errno.c.gcno is included (trace)...
(DEBUG) --> File is excluded.
(DEBUG) Check if errno.c##8a39948ee1a6b76cdc31648b2cfb809e.gcov is included (gcov file)...
(DEBUG)   Filter AlwaysMatchFilter() matched.
(DEBUG) --> File is included.
(DEBUG) Check if /home/rodrigo/zephyr-course_ram/twister-out/errno.c##8a39948ee1a6b76cdc31648b2cfb809e.gcov is included (trace)...
(DEBUG)   No filter matched.
(DEBUG) --> File is excluded.
(DEBUG) Finding source file corresponding to a gcov data file
  gcov_fname   /home/rodrigo/zephyr-course_ram/twister-out/errno.c##8a39948ee1a6b76cdc31648b2cfb809e.gcov
  current_dir  /home/rodrigo/zephyr-course_ram/twister-out
  root         /home/rodrigo/zephyr-course_ram/app/modules/ring_buf
  starting_dir /home/rodrigo/zephyr-course_ram
  obj_dir      /home/rodrigo/zephyr-course_ram/twister-out
  gcda_fname   native_sim_native/host_gnu/zephyr-course_ram/tests/ring_buf/homework.unit.ring_buf/zephyr/kernel/CMakeFiles/kernel.dir/errno.c.gcno
  --> fname    /home/rodrigo/zephyrproject/zephyr/kernel/errno.c
(DEBUG) Check if /home/rodrigo/zephyrproject/zephyr/kernel/errno.c is included (source file)...
(DEBUG)   No filter matched.
(DEBUG) --> File is excluded.
(DEBUG) Check if /home/rodrigo/zephyr-course_ram/twister-out/native_sim_native/host_gnu/zephyr-course_ram/tests/ring_buf/homework.unit.ring_buf/zephyr/kernel/CMakeFiles/kernel.dir/fatal.c.gcda is included (trace)...
(DEBUG)   No filter matched.
(DEBUG) --> File is excluded.
(DEBUG) Check if /home/rodrigo/zephyr-course_ram/twister-out/native_sim_native/host_gnu/zephyr-course_ram/tests/ring_buf/homework.unit.ring_buf/zephyr/kernel/CMakeFiles/kernel.dir/fatal.c.gcda is included (trace)...
(DEBUG) --> File is excluded.
(DEBUG) Check if fatal.c##e2ed0995b735b87a103aa89da4942e1d.gcov is included (gcov file)...
(DEBUG)   Filter AlwaysMatchFilter() matched.
(DEBUG) --> File is included.
(DEBUG) Check if coredump.h##ab71c07c29a83740c862a439d36608d0.gcov is included (gcov file)...
(DEBUG)   Filter AlwaysMatchFilter() matched.
(DEBUG) --> File is included.
(DEBUG) Check if log_ctrl.h##2da9817abb95ef06e14010bef9dae56e.gcov is included (gcov file)...
(DEBUG) --> File is included.
(DEBUG) Check if log_msg.h##fe60156c532143d1e30e21c32299f503.gcov is included (gcov file)...
(DEBUG) --> File is included.
(DEBUG) Check if kernel.h##33e25e586cdfb0cc7078a38f16ec62da.gcov is included (gcov file)...
(DEBUG) --> File is included.
(DEBUG) Check if arch.h##239ee5cbaf1f4f5309f62049e6f0de61.gcov is included (gcov file)...
(DEBUG) --> File is included.
(DEBUG) Check if /home/rodrigo/zephyr-course_ram/twister-out/kernel.h##33e25e586cdfb0cc7078a38f16ec62da.gcov is included (trace)...
(DEBUG) --> File is excluded.
(DEBUG) Finding source file corresponding to a gcov data file
  gcov_fname   /home/rodrigo/zephyr-course_ram/twister-out/kernel.h##33e25e586cdfb0cc7078a38f16ec62da.gcov
  current_dir  /home/rodrigo/zephyr-course_ram/twister-out
  root         /home/rodrigo/zephyr-course_ram/app/modules/ring_buf
  starting_dir /home/rodrigo/zephyr-course_ram
  obj_dir      /home/rodrigo/zephyr-course_ram/twister-out
  gcda_fname   native_sim_native/host_gnu/zephyr-course_ram/tests/ring_buf/homework.unit.ring_buf/zephyr/kernel/CMakeFiles/kernel.dir/fatal.c.gcda
  --> fname    /home/rodrigo/zephyr-course_ram/twister-out/native_sim_native/host_gnu/zephyr-course_ram/tests/ring_buf/homework.unit.ring_buf/zephyr/include/generated/zephyr/syscalls/kernel.h
(DEBUG) Check if /home/rodrigo/zephyr-course_ram/twister-out/native_sim_native/host_gnu/zephyr-course_ram/tests/ring_buf/homework.unit.ring_buf/zephyr/include/generated/zephyr/syscalls/kernel.h is included (source file)...
(DEBUG) --> File is excluded.
(DEBUG) Check if /home/rodrigo/zephyr-course_ram/twister-out/log_msg.h##fe60156c532143d1e30e21c32299f503.gcov is included (trace)...
(DEBUG) --> File is excluded.
(DEBUG) Finding source file corresponding to a gcov data file
  gcov_fname   /home/rodrigo/zephyr-course_ram/twister-out/log_msg.h##fe60156c532143d1e30e21c32299f503.gcov
  current_dir  /home/rodrigo/zephyr-course_ram/twister-out
  root         /home/rodrigo/zephyr-course_ram/app/modules/ring_buf
  starting_dir /home/rodrigo/zephyr-course_ram
  obj_dir      /home/rodrigo/zephyr-course_ram/twister-out
  gcda_fname   native_sim_native/host_gnu/zephyr-course_ram/tests/ring_buf/homework.unit.ring_buf/zephyr/kernel/CMakeFiles/kernel.dir/fatal.c.gcda
  --> fname    /home/rodrigo/zephyrproject/zephyr/include/zephyr/logging/log_msg.h
(DEBUG) Check if /home/rodrigo/zephyrproject/zephyr/include/zephyr/logging/log_msg.h is included (source file)...
(DEBUG) --> File is excluded.
(DEBUG) Check if /home/rodrigo/zephyr-course_ram/twister-out/log_ctrl.h##2da9817abb95ef06e14010bef9dae56e.gcov is included (trace)...
(DEBUG) --> File is excluded.
(DEBUG) Finding source file corresponding to a gcov data file
  gcov_fname   /home/rodrigo/zephyr-course_ram/twister-out/log_ctrl.h##2da9817abb95ef06e14010bef9dae56e.gcov
  current_dir  /home/rodrigo/zephyr-course_ram/twister-out
  root         /home/rodrigo/zephyr-course_ram/app/modules/ring_buf
  starting_dir /home/rodrigo/zephyr-course_ram
  obj_dir      /home/rodrigo/zephyr-course_ram/twister-out
  gcda_fname   native_sim_native/host_gnu/zephyr-course_ram/tests/ring_buf/homework.unit.ring_buf/zephyr/kernel/CMakeFiles/kernel.dir/fatal.c.gcda
  --> fname    /home/rodrigo/zephyr-course_ram/twister-out/native_sim_native/host_gnu/zephyr-course_ram/tests/ring_buf/homework.unit.ring_buf/zephyr/include/generated/zephyr/syscalls/log_ctrl.h
(DEBUG) Check if /home/rodrigo/zephyr-course_ram/twister-out/native_sim_native/host_gnu/zephyr-course_ram/tests/ring_buf/homework.unit.ring_buf/zephyr/include/generated/zephyr/syscalls/log_ctrl.h is included (source file)...
(DEBUG) --> File is excluded.
(DEBUG) Check if /home/rodrigo/zephyr-course_ram/twister-out/arch.h##239ee5cbaf1f4f5309f62049e6f0de61.gcov is included (trace)...
(DEBUG) --> File is excluded.
(DEBUG) Finding source file corresponding to a gcov data file
  gcov_fname   /home/rodrigo/zephyr-course_ram/twister-out/arch.h##239ee5cbaf1f4f5309f62049e6f0de61.gcov
  current_dir  /home/rodrigo/zephyr-course_ram/twister-out
  root         /home/rodrigo/zephyr-course_ram/app/modules/ring_buf
  starting_dir /home/rodrigo/zephyr-course_ram
  obj_dir      /home/rodrigo/zephyr-course_ram/twister-out
  gcda_fname   native_sim_native/host_gnu/zephyr-course_ram/tests/ring_buf/homework.unit.ring_buf/zephyr/kernel/CMakeFiles/kernel.dir/fatal.c.gcda
  --> fname    /home/rodrigo/zephyrproject/zephyr/include/zephyr/arch/posix/arch.h
(DEBUG) Check if /home/rodrigo/zephyrproject/zephyr/include/zephyr/arch/posix/arch.h is included (source file)...
(DEBUG) --> File is excluded.
(DEBUG) Check if /home/rodrigo/zephyr-course_ram/twister-out/fatal.c##e2ed0995b735b87a103aa89da4942e1d.gcov is included (trace)...
(DEBUG)   No filter matched.
(DEBUG) --> File is excluded.
(DEBUG) Finding source file corresponding to a gcov data file
  gcov_fname   /home/rodrigo/zephyr-course_ram/twister-out/fatal.c##e2ed0995b735b87a103aa89da4942e1d.gcov
  current_dir  /home/rodrigo/zephyr-course_ram/twister-out
  root         /home/rodrigo/zephyr-course_ram/app/modules/ring_buf
  starting_dir /home/rodrigo/zephyr-course_ram
  obj_dir      /home/rodrigo/zephyr-course_ram/twister-out
  gcda_fname   native_sim_native/host_gnu/zephyr-course_ram/tests/ring_buf/homework.unit.ring_buf/zephyr/kernel/CMakeFiles/kernel.dir/fatal.c.gcda
  --> fname    /home/rodrigo/zephyrproject/zephyr/kernel/fatal.c
(DEBUG) Check if /home/rodrigo/zephyrproject/zephyr/kernel/fatal.c is included (source file)...
(DEBUG)   No filter matched.
(DEBUG) --> File is excluded.
(DEBUG) Check if /home/rodrigo/zephyr-course_ram/twister-out/coredump.h##ab71c07c29a83740c862a439d36608d0.gcov is included (trace)...
(DEBUG)   No filter matched.
(DEBUG) --> File is excluded.
(DEBUG) Finding source file corresponding to a gcov data file
  gcov_fname   /home/rodrigo/zephyr-course_ram/twister-out/coredump.h##ab71c07c29a83740c862a439d36608d0.gcov
  current_dir  /home/rodrigo/zephyr-course_ram/twister-out
  root         /home/rodrigo/zephyr-course_ram/app/modules/ring_buf
  starting_dir /home/rodrigo/zephyr-course_ram
  obj_dir      /home/rodrigo/zephyr-course_ram/twister-out
  gcda_fname   native_sim_native/host_gnu/zephyr-course_ram/tests/ring_buf/homework.unit.ring_buf/zephyr/kernel/CMakeFiles/kernel.dir/fatal.c.gcda
  --> fname    /home/rodrigo/zephyrproject/zephyr/include/zephyr/debug/coredump.h
(DEBUG) Check if /home/rodrigo/zephyrproject/zephyr/include/zephyr/debug/coredump.h is included (source file)...
(DEBUG)   No filter matched.
(DEBUG) --> File is excluded.
(DEBUG) Check if /home/rodrigo/zephyr-course_ram/twister-out/native_sim_native/host_gnu/zephyr-course_ram/tests/ring_buf/homework.unit.ring_buf/zephyr/kernel/CMakeFiles/kernel.dir/float.c.gcno is included (trace)...
(DEBUG)   No filter matched.
(DEBUG) --> File is excluded.
(DEBUG) Check if /home/rodrigo/zephyr-course_ram/twister-out/native_sim_native/host_gnu/zephyr-course_ram/tests/ring_buf/homework.unit.ring_buf/zephyr/kernel/CMakeFiles/kernel.dir/float.c.gcno is included (trace)...
(DEBUG) --> File is excluded.
(DEBUG) Check if float.c##9b02f1838618996072152dbd5478be9a.gcov is included (gcov file)...
(DEBUG)   Filter AlwaysMatchFilter() matched.
(DEBUG) --> File is included.
(DEBUG) Check if /home/rodrigo/zephyr-course_ram/twister-out/float.c##9b02f1838618996072152dbd5478be9a.gcov is included (trace)...
(DEBUG)   No filter matched.
(DEBUG) --> File is excluded.
(DEBUG) Finding source file corresponding to a gcov data file
  gcov_fname   /home/rodrigo/zephyr-course_ram/twister-out/float.c##9b02f1838618996072152dbd5478be9a.gcov
  current_dir  /home/rodrigo/zephyr-course_ram/twister-out
  root         /home/rodrigo/zephyr-course_ram/app/modules/ring_buf
  starting_dir /home/rodrigo/zephyr-course_ram
  obj_dir      /home/rodrigo/zephyr-course_ram/twister-out
  gcda_fname   native_sim_native/host_gnu/zephyr-course_ram/tests/ring_buf/homework.unit.ring_buf/zephyr/kernel/CMakeFiles/kernel.dir/float.c.gcno
  --> fname    /home/rodrigo/zephyrproject/zephyr/kernel/float.c
(DEBUG) Check if /home/rodrigo/zephyrproject/zephyr/kernel/float.c is included (source file)...
(DEBUG)   No filter matched.
(DEBUG) --> File is excluded.
(DEBUG) Check if /home/rodrigo/zephyr-course_ram/twister-out/native_sim_native/host_gnu/zephyr-course_ram/tests/ring_buf/homework.unit.ring_buf/zephyr/kernel/CMakeFiles/kernel.dir/idle.c.gcda is included (trace)...
(DEBUG)   No filter matched.
(DEBUG) --> File is excluded.
(DEBUG) Check if /home/rodrigo/zephyr-course_ram/twister-out/native_sim_native/host_gnu/zephyr-course_ram/tests/ring_buf/homework.unit.ring_buf/zephyr/kernel/CMakeFiles/kernel.dir/idle.c.gcda is included (trace)...
(DEBUG) --> File is excluded.
(DEBUG) Check if idle.c##308b3c23244d559a86fe874f1a076f3e.gcov is included (gcov file)...
(DEBUG)   Filter AlwaysMatchFilter() matched.
(DEBUG) --> File is included.
(DEBUG) Check if kernel.h##2d3fbe341137ae796abdfaeb5a853926.gcov is included (gcov file)...
(DEBUG) --> File is included.
(DEBUG) Check if arch.h##239ee5cbaf1f4f5309f62049e6f0de61.gcov is included (gcov file)...
(DEBUG) --> File is included.
(DEBUG) Check if /home/rodrigo/zephyr-course_ram/twister-out/arch.h##239ee5cbaf1f4f5309f62049e6f0de61.gcov is included (trace)...
(DEBUG) --> File is excluded.
(DEBUG) Finding source file corresponding to a gcov data file
  gcov_fname   /home/rodrigo/zephyr-course_ram/twister-out/arch.h##239ee5cbaf1f4f5309f62049e6f0de61.gcov
  current_dir  /home/rodrigo/zephyr-course_ram/twister-out
  root         /home/rodrigo/zephyr-course_ram/app/modules/ring_buf
  starting_dir /home/rodrigo/zephyr-course_ram
  obj_dir      /home/rodrigo/zephyr-course_ram/twister-out
  gcda_fname   native_sim_native/host_gnu/zephyr-course_ram/tests/ring_buf/homework.unit.ring_buf/zephyr/kernel/CMakeFiles/kernel.dir/idle.c.gcda
  --> fname    /home/rodrigo/zephyrproject/zephyr/include/zephyr/arch/posix/arch.h
(DEBUG) Check if /home/rodrigo/zephyrproject/zephyr/include/zephyr/arch/posix/arch.h is included (source file)...
(DEBUG) --> File is excluded.
(DEBUG) Check if /home/rodrigo/zephyr-course_ram/twister-out/kernel.h##2d3fbe341137ae796abdfaeb5a853926.gcov is included (trace)...
(DEBUG) --> File is excluded.
(DEBUG) Finding source file corresponding to a gcov data file
  gcov_fname   /home/rodrigo/zephyr-course_ram/twister-out/kernel.h##2d3fbe341137ae796abdfaeb5a853926.gcov
  current_dir  /home/rodrigo/zephyr-course_ram/twister-out
  root         /home/rodrigo/zephyr-course_ram/app/modules/ring_buf
  starting_dir /home/rodrigo/zephyr-course_ram
  obj_dir      /home/rodrigo/zephyr-course_ram/twister-out
  gcda_fname   native_sim_native/host_gnu/zephyr-course_ram/tests/ring_buf/homework.unit.ring_buf/zephyr/kernel/CMakeFiles/kernel.dir/idle.c.gcda
  --> fname    /home/rodrigo/zephyrproject/zephyr/include/zephyr/kernel.h
(DEBUG) Check if /home/rodrigo/zephyrproject/zephyr/include/zephyr/kernel.h is included (source file)...
(DEBUG) --> File is excluded.
(DEBUG) Check if /home/rodrigo/zephyr-course_ram/twister-out/idle.c##308b3c23244d559a86fe874f1a076f3e.gcov is included (trace)...
(DEBUG)   No filter matched.
(DEBUG) --> File is excluded.
(DEBUG) Finding source file corresponding to a gcov data file
  gcov_fname   /home/rodrigo/zephyr-course_ram/twister-out/idle.c##308b3c23244d559a86fe874f1a076f3e.gcov
  current_dir  /home/rodrigo/zephyr-course_ram/twister-out
  root         /home/rodrigo/zephyr-course_ram/app/modules/ring_buf
  starting_dir /home/rodrigo/zephyr-course_ram
  obj_dir      /home/rodrigo/zephyr-course_ram/twister-out
  gcda_fname   native_sim_native/host_gnu/zephyr-course_ram/tests/ring_buf/homework.unit.ring_buf/zephyr/kernel/CMakeFiles/kernel.dir/idle.c.gcda
  --> fname    /home/rodrigo/zephyrproject/zephyr/kernel/idle.c
(DEBUG) Check if /home/rodrigo/zephyrproject/zephyr/kernel/idle.c is included (source file)...
(DEBUG)   No filter matched.
(DEBUG) --> File is excluded.
(DEBUG) Check if /home/rodrigo/zephyr-course_ram/twister-out/native_sim_native/host_gnu/zephyr-course_ram/tests/ring_buf/homework.unit.ring_buf/zephyr/kernel/CMakeFiles/kernel.dir/init.c.gcda is included (trace)...
(DEBUG)   No filter matched.
(DEBUG) --> File is excluded.
(DEBUG) Check if /home/rodrigo/zephyr-course_ram/twister-out/native_sim_native/host_gnu/zephyr-course_ram/tests/ring_buf/homework.unit.ring_buf/zephyr/kernel/CMakeFiles/kernel.dir/init.c.gcda is included (trace)...
(DEBUG) --> File is excluded.
(DEBUG) Check if init.c##391bef1db47639444ab2e1cace6ad9ad.gcov is included (gcov file)...
(DEBUG)   Filter AlwaysMatchFilter() matched.
(DEBUG) --> File is included.
(DEBUG) Check if gcov.h##c305440c56feff489cd28491af3054e6.gcov is included (gcov file)...
(DEBUG)   Filter AlwaysMatchFilter() matched.
(DEBUG) --> File is included.
(DEBUG) Check if kthread.h##3887c82394eb1cae4bd9b6e72588a2b1.gcov is included (gcov file)...
(DEBUG) --> File is included.
(DEBUG) Check if timeout_q.h##c6366127490abe4c065d005513ed50b8.gcov is included (gcov file)...
(DEBUG) --> File is included.
(DEBUG) Check if kernel_arch_func.h##580562feec2edfd32c5a873362c5c8d2.gcov is included (gcov file)...
(DEBUG) --> File is included.
(DEBUG) Check if kernel.h##33e25e586cdfb0cc7078a38f16ec62da.gcov is included (gcov file)...
(DEBUG) --> File is included.
(DEBUG) Check if kernel.h##2d3fbe341137ae796abdfaeb5a853926.gcov is included (gcov file)...
(DEBUG) --> File is included.
(DEBUG) Check if kobject_internal.h##dca6fbe52c3225f96b4d07c0f7f6cb30.gcov is included (gcov file)...
(DEBUG) --> File is included.
(DEBUG) Check if thread_stack.h##be13faf5f8471bb82098f4e4437c2bf5.gcov is included (gcov file)...
(DEBUG)   Filter AlwaysMatchFilter() matched.
(DEBUG) --> File is included.
(DEBUG) Check if arch.h##239ee5cbaf1f4f5309f62049e6f0de61.gcov is included (gcov file)...
(DEBUG) --> File is included.
(DEBUG) Check if /home/rodrigo/zephyr-course_ram/twister-out/thread_stack.h##be13faf5f8471bb82098f4e4437c2bf5.gcov is included (trace)...
(DEBUG)   No filter matched.
(DEBUG) --> File is excluded.
(DEBUG) Finding source file corresponding to a gcov data file
  gcov_fname   /home/rodrigo/zephyr-course_ram/twister-out/thread_stack.h##be13faf5f8471bb82098f4e4437c2bf5.gcov
  current_dir  /home/rodrigo/zephyr-course_ram/twister-out
  root         /home/rodrigo/zephyr-course_ram/app/modules/ring_buf
  starting_dir /home/rodrigo/zephyr-course_ram
  obj_dir      /home/rodrigo/zephyr-course_ram/twister-out
  gcda_fname   native_sim_native/host_gnu/zephyr-course_ram/tests/ring_buf/homework.unit.ring_buf/zephyr/kernel/CMakeFiles/kernel.dir/init.c.gcda
  --> fname    /home/rodrigo/zephyrproject/zephyr/include/zephyr/kernel/thread_stack.h
(DEBUG) Check if /home/rodrigo/zephyrproject/zephyr/include/zephyr/kernel/thread_stack.h is included (source file)...
(DEBUG)   No filter matched.
(DEBUG) --> File is excluded.
(DEBUG) Check if /home/rodrigo/zephyr-course_ram/twister-out/kthread.h##3887c82394eb1cae4bd9b6e72588a2b1.gcov is included (trace)...
(DEBUG) --> File is excluded.
(DEBUG) Finding source file corresponding to a gcov data file
  gcov_fname   /home/rodrigo/zephyr-course_ram/twister-out/kthread.h##3887c82394eb1cae4bd9b6e72588a2b1.gcov
  current_dir  /home/rodrigo/zephyr-course_ram/twister-out
  root         /home/rodrigo/zephyr-course_ram/app/modules/ring_buf
  starting_dir /home/rodrigo/zephyr-course_ram
  obj_dir      /home/rodrigo/zephyr-course_ram/twister-out
  gcda_fname   native_sim_native/host_gnu/zephyr-course_ram/tests/ring_buf/homework.unit.ring_buf/zephyr/kernel/CMakeFiles/kernel.dir/init.c.gcda
  --> fname    /home/rodrigo/zephyrproject/zephyr/kernel/include/kthread.h
(DEBUG) Check if /home/rodrigo/zephyrproject/zephyr/kernel/include/kthread.h is included (source file)...
(DEBUG) --> File is excluded.
(DEBUG) Check if /home/rodrigo/zephyr-course_ram/twister-out/kernel.h##2d3fbe341137ae796abdfaeb5a853926.gcov is included (trace)...
(DEBUG) --> File is excluded.
(DEBUG) Finding source file corresponding to a gcov data file
  gcov_fname   /home/rodrigo/zephyr-course_ram/twister-out/kernel.h##2d3fbe341137ae796abdfaeb5a853926.gcov
  current_dir  /home/rodrigo/zephyr-course_ram/twister-out
  root         /home/rodrigo/zephyr-course_ram/app/modules/ring_buf
  starting_dir /home/rodrigo/zephyr-course_ram
  obj_dir      /home/rodrigo/zephyr-course_ram/twister-out
  gcda_fname   native_sim_native/host_gnu/zephyr-course_ram/tests/ring_buf/homework.unit.ring_buf/zephyr/kernel/CMakeFiles/kernel.dir/init.c.gcda
  --> fname    /home/rodrigo/zephyrproject/zephyr/include/zephyr/kernel.h
(DEBUG) Check if /home/rodrigo/zephyrproject/zephyr/include/zephyr/kernel.h is included (source file)...
(DEBUG) --> File is excluded.
(DEBUG) Check if /home/rodrigo/zephyr-course_ram/twister-out/gcov.h##c305440c56feff489cd28491af3054e6.gcov is included (trace)...
(DEBUG)   No filter matched.
(DEBUG) --> File is excluded.
(DEBUG) Finding source file corresponding to a gcov data file
  gcov_fname   /home/rodrigo/zephyr-course_ram/twister-out/gcov.h##c305440c56feff489cd28491af3054e6.gcov
  current_dir  /home/rodrigo/zephyr-course_ram/twister-out
  root         /home/rodrigo/zephyr-course_ram/app/modules/ring_buf
  starting_dir /home/rodrigo/zephyr-course_ram
  obj_dir      /home/rodrigo/zephyr-course_ram/twister-out
  gcda_fname   native_sim_native/host_gnu/zephyr-course_ram/tests/ring_buf/homework.unit.ring_buf/zephyr/kernel/CMakeFiles/kernel.dir/init.c.gcda
  --> fname    /home/rodrigo/zephyrproject/zephyr/include/zephyr/debug/gcov.h
(DEBUG) Check if /home/rodrigo/zephyrproject/zephyr/include/zephyr/debug/gcov.h is included (source file)...
(DEBUG)   No filter matched.
(DEBUG) --> File is excluded.
(DEBUG) Check if /home/rodrigo/zephyr-course_ram/twister-out/timeout_q.h##c6366127490abe4c065d005513ed50b8.gcov is included (trace)...
(DEBUG) --> File is excluded.
(DEBUG) Finding source file corresponding to a gcov data file
  gcov_fname   /home/rodrigo/zephyr-course_ram/twister-out/timeout_q.h##c6366127490abe4c065d005513ed50b8.gcov
  current_dir  /home/rodrigo/zephyr-course_ram/twister-out
  root         /home/rodrigo/zephyr-course_ram/app/modules/ring_buf
  starting_dir /home/rodrigo/zephyr-course_ram
  obj_dir      /home/rodrigo/zephyr-course_ram/twister-out
  gcda_fname   native_sim_native/host_gnu/zephyr-course_ram/tests/ring_buf/homework.unit.ring_buf/zephyr/kernel/CMakeFiles/kernel.dir/init.c.gcda
  --> fname    /home/rodrigo/zephyrproject/zephyr/kernel/include/timeout_q.h
(DEBUG) Check if /home/rodrigo/zephyrproject/zephyr/kernel/include/timeout_q.h is included (source file)...
(DEBUG) --> File is excluded.
(DEBUG) Check if /home/rodrigo/zephyr-course_ram/twister-out/kernel.h##33e25e586cdfb0cc7078a38f16ec62da.gcov is included (trace)...
(DEBUG) --> File is excluded.
(DEBUG) Finding source file corresponding to a gcov data file
  gcov_fname   /home/rodrigo/zephyr-course_ram/twister-out/kernel.h##33e25e586cdfb0cc7078a38f16ec62da.gcov
  current_dir  /home/rodrigo/zephyr-course_ram/twister-out
  root         /home/rodrigo/zephyr-course_ram/app/modules/ring_buf
  starting_dir /home/rodrigo/zephyr-course_ram
  obj_dir      /home/rodrigo/zephyr-course_ram/twister-out
  gcda_fname   native_sim_native/host_gnu/zephyr-course_ram/tests/ring_buf/homework.unit.ring_buf/zephyr/kernel/CMakeFiles/kernel.dir/init.c.gcda
  --> fname    /home/rodrigo/zephyr-course_ram/twister-out/native_sim_native/host_gnu/zephyr-course_ram/tests/ring_buf/homework.unit.ring_buf/zephyr/include/generated/zephyr/syscalls/kernel.h
(DEBUG) Check if /home/rodrigo/zephyr-course_ram/twister-out/native_sim_native/host_gnu/zephyr-course_ram/tests/ring_buf/homework.unit.ring_buf/zephyr/include/generated/zephyr/syscalls/kernel.h is included (source file)...
(DEBUG) --> File is excluded.
(DEBUG) Check if /home/rodrigo/zephyr-course_ram/twister-out/kernel_arch_func.h##580562feec2edfd32c5a873362c5c8d2.gcov is included (trace)...
(DEBUG) --> File is excluded.
(DEBUG) Finding source file corresponding to a gcov data file
  gcov_fname   /home/rodrigo/zephyr-course_ram/twister-out/kernel_arch_func.h##580562feec2edfd32c5a873362c5c8d2.gcov
  current_dir  /home/rodrigo/zephyr-course_ram/twister-out
  root         /home/rodrigo/zephyr-course_ram/app/modules/ring_buf
  starting_dir /home/rodrigo/zephyr-course_ram
  obj_dir      /home/rodrigo/zephyr-course_ram/twister-out
  gcda_fname   native_sim_native/host_gnu/zephyr-course_ram/tests/ring_buf/homework.unit.ring_buf/zephyr/kernel/CMakeFiles/kernel.dir/init.c.gcda
  --> fname    /home/rodrigo/zephyrproject/zephyr/arch/posix/include/kernel_arch_func.h
(DEBUG) Check if /home/rodrigo/zephyrproject/zephyr/arch/posix/include/kernel_arch_func.h is included (source file)...
(DEBUG) --> File is excluded.
(DEBUG) Check if /home/rodrigo/zephyr-course_ram/twister-out/arch.h##239ee5cbaf1f4f5309f62049e6f0de61.gcov is included (trace)...
(DEBUG) --> File is excluded.
(DEBUG) Finding source file corresponding to a gcov data file
  gcov_fname   /home/rodrigo/zephyr-course_ram/twister-out/arch.h##239ee5cbaf1f4f5309f62049e6f0de61.gcov
  current_dir  /home/rodrigo/zephyr-course_ram/twister-out
  root         /home/rodrigo/zephyr-course_ram/app/modules/ring_buf
  starting_dir /home/rodrigo/zephyr-course_ram
  obj_dir      /home/rodrigo/zephyr-course_ram/twister-out
  gcda_fname   native_sim_native/host_gnu/zephyr-course_ram/tests/ring_buf/homework.unit.ring_buf/zephyr/kernel/CMakeFiles/kernel.dir/init.c.gcda
  --> fname    /home/rodrigo/zephyrproject/zephyr/include/zephyr/arch/posix/arch.h
(DEBUG) Check if /home/rodrigo/zephyrproject/zephyr/include/zephyr/arch/posix/arch.h is included (source file)...
(DEBUG) --> File is excluded.
(DEBUG) Check if /home/rodrigo/zephyr-course_ram/twister-out/init.c##391bef1db47639444ab2e1cace6ad9ad.gcov is included (trace)...
(DEBUG)   No filter matched.
(DEBUG) --> File is excluded.
(DEBUG) Finding source file corresponding to a gcov data file
  gcov_fname   /home/rodrigo/zephyr-course_ram/twister-out/init.c##391bef1db47639444ab2e1cace6ad9ad.gcov
  current_dir  /home/rodrigo/zephyr-course_ram/twister-out
  root         /home/rodrigo/zephyr-course_ram/app/modules/ring_buf
  starting_dir /home/rodrigo/zephyr-course_ram
  obj_dir      /home/rodrigo/zephyr-course_ram/twister-out
  gcda_fname   native_sim_native/host_gnu/zephyr-course_ram/tests/ring_buf/homework.unit.ring_buf/zephyr/kernel/CMakeFiles/kernel.dir/init.c.gcda
  --> fname    /home/rodrigo/zephyrproject/zephyr/kernel/init.c
(DEBUG) Check if /home/rodrigo/zephyrproject/zephyr/kernel/init.c is included (source file)...
(DEBUG)   No filter matched.
(DEBUG) --> File is excluded.
(DEBUG) Check if /home/rodrigo/zephyr-course_ram/twister-out/kobject_internal.h##dca6fbe52c3225f96b4d07c0f7f6cb30.gcov is included (trace)...
(DEBUG) --> File is excluded.
(DEBUG) Finding source file corresponding to a gcov data file
  gcov_fname   /home/rodrigo/zephyr-course_ram/twister-out/kobject_internal.h##dca6fbe52c3225f96b4d07c0f7f6cb30.gcov
  current_dir  /home/rodrigo/zephyr-course_ram/twister-out
  root         /home/rodrigo/zephyr-course_ram/app/modules/ring_buf
  starting_dir /home/rodrigo/zephyr-course_ram
  obj_dir      /home/rodrigo/zephyr-course_ram/twister-out
  gcda_fname   native_sim_native/host_gnu/zephyr-course_ram/tests/ring_buf/homework.unit.ring_buf/zephyr/kernel/CMakeFiles/kernel.dir/init.c.gcda
  --> fname    /home/rodrigo/zephyrproject/zephyr/include/zephyr/sys/internal/kobject_internal.h
(DEBUG) Check if /home/rodrigo/zephyrproject/zephyr/include/zephyr/sys/internal/kobject_internal.h is included (source file)...
(DEBUG) --> File is excluded.
(DEBUG) Check if /home/rodrigo/zephyr-course_ram/twister-out/native_sim_native/host_gnu/zephyr-course_ram/tests/ring_buf/homework.unit.ring_buf/zephyr/kernel/CMakeFiles/kernel.dir/kheap.c.gcno is included (trace)...
(DEBUG)   No filter matched.
(DEBUG) --> File is excluded.
(DEBUG) Check if /home/rodrigo/zephyr-course_ram/twister-out/native_sim_native/host_gnu/zephyr-course_ram/tests/ring_buf/homework.unit.ring_buf/zephyr/kernel/CMakeFiles/kernel.dir/kheap.c.gcno is included (trace)...
(DEBUG) --> File is excluded.
(DEBUG) Check if kheap.c##fd2d5410b6fbb62336415cd7d7f1cb6c.gcov is included (gcov file)...
(DEBUG)   Filter AlwaysMatchFilter() matched.
(DEBUG) --> File is included.
(DEBUG) Check if wait_q.h##8d032c01ad982a605e65d14d4975cccf.gcov is included (gcov file)...
(DEBUG) --> File is included.
(DEBUG) Check if math_extras_impl.h##2563a8d28efffc0e643dbd8634325f21.gcov is included (gcov file)...
(DEBUG) --> File is included.
(DEBUG) Check if kernel_arch_func.h##580562feec2edfd32c5a873362c5c8d2.gcov is included (gcov file)...
(DEBUG) --> File is included.
(DEBUG) Check if spinlock.h##d84264fdde7bca8b949809fef8cbefdd.gcov is included (gcov file)...
(DEBUG) --> File is included.
(DEBUG) Check if arch.h##239ee5cbaf1f4f5309f62049e6f0de61.gcov is included (gcov file)...
(DEBUG) --> File is included.
(DEBUG) Check if dlist.h##3219a21b45bb2c61f5ea102d5482e32e.gcov is included (gcov file)...
(DEBUG) --> File is included.
(DEBUG) Check if /home/rodrigo/zephyr-course_ram/twister-out/wait_q.h##8d032c01ad982a605e65d14d4975cccf.gcov is included (trace)...
(DEBUG) --> File is excluded.
(DEBUG) Finding source file corresponding to a gcov data file
  gcov_fname   /home/rodrigo/zephyr-course_ram/twister-out/wait_q.h##8d032c01ad982a605e65d14d4975cccf.gcov
  current_dir  /home/rodrigo/zephyr-course_ram/twister-out
  root         /home/rodrigo/zephyr-course_ram/app/modules/ring_buf
  starting_dir /home/rodrigo/zephyr-course_ram
  obj_dir      /home/rodrigo/zephyr-course_ram/twister-out
  gcda_fname   native_sim_native/host_gnu/zephyr-course_ram/tests/ring_buf/homework.unit.ring_buf/zephyr/kernel/CMakeFiles/kernel.dir/kheap.c.gcno
  --> fname    /home/rodrigo/zephyrproject/zephyr/kernel/include/wait_q.h
(DEBUG) Check if /home/rodrigo/zephyrproject/zephyr/kernel/include/wait_q.h is included (source file)...
(DEBUG) --> File is excluded.
(DEBUG) Check if /home/rodrigo/zephyr-course_ram/twister-out/kernel_arch_func.h##580562feec2edfd32c5a873362c5c8d2.gcov is included (trace)...
(DEBUG) --> File is excluded.
(DEBUG) Finding source file corresponding to a gcov data file
  gcov_fname   /home/rodrigo/zephyr-course_ram/twister-out/kernel_arch_func.h##580562feec2edfd32c5a873362c5c8d2.gcov
  current_dir  /home/rodrigo/zephyr-course_ram/twister-out
  root         /home/rodrigo/zephyr-course_ram/app/modules/ring_buf
  starting_dir /home/rodrigo/zephyr-course_ram
  obj_dir      /home/rodrigo/zephyr-course_ram/twister-out
  gcda_fname   native_sim_native/host_gnu/zephyr-course_ram/tests/ring_buf/homework.unit.ring_buf/zephyr/kernel/CMakeFiles/kernel.dir/kheap.c.gcno
  --> fname    /home/rodrigo/zephyrproject/zephyr/arch/posix/include/kernel_arch_func.h
(DEBUG) Check if /home/rodrigo/zephyrproject/zephyr/arch/posix/include/kernel_arch_func.h is included (source file)...
(DEBUG) --> File is excluded.
(DEBUG) Check if /home/rodrigo/zephyr-course_ram/twister-out/arch.h##239ee5cbaf1f4f5309f62049e6f0de61.gcov is included (trace)...
(DEBUG) --> File is excluded.
(DEBUG) Finding source file corresponding to a gcov data file
  gcov_fname   /home/rodrigo/zephyr-course_ram/twister-out/arch.h##239ee5cbaf1f4f5309f62049e6f0de61.gcov
  current_dir  /home/rodrigo/zephyr-course_ram/twister-out
  root         /home/rodrigo/zephyr-course_ram/app/modules/ring_buf
  starting_dir /home/rodrigo/zephyr-course_ram
  obj_dir      /home/rodrigo/zephyr-course_ram/twister-out
  gcda_fname   native_sim_native/host_gnu/zephyr-course_ram/tests/ring_buf/homework.unit.ring_buf/zephyr/kernel/CMakeFiles/kernel.dir/kheap.c.gcno
  --> fname    /home/rodrigo/zephyrproject/zephyr/include/zephyr/arch/posix/arch.h
(DEBUG) Check if /home/rodrigo/zephyrproject/zephyr/include/zephyr/arch/posix/arch.h is included (source file)...
(DEBUG) --> File is excluded.
(DEBUG) Check if /home/rodrigo/zephyr-course_ram/twister-out/math_extras_impl.h##2563a8d28efffc0e643dbd8634325f21.gcov is included (trace)...
(DEBUG) --> File is excluded.
(DEBUG) Finding source file corresponding to a gcov data file
  gcov_fname   /home/rodrigo/zephyr-course_ram/twister-out/math_extras_impl.h##2563a8d28efffc0e643dbd8634325f21.gcov
  current_dir  /home/rodrigo/zephyr-course_ram/twister-out
  root         /home/rodrigo/zephyr-course_ram/app/modules/ring_buf
  starting_dir /home/rodrigo/zephyr-course_ram
  obj_dir      /home/rodrigo/zephyr-course_ram/twister-out
  gcda_fname   native_sim_native/host_gnu/zephyr-course_ram/tests/ring_buf/homework.unit.ring_buf/zephyr/kernel/CMakeFiles/kernel.dir/kheap.c.gcno
  --> fname    /home/rodrigo/zephyrproject/zephyr/include/zephyr/sys/math_extras_impl.h
(DEBUG) Check if /home/rodrigo/zephyrproject/zephyr/include/zephyr/sys/math_extras_impl.h is included (source file)...
(DEBUG) --> File is excluded.
(DEBUG) Check if /home/rodrigo/zephyr-course_ram/twister-out/kheap.c##fd2d5410b6fbb62336415cd7d7f1cb6c.gcov is included (trace)...
(DEBUG)   No filter matched.
(DEBUG) --> File is excluded.
(DEBUG) Finding source file corresponding to a gcov data file
  gcov_fname   /home/rodrigo/zephyr-course_ram/twister-out/kheap.c##fd2d5410b6fbb62336415cd7d7f1cb6c.gcov
  current_dir  /home/rodrigo/zephyr-course_ram/twister-out
  root         /home/rodrigo/zephyr-course_ram/app/modules/ring_buf
  starting_dir /home/rodrigo/zephyr-course_ram
  obj_dir      /home/rodrigo/zephyr-course_ram/twister-out
  gcda_fname   native_sim_native/host_gnu/zephyr-course_ram/tests/ring_buf/homework.unit.ring_buf/zephyr/kernel/CMakeFiles/kernel.dir/kheap.c.gcno
  --> fname    /home/rodrigo/zephyrproject/zephyr/kernel/kheap.c
(DEBUG) Check if /home/rodrigo/zephyrproject/zephyr/kernel/kheap.c is included (source file)...
(DEBUG)   No filter matched.
(DEBUG) --> File is excluded.
(DEBUG) Check if /home/rodrigo/zephyr-course_ram/twister-out/dlist.h##3219a21b45bb2c61f5ea102d5482e32e.gcov is included (trace)...
(DEBUG) --> File is excluded.
(DEBUG) Finding source file corresponding to a gcov data file
  gcov_fname   /home/rodrigo/zephyr-course_ram/twister-out/dlist.h##3219a21b45bb2c61f5ea102d5482e32e.gcov
  current_dir  /home/rodrigo/zephyr-course_ram/twister-out
  root         /home/rodrigo/zephyr-course_ram/app/modules/ring_buf
  starting_dir /home/rodrigo/zephyr-course_ram
  obj_dir      /home/rodrigo/zephyr-course_ram/twister-out
  gcda_fname   native_sim_native/host_gnu/zephyr-course_ram/tests/ring_buf/homework.unit.ring_buf/zephyr/kernel/CMakeFiles/kernel.dir/kheap.c.gcno
  --> fname    /home/rodrigo/zephyrproject/zephyr/include/zephyr/sys/dlist.h
(DEBUG) Check if /home/rodrigo/zephyrproject/zephyr/include/zephyr/sys/dlist.h is included (source file)...
(DEBUG) --> File is excluded.
(DEBUG) Check if /home/rodrigo/zephyr-course_ram/twister-out/spinlock.h##d84264fdde7bca8b949809fef8cbefdd.gcov is included (trace)...
(DEBUG) --> File is excluded.
(DEBUG) Finding source file corresponding to a gcov data file
  gcov_fname   /home/rodrigo/zephyr-course_ram/twister-out/spinlock.h##d84264fdde7bca8b949809fef8cbefdd.gcov
  current_dir  /home/rodrigo/zephyr-course_ram/twister-out
  root         /home/rodrigo/zephyr-course_ram/app/modules/ring_buf
  starting_dir /home/rodrigo/zephyr-course_ram
  obj_dir      /home/rodrigo/zephyr-course_ram/twister-out
  gcda_fname   native_sim_native/host_gnu/zephyr-course_ram/tests/ring_buf/homework.unit.ring_buf/zephyr/kernel/CMakeFiles/kernel.dir/kheap.c.gcno
  --> fname    /home/rodrigo/zephyrproject/zephyr/include/zephyr/spinlock.h
(DEBUG) Check if /home/rodrigo/zephyrproject/zephyr/include/zephyr/spinlock.h is included (source file)...
(DEBUG) --> File is excluded.
(DEBUG) Check if /home/rodrigo/zephyr-course_ram/twister-out/native_sim_native/host_gnu/zephyr-course_ram/tests/ring_buf/homework.unit.ring_buf/zephyr/kernel/CMakeFiles/kernel.dir/mailbox.c.gcno is included (trace)...
(DEBUG)   No filter matched.
(DEBUG) --> File is excluded.
(DEBUG) Check if /home/rodrigo/zephyr-course_ram/twister-out/native_sim_native/host_gnu/zephyr-course_ram/tests/ring_buf/homework.unit.ring_buf/zephyr/kernel/CMakeFiles/kernel.dir/mailbox.c.gcno is included (trace)...
(DEBUG) --> File is excluded.
(DEBUG) Check if mailbox.c##829cda109ec9a3311a7a737589ae5c2d.gcov is included (gcov file)...
(DEBUG)   Filter AlwaysMatchFilter() matched.
(DEBUG) --> File is included.
(DEBUG) Check if wait_q.h##8d032c01ad982a605e65d14d4975cccf.gcov is included (gcov file)...
(DEBUG) --> File is included.
(DEBUG) Check if ksched.h##172c555d5b2e2629e8c5e6360532febc.gcov is included (gcov file)...
(DEBUG) --> File is included.
(DEBUG) Check if kthread.h##3887c82394eb1cae4bd9b6e72588a2b1.gcov is included (gcov file)...
(DEBUG) --> File is included.
(DEBUG) Check if kernel_arch_func.h##580562feec2edfd32c5a873362c5c8d2.gcov is included (gcov file)...
(DEBUG) --> File is included.
(DEBUG) Check if kernel.h##33e25e586cdfb0cc7078a38f16ec62da.gcov is included (gcov file)...
(DEBUG) --> File is included.
(DEBUG) Check if spinlock.h##d84264fdde7bca8b949809fef8cbefdd.gcov is included (gcov file)...
(DEBUG) --> File is included.
(DEBUG) Check if arch.h##239ee5cbaf1f4f5309f62049e6f0de61.gcov is included (gcov file)...
(DEBUG) --> File is included.
(DEBUG) Check if dlist.h##3219a21b45bb2c61f5ea102d5482e32e.gcov is included (gcov file)...
(DEBUG) --> File is included.
(DEBUG) Check if /home/rodrigo/zephyr-course_ram/twister-out/ksched.h##172c555d5b2e2629e8c5e6360532febc.gcov is included (trace)...
(DEBUG) --> File is excluded.
(DEBUG) Finding source file corresponding to a gcov data file
  gcov_fname   /home/rodrigo/zephyr-course_ram/twister-out/ksched.h##172c555d5b2e2629e8c5e6360532febc.gcov
  current_dir  /home/rodrigo/zephyr-course_ram/twister-out
  root         /home/rodrigo/zephyr-course_ram/app/modules/ring_buf
  starting_dir /home/rodrigo/zephyr-course_ram
  obj_dir      /home/rodrigo/zephyr-course_ram/twister-out
  gcda_fname   native_sim_native/host_gnu/zephyr-course_ram/tests/ring_buf/homework.unit.ring_buf/zephyr/kernel/CMakeFiles/kernel.dir/mailbox.c.gcno
  --> fname    /home/rodrigo/zephyrproject/zephyr/kernel/include/ksched.h
(DEBUG) Check if /home/rodrigo/zephyrproject/zephyr/kernel/include/ksched.h is included (source file)...
(DEBUG) --> File is excluded.
(DEBUG) Check if /home/rodrigo/zephyr-course_ram/twister-out/wait_q.h##8d032c01ad982a605e65d14d4975cccf.gcov is included (trace)...
(DEBUG) --> File is excluded.
(DEBUG) Finding source file corresponding to a gcov data file
  gcov_fname   /home/rodrigo/zephyr-course_ram/twister-out/wait_q.h##8d032c01ad982a605e65d14d4975cccf.gcov
  current_dir  /home/rodrigo/zephyr-course_ram/twister-out
  root         /home/rodrigo/zephyr-course_ram/app/modules/ring_buf
  starting_dir /home/rodrigo/zephyr-course_ram
  obj_dir      /home/rodrigo/zephyr-course_ram/twister-out
  gcda_fname   native_sim_native/host_gnu/zephyr-course_ram/tests/ring_buf/homework.unit.ring_buf/zephyr/kernel/CMakeFiles/kernel.dir/mailbox.c.gcno
  --> fname    /home/rodrigo/zephyrproject/zephyr/kernel/include/wait_q.h
(DEBUG) Check if /home/rodrigo/zephyrproject/zephyr/kernel/include/wait_q.h is included (source file)...
(DEBUG) --> File is excluded.
(DEBUG) Check if /home/rodrigo/zephyr-course_ram/twister-out/kthread.h##3887c82394eb1cae4bd9b6e72588a2b1.gcov is included (trace)...
(DEBUG) --> File is excluded.
(DEBUG) Finding source file corresponding to a gcov data file
  gcov_fname   /home/rodrigo/zephyr-course_ram/twister-out/kthread.h##3887c82394eb1cae4bd9b6e72588a2b1.gcov
  current_dir  /home/rodrigo/zephyr-course_ram/twister-out
  root         /home/rodrigo/zephyr-course_ram/app/modules/ring_buf
  starting_dir /home/rodrigo/zephyr-course_ram
  obj_dir      /home/rodrigo/zephyr-course_ram/twister-out
  gcda_fname   native_sim_native/host_gnu/zephyr-course_ram/tests/ring_buf/homework.unit.ring_buf/zephyr/kernel/CMakeFiles/kernel.dir/mailbox.c.gcno
  --> fname    /home/rodrigo/zephyrproject/zephyr/kernel/include/kthread.h
(DEBUG) Check if /home/rodrigo/zephyrproject/zephyr/kernel/include/kthread.h is included (source file)...
(DEBUG) --> File is excluded.
(DEBUG) Check if /home/rodrigo/zephyr-course_ram/twister-out/kernel.h##33e25e586cdfb0cc7078a38f16ec62da.gcov is included (trace)...
(DEBUG) --> File is excluded.
(DEBUG) Finding source file corresponding to a gcov data file
  gcov_fname   /home/rodrigo/zephyr-course_ram/twister-out/kernel.h##33e25e586cdfb0cc7078a38f16ec62da.gcov
  current_dir  /home/rodrigo/zephyr-course_ram/twister-out
  root         /home/rodrigo/zephyr-course_ram/app/modules/ring_buf
  starting_dir /home/rodrigo/zephyr-course_ram
  obj_dir      /home/rodrigo/zephyr-course_ram/twister-out
  gcda_fname   native_sim_native/host_gnu/zephyr-course_ram/tests/ring_buf/homework.unit.ring_buf/zephyr/kernel/CMakeFiles/kernel.dir/mailbox.c.gcno
  --> fname    /home/rodrigo/zephyr-course_ram/twister-out/native_sim_native/host_gnu/zephyr-course_ram/tests/ring_buf/homework.unit.ring_buf/zephyr/include/generated/zephyr/syscalls/kernel.h
(DEBUG) Check if /home/rodrigo/zephyr-course_ram/twister-out/native_sim_native/host_gnu/zephyr-course_ram/tests/ring_buf/homework.unit.ring_buf/zephyr/include/generated/zephyr/syscalls/kernel.h is included (source file)...
(DEBUG) --> File is excluded.
(DEBUG) Check if /home/rodrigo/zephyr-course_ram/twister-out/mailbox.c##829cda109ec9a3311a7a737589ae5c2d.gcov is included (trace)...
(DEBUG)   No filter matched.
(DEBUG) --> File is excluded.
(DEBUG) Finding source file corresponding to a gcov data file
  gcov_fname   /home/rodrigo/zephyr-course_ram/twister-out/mailbox.c##829cda109ec9a3311a7a737589ae5c2d.gcov
  current_dir  /home/rodrigo/zephyr-course_ram/twister-out
  root         /home/rodrigo/zephyr-course_ram/app/modules/ring_buf
  starting_dir /home/rodrigo/zephyr-course_ram
  obj_dir      /home/rodrigo/zephyr-course_ram/twister-out
  gcda_fname   native_sim_native/host_gnu/zephyr-course_ram/tests/ring_buf/homework.unit.ring_buf/zephyr/kernel/CMakeFiles/kernel.dir/mailbox.c.gcno
  --> fname    /home/rodrigo/zephyrproject/zephyr/kernel/mailbox.c
(DEBUG) Check if /home/rodrigo/zephyrproject/zephyr/kernel/mailbox.c is included (source file)...
(DEBUG)   No filter matched.
(DEBUG) --> File is excluded.
(DEBUG) Check if /home/rodrigo/zephyr-course_ram/twister-out/kernel_arch_func.h##580562feec2edfd32c5a873362c5c8d2.gcov is included (trace)...
(DEBUG) --> File is excluded.
(DEBUG) Finding source file corresponding to a gcov data file
  gcov_fname   /home/rodrigo/zephyr-course_ram/twister-out/kernel_arch_func.h##580562feec2edfd32c5a873362c5c8d2.gcov
  current_dir  /home/rodrigo/zephyr-course_ram/twister-out
  root         /home/rodrigo/zephyr-course_ram/app/modules/ring_buf
  starting_dir /home/rodrigo/zephyr-course_ram
  obj_dir      /home/rodrigo/zephyr-course_ram/twister-out
  gcda_fname   native_sim_native/host_gnu/zephyr-course_ram/tests/ring_buf/homework.unit.ring_buf/zephyr/kernel/CMakeFiles/kernel.dir/mailbox.c.gcno
  --> fname    /home/rodrigo/zephyrproject/zephyr/arch/posix/include/kernel_arch_func.h
(DEBUG) Check if /home/rodrigo/zephyrproject/zephyr/arch/posix/include/kernel_arch_func.h is included (source file)...
(DEBUG) --> File is excluded.
(DEBUG) Check if /home/rodrigo/zephyr-course_ram/twister-out/arch.h##239ee5cbaf1f4f5309f62049e6f0de61.gcov is included (trace)...
(DEBUG) --> File is excluded.
(DEBUG) Finding source file corresponding to a gcov data file
  gcov_fname   /home/rodrigo/zephyr-course_ram/twister-out/arch.h##239ee5cbaf1f4f5309f62049e6f0de61.gcov
  current_dir  /home/rodrigo/zephyr-course_ram/twister-out
  root         /home/rodrigo/zephyr-course_ram/app/modules/ring_buf
  starting_dir /home/rodrigo/zephyr-course_ram
  obj_dir      /home/rodrigo/zephyr-course_ram/twister-out
  gcda_fname   native_sim_native/host_gnu/zephyr-course_ram/tests/ring_buf/homework.unit.ring_buf/zephyr/kernel/CMakeFiles/kernel.dir/mailbox.c.gcno
  --> fname    /home/rodrigo/zephyrproject/zephyr/include/zephyr/arch/posix/arch.h
(DEBUG) Check if /home/rodrigo/zephyrproject/zephyr/include/zephyr/arch/posix/arch.h is included (source file)...
(DEBUG) --> File is excluded.
(DEBUG) Check if /home/rodrigo/zephyr-course_ram/twister-out/dlist.h##3219a21b45bb2c61f5ea102d5482e32e.gcov is included (trace)...
(DEBUG) --> File is excluded.
(DEBUG) Finding source file corresponding to a gcov data file
  gcov_fname   /home/rodrigo/zephyr-course_ram/twister-out/dlist.h##3219a21b45bb2c61f5ea102d5482e32e.gcov
  current_dir  /home/rodrigo/zephyr-course_ram/twister-out
  root         /home/rodrigo/zephyr-course_ram/app/modules/ring_buf
  starting_dir /home/rodrigo/zephyr-course_ram
  obj_dir      /home/rodrigo/zephyr-course_ram/twister-out
  gcda_fname   native_sim_native/host_gnu/zephyr-course_ram/tests/ring_buf/homework.unit.ring_buf/zephyr/kernel/CMakeFiles/kernel.dir/mailbox.c.gcno
  --> fname    /home/rodrigo/zephyrproject/zephyr/include/zephyr/sys/dlist.h
(DEBUG) Check if /home/rodrigo/zephyrproject/zephyr/include/zephyr/sys/dlist.h is included (source file)...
(DEBUG) --> File is excluded.
(DEBUG) Check if /home/rodrigo/zephyr-course_ram/twister-out/spinlock.h##d84264fdde7bca8b949809fef8cbefdd.gcov is included (trace)...
(DEBUG) --> File is excluded.
(DEBUG) Finding source file corresponding to a gcov data file
  gcov_fname   /home/rodrigo/zephyr-course_ram/twister-out/spinlock.h##d84264fdde7bca8b949809fef8cbefdd.gcov
  current_dir  /home/rodrigo/zephyr-course_ram/twister-out
  root         /home/rodrigo/zephyr-course_ram/app/modules/ring_buf
  starting_dir /home/rodrigo/zephyr-course_ram
  obj_dir      /home/rodrigo/zephyr-course_ram/twister-out
  gcda_fname   native_sim_native/host_gnu/zephyr-course_ram/tests/ring_buf/homework.unit.ring_buf/zephyr/kernel/CMakeFiles/kernel.dir/mailbox.c.gcno
  --> fname    /home/rodrigo/zephyrproject/zephyr/include/zephyr/spinlock.h
(DEBUG) Check if /home/rodrigo/zephyrproject/zephyr/include/zephyr/spinlock.h is included (source file)...
(DEBUG) --> File is excluded.
(DEBUG) Check if /home/rodrigo/zephyr-course_ram/twister-out/native_sim_native/host_gnu/zephyr-course_ram/tests/ring_buf/homework.unit.ring_buf/zephyr/kernel/CMakeFiles/kernel.dir/main_weak.c.gcno is included (trace)...
(DEBUG)   No filter matched.
(DEBUG) --> File is excluded.
(DEBUG) Check if /home/rodrigo/zephyr-course_ram/twister-out/native_sim_native/host_gnu/zephyr-course_ram/tests/ring_buf/homework.unit.ring_buf/zephyr/kernel/CMakeFiles/kernel.dir/main_weak.c.gcno is included (trace)...
(DEBUG) --> File is excluded.
(DEBUG) Check if main_weak.c##5302eb7c25d49effe01e656b05ba1424.gcov is included (gcov file)...
(DEBUG)   Filter AlwaysMatchFilter() matched.
(DEBUG) --> File is included.
(DEBUG) Check if arch.h##239ee5cbaf1f4f5309f62049e6f0de61.gcov is included (gcov file)...
(DEBUG) --> File is included.
(DEBUG) Check if /home/rodrigo/zephyr-course_ram/twister-out/arch.h##239ee5cbaf1f4f5309f62049e6f0de61.gcov is included (trace)...
(DEBUG) --> File is excluded.
(DEBUG) Finding source file corresponding to a gcov data file
  gcov_fname   /home/rodrigo/zephyr-course_ram/twister-out/arch.h##239ee5cbaf1f4f5309f62049e6f0de61.gcov
  current_dir  /home/rodrigo/zephyr-course_ram/twister-out
  root         /home/rodrigo/zephyr-course_ram/app/modules/ring_buf
  starting_dir /home/rodrigo/zephyr-course_ram
  obj_dir      /home/rodrigo/zephyr-course_ram/twister-out
  gcda_fname   native_sim_native/host_gnu/zephyr-course_ram/tests/ring_buf/homework.unit.ring_buf/zephyr/kernel/CMakeFiles/kernel.dir/main_weak.c.gcno
  --> fname    /home/rodrigo/zephyrproject/zephyr/include/zephyr/arch/posix/arch.h
(DEBUG) Check if /home/rodrigo/zephyrproject/zephyr/include/zephyr/arch/posix/arch.h is included (source file)...
(DEBUG) --> File is excluded.
(DEBUG) Check if /home/rodrigo/zephyr-course_ram/twister-out/main_weak.c##5302eb7c25d49effe01e656b05ba1424.gcov is included (trace)...
(DEBUG)   No filter matched.
(DEBUG) --> File is excluded.
(DEBUG) Finding source file corresponding to a gcov data file
  gcov_fname   /home/rodrigo/zephyr-course_ram/twister-out/main_weak.c##5302eb7c25d49effe01e656b05ba1424.gcov
  current_dir  /home/rodrigo/zephyr-course_ram/twister-out
  root         /home/rodrigo/zephyr-course_ram/app/modules/ring_buf
  starting_dir /home/rodrigo/zephyr-course_ram
  obj_dir      /home/rodrigo/zephyr-course_ram/twister-out
  gcda_fname   native_sim_native/host_gnu/zephyr-course_ram/tests/ring_buf/homework.unit.ring_buf/zephyr/kernel/CMakeFiles/kernel.dir/main_weak.c.gcno
  --> fname    /home/rodrigo/zephyrproject/zephyr/kernel/main_weak.c
(DEBUG) Check if /home/rodrigo/zephyrproject/zephyr/kernel/main_weak.c is included (source file)...
(DEBUG)   No filter matched.
(DEBUG) --> File is excluded.
(DEBUG) Check if /home/rodrigo/zephyr-course_ram/twister-out/native_sim_native/host_gnu/zephyr-course_ram/tests/ring_buf/homework.unit.ring_buf/zephyr/kernel/CMakeFiles/kernel.dir/mem_slab.c.gcno is included (trace)...
(DEBUG)   No filter matched.
(DEBUG) --> File is excluded.
(DEBUG) Check if /home/rodrigo/zephyr-course_ram/twister-out/native_sim_native/host_gnu/zephyr-course_ram/tests/ring_buf/homework.unit.ring_buf/zephyr/kernel/CMakeFiles/kernel.dir/mem_slab.c.gcno is included (trace)...
(DEBUG) --> File is excluded.
(DEBUG) Check if mem_slab.c##8361a42c2951e9da238ecd594cd8f961.gcov is included (gcov file)...
(DEBUG)   Filter AlwaysMatchFilter() matched.
(DEBUG) --> File is included.
(DEBUG) Check if wait_q.h##8d032c01ad982a605e65d14d4975cccf.gcov is included (gcov file)...
(DEBUG) --> File is included.
(DEBUG) Check if ksched.h##172c555d5b2e2629e8c5e6360532febc.gcov is included (gcov file)...
(DEBUG) --> File is included.
(DEBUG) Check if priority_q.h##99147f16078ebc096e4d103f378ac7d3.gcov is included (gcov file)...
(DEBUG) --> File is included.
(DEBUG) Check if math_extras_impl.h##2563a8d28efffc0e643dbd8634325f21.gcov is included (gcov file)...
(DEBUG) --> File is included.
(DEBUG) Check if kernel_internal.h##dca9100bcab2f1d67b3e4cb85a4aba72.gcov is included (gcov file)...
(DEBUG)   Filter AlwaysMatchFilter() matched.
(DEBUG) --> File is included.
(DEBUG) Check if kthread.h##3887c82394eb1cae4bd9b6e72588a2b1.gcov is included (gcov file)...
(DEBUG) --> File is included.
(DEBUG) Check if timeout_q.h##c6366127490abe4c065d005513ed50b8.gcov is included (gcov file)...
(DEBUG) --> File is included.
(DEBUG) Check if kernel_arch_func.h##580562feec2edfd32c5a873362c5c8d2.gcov is included (gcov file)...
(DEBUG) --> File is included.
(DEBUG) Check if kobject_internal.h##dca6fbe52c3225f96b4d07c0f7f6cb30.gcov is included (gcov file)...
(DEBUG) --> File is included.
(DEBUG) Check if spinlock.h##d84264fdde7bca8b949809fef8cbefdd.gcov is included (gcov file)...
(DEBUG) --> File is included.
(DEBUG) Check if arch.h##239ee5cbaf1f4f5309f62049e6f0de61.gcov is included (gcov file)...
(DEBUG) --> File is included.
(DEBUG) Check if dlist.h##3219a21b45bb2c61f5ea102d5482e32e.gcov is included (gcov file)...
(DEBUG) --> File is included.
(DEBUG) Check if /home/rodrigo/zephyr-course_ram/twister-out/ksched.h##172c555d5b2e2629e8c5e6360532febc.gcov is included (trace)...
(DEBUG) --> File is excluded.
(DEBUG) Finding source file corresponding to a gcov data file
  gcov_fname   /home/rodrigo/zephyr-course_ram/twister-out/ksched.h##172c555d5b2e2629e8c5e6360532febc.gcov
  current_dir  /home/rodrigo/zephyr-course_ram/twister-out
  root         /home/rodrigo/zephyr-course_ram/app/modules/ring_buf
  starting_dir /home/rodrigo/zephyr-course_ram
  obj_dir      /home/rodrigo/zephyr-course_ram/twister-out
  gcda_fname   native_sim_native/host_gnu/zephyr-course_ram/tests/ring_buf/homework.unit.ring_buf/zephyr/kernel/CMakeFiles/kernel.dir/mem_slab.c.gcno
  --> fname    /home/rodrigo/zephyrproject/zephyr/kernel/include/ksched.h
(DEBUG) Check if /home/rodrigo/zephyrproject/zephyr/kernel/include/ksched.h is included (source file)...
(DEBUG) --> File is excluded.
(DEBUG) Check if /home/rodrigo/zephyr-course_ram/twister-out/wait_q.h##8d032c01ad982a605e65d14d4975cccf.gcov is included (trace)...
(DEBUG) --> File is excluded.
(DEBUG) Finding source file corresponding to a gcov data file
  gcov_fname   /home/rodrigo/zephyr-course_ram/twister-out/wait_q.h##8d032c01ad982a605e65d14d4975cccf.gcov
  current_dir  /home/rodrigo/zephyr-course_ram/twister-out
  root         /home/rodrigo/zephyr-course_ram/app/modules/ring_buf
  starting_dir /home/rodrigo/zephyr-course_ram
  obj_dir      /home/rodrigo/zephyr-course_ram/twister-out
  gcda_fname   native_sim_native/host_gnu/zephyr-course_ram/tests/ring_buf/homework.unit.ring_buf/zephyr/kernel/CMakeFiles/kernel.dir/mem_slab.c.gcno
  --> fname    /home/rodrigo/zephyrproject/zephyr/kernel/include/wait_q.h
(DEBUG) Check if /home/rodrigo/zephyrproject/zephyr/kernel/include/wait_q.h is included (source file)...
(DEBUG) --> File is excluded.
(DEBUG) Check if /home/rodrigo/zephyr-course_ram/twister-out/kthread.h##3887c82394eb1cae4bd9b6e72588a2b1.gcov is included (trace)...
(DEBUG) --> File is excluded.
(DEBUG) Finding source file corresponding to a gcov data file
  gcov_fname   /home/rodrigo/zephyr-course_ram/twister-out/kthread.h##3887c82394eb1cae4bd9b6e72588a2b1.gcov
  current_dir  /home/rodrigo/zephyr-course_ram/twister-out
  root         /home/rodrigo/zephyr-course_ram/app/modules/ring_buf
  starting_dir /home/rodrigo/zephyr-course_ram
  obj_dir      /home/rodrigo/zephyr-course_ram/twister-out
  gcda_fname   native_sim_native/host_gnu/zephyr-course_ram/tests/ring_buf/homework.unit.ring_buf/zephyr/kernel/CMakeFiles/kernel.dir/mem_slab.c.gcno
  --> fname    /home/rodrigo/zephyrproject/zephyr/kernel/include/kthread.h
(DEBUG) Check if /home/rodrigo/zephyrproject/zephyr/kernel/include/kthread.h is included (source file)...
(DEBUG) --> File is excluded.
(DEBUG) Check if /home/rodrigo/zephyr-course_ram/twister-out/timeout_q.h##c6366127490abe4c065d005513ed50b8.gcov is included (trace)...
(DEBUG) --> File is excluded.
(DEBUG) Finding source file corresponding to a gcov data file
  gcov_fname   /home/rodrigo/zephyr-course_ram/twister-out/timeout_q.h##c6366127490abe4c065d005513ed50b8.gcov
  current_dir  /home/rodrigo/zephyr-course_ram/twister-out
  root         /home/rodrigo/zephyr-course_ram/app/modules/ring_buf
  starting_dir /home/rodrigo/zephyr-course_ram
  obj_dir      /home/rodrigo/zephyr-course_ram/twister-out
  gcda_fname   native_sim_native/host_gnu/zephyr-course_ram/tests/ring_buf/homework.unit.ring_buf/zephyr/kernel/CMakeFiles/kernel.dir/mem_slab.c.gcno
  --> fname    /home/rodrigo/zephyrproject/zephyr/kernel/include/timeout_q.h
(DEBUG) Check if /home/rodrigo/zephyrproject/zephyr/kernel/include/timeout_q.h is included (source file)...
(DEBUG) --> File is excluded.
(DEBUG) Check if /home/rodrigo/zephyr-course_ram/twister-out/priority_q.h##99147f16078ebc096e4d103f378ac7d3.gcov is included (trace)...
(DEBUG) --> File is excluded.
(DEBUG) Finding source file corresponding to a gcov data file
  gcov_fname   /home/rodrigo/zephyr-course_ram/twister-out/priority_q.h##99147f16078ebc096e4d103f378ac7d3.gcov
  current_dir  /home/rodrigo/zephyr-course_ram/twister-out
  root         /home/rodrigo/zephyr-course_ram/app/modules/ring_buf
  starting_dir /home/rodrigo/zephyr-course_ram
  obj_dir      /home/rodrigo/zephyr-course_ram/twister-out
  gcda_fname   native_sim_native/host_gnu/zephyr-course_ram/tests/ring_buf/homework.unit.ring_buf/zephyr/kernel/CMakeFiles/kernel.dir/mem_slab.c.gcno
  --> fname    /home/rodrigo/zephyrproject/zephyr/kernel/include/priority_q.h
(DEBUG) Check if /home/rodrigo/zephyrproject/zephyr/kernel/include/priority_q.h is included (source file)...
(DEBUG) --> File is excluded.
(DEBUG) Check if /home/rodrigo/zephyr-course_ram/twister-out/kernel_arch_func.h##580562feec2edfd32c5a873362c5c8d2.gcov is included (trace)...
(DEBUG) --> File is excluded.
(DEBUG) Finding source file corresponding to a gcov data file
  gcov_fname   /home/rodrigo/zephyr-course_ram/twister-out/kernel_arch_func.h##580562feec2edfd32c5a873362c5c8d2.gcov
  current_dir  /home/rodrigo/zephyr-course_ram/twister-out
  root         /home/rodrigo/zephyr-course_ram/app/modules/ring_buf
  starting_dir /home/rodrigo/zephyr-course_ram
  obj_dir      /home/rodrigo/zephyr-course_ram/twister-out
  gcda_fname   native_sim_native/host_gnu/zephyr-course_ram/tests/ring_buf/homework.unit.ring_buf/zephyr/kernel/CMakeFiles/kernel.dir/mem_slab.c.gcno
  --> fname    /home/rodrigo/zephyrproject/zephyr/arch/posix/include/kernel_arch_func.h
(DEBUG) Check if /home/rodrigo/zephyrproject/zephyr/arch/posix/include/kernel_arch_func.h is included (source file)...
(DEBUG) --> File is excluded.
(DEBUG) Check if /home/rodrigo/zephyr-course_ram/twister-out/arch.h##239ee5cbaf1f4f5309f62049e6f0de61.gcov is included (trace)...
(DEBUG) --> File is excluded.
(DEBUG) Finding source file corresponding to a gcov data file
  gcov_fname   /home/rodrigo/zephyr-course_ram/twister-out/arch.h##239ee5cbaf1f4f5309f62049e6f0de61.gcov
  current_dir  /home/rodrigo/zephyr-course_ram/twister-out
  root         /home/rodrigo/zephyr-course_ram/app/modules/ring_buf
  starting_dir /home/rodrigo/zephyr-course_ram
  obj_dir      /home/rodrigo/zephyr-course_ram/twister-out
  gcda_fname   native_sim_native/host_gnu/zephyr-course_ram/tests/ring_buf/homework.unit.ring_buf/zephyr/kernel/CMakeFiles/kernel.dir/mem_slab.c.gcno
  --> fname    /home/rodrigo/zephyrproject/zephyr/include/zephyr/arch/posix/arch.h
(DEBUG) Check if /home/rodrigo/zephyrproject/zephyr/include/zephyr/arch/posix/arch.h is included (source file)...
(DEBUG) --> File is excluded.
(DEBUG) Check if /home/rodrigo/zephyr-course_ram/twister-out/mem_slab.c##8361a42c2951e9da238ecd594cd8f961.gcov is included (trace)...
(DEBUG)   No filter matched.
(DEBUG) --> File is excluded.
(DEBUG) Finding source file corresponding to a gcov data file
  gcov_fname   /home/rodrigo/zephyr-course_ram/twister-out/mem_slab.c##8361a42c2951e9da238ecd594cd8f961.gcov
  current_dir  /home/rodrigo/zephyr-course_ram/twister-out
  root         /home/rodrigo/zephyr-course_ram/app/modules/ring_buf
  starting_dir /home/rodrigo/zephyr-course_ram
  obj_dir      /home/rodrigo/zephyr-course_ram/twister-out
  gcda_fname   native_sim_native/host_gnu/zephyr-course_ram/tests/ring_buf/homework.unit.ring_buf/zephyr/kernel/CMakeFiles/kernel.dir/mem_slab.c.gcno
  --> fname    /home/rodrigo/zephyrproject/zephyr/kernel/mem_slab.c
(DEBUG) Check if /home/rodrigo/zephyrproject/zephyr/kernel/mem_slab.c is included (source file)...
(DEBUG)   No filter matched.
(DEBUG) --> File is excluded.
(DEBUG) Check if /home/rodrigo/zephyr-course_ram/twister-out/kobject_internal.h##dca6fbe52c3225f96b4d07c0f7f6cb30.gcov is included (trace)...
(DEBUG) --> File is excluded.
(DEBUG) Finding source file corresponding to a gcov data file
  gcov_fname   /home/rodrigo/zephyr-course_ram/twister-out/kobject_internal.h##dca6fbe52c3225f96b4d07c0f7f6cb30.gcov
  current_dir  /home/rodrigo/zephyr-course_ram/twister-out
  root         /home/rodrigo/zephyr-course_ram/app/modules/ring_buf
  starting_dir /home/rodrigo/zephyr-course_ram
  obj_dir      /home/rodrigo/zephyr-course_ram/twister-out
  gcda_fname   native_sim_native/host_gnu/zephyr-course_ram/tests/ring_buf/homework.unit.ring_buf/zephyr/kernel/CMakeFiles/kernel.dir/mem_slab.c.gcno
  --> fname    /home/rodrigo/zephyrproject/zephyr/include/zephyr/sys/internal/kobject_internal.h
(DEBUG) Check if /home/rodrigo/zephyrproject/zephyr/include/zephyr/sys/internal/kobject_internal.h is included (source file)...
(DEBUG) --> File is excluded.
(DEBUG) Check if /home/rodrigo/zephyr-course_ram/twister-out/math_extras_impl.h##2563a8d28efffc0e643dbd8634325f21.gcov is included (trace)...
(DEBUG) --> File is excluded.
(DEBUG) Finding source file corresponding to a gcov data file
  gcov_fname   /home/rodrigo/zephyr-course_ram/twister-out/math_extras_impl.h##2563a8d28efffc0e643dbd8634325f21.gcov
  current_dir  /home/rodrigo/zephyr-course_ram/twister-out
  root         /home/rodrigo/zephyr-course_ram/app/modules/ring_buf
  starting_dir /home/rodrigo/zephyr-course_ram
  obj_dir      /home/rodrigo/zephyr-course_ram/twister-out
  gcda_fname   native_sim_native/host_gnu/zephyr-course_ram/tests/ring_buf/homework.unit.ring_buf/zephyr/kernel/CMakeFiles/kernel.dir/mem_slab.c.gcno
  --> fname    /home/rodrigo/zephyrproject/zephyr/include/zephyr/sys/math_extras_impl.h
(DEBUG) Check if /home/rodrigo/zephyrproject/zephyr/include/zephyr/sys/math_extras_impl.h is included (source file)...
(DEBUG) --> File is excluded.
(DEBUG) Check if /home/rodrigo/zephyr-course_ram/twister-out/kernel_internal.h##dca9100bcab2f1d67b3e4cb85a4aba72.gcov is included (trace)...
(DEBUG)   No filter matched.
(DEBUG) --> File is excluded.
(DEBUG) Finding source file corresponding to a gcov data file
  gcov_fname   /home/rodrigo/zephyr-course_ram/twister-out/kernel_internal.h##dca9100bcab2f1d67b3e4cb85a4aba72.gcov
  current_dir  /home/rodrigo/zephyr-course_ram/twister-out
  root         /home/rodrigo/zephyr-course_ram/app/modules/ring_buf
  starting_dir /home/rodrigo/zephyr-course_ram
  obj_dir      /home/rodrigo/zephyr-course_ram/twister-out
  gcda_fname   native_sim_native/host_gnu/zephyr-course_ram/tests/ring_buf/homework.unit.ring_buf/zephyr/kernel/CMakeFiles/kernel.dir/mem_slab.c.gcno
  --> fname    /home/rodrigo/zephyrproject/zephyr/kernel/include/kernel_internal.h
(DEBUG) Check if /home/rodrigo/zephyrproject/zephyr/kernel/include/kernel_internal.h is included (source file)...
(DEBUG)   No filter matched.
(DEBUG) --> File is excluded.
(DEBUG) Check if /home/rodrigo/zephyr-course_ram/twister-out/dlist.h##3219a21b45bb2c61f5ea102d5482e32e.gcov is included (trace)...
(DEBUG) --> File is excluded.
(DEBUG) Finding source file corresponding to a gcov data file
  gcov_fname   /home/rodrigo/zephyr-course_ram/twister-out/dlist.h##3219a21b45bb2c61f5ea102d5482e32e.gcov
  current_dir  /home/rodrigo/zephyr-course_ram/twister-out
  root         /home/rodrigo/zephyr-course_ram/app/modules/ring_buf
  starting_dir /home/rodrigo/zephyr-course_ram
  obj_dir      /home/rodrigo/zephyr-course_ram/twister-out
  gcda_fname   native_sim_native/host_gnu/zephyr-course_ram/tests/ring_buf/homework.unit.ring_buf/zephyr/kernel/CMakeFiles/kernel.dir/mem_slab.c.gcno
  --> fname    /home/rodrigo/zephyrproject/zephyr/include/zephyr/sys/dlist.h
(DEBUG) Check if /home/rodrigo/zephyrproject/zephyr/include/zephyr/sys/dlist.h is included (source file)...
(DEBUG) --> File is excluded.
(DEBUG) Check if /home/rodrigo/zephyr-course_ram/twister-out/spinlock.h##d84264fdde7bca8b949809fef8cbefdd.gcov is included (trace)...
(DEBUG) --> File is excluded.
(DEBUG) Finding source file corresponding to a gcov data file
  gcov_fname   /home/rodrigo/zephyr-course_ram/twister-out/spinlock.h##d84264fdde7bca8b949809fef8cbefdd.gcov
  current_dir  /home/rodrigo/zephyr-course_ram/twister-out
  root         /home/rodrigo/zephyr-course_ram/app/modules/ring_buf
  starting_dir /home/rodrigo/zephyr-course_ram
  obj_dir      /home/rodrigo/zephyr-course_ram/twister-out
  gcda_fname   native_sim_native/host_gnu/zephyr-course_ram/tests/ring_buf/homework.unit.ring_buf/zephyr/kernel/CMakeFiles/kernel.dir/mem_slab.c.gcno
  --> fname    /home/rodrigo/zephyrproject/zephyr/include/zephyr/spinlock.h
(DEBUG) Check if /home/rodrigo/zephyrproject/zephyr/include/zephyr/spinlock.h is included (source file)...
(DEBUG) --> File is excluded.
(DEBUG) Check if /home/rodrigo/zephyr-course_ram/twister-out/native_sim_native/host_gnu/zephyr-course_ram/tests/ring_buf/homework.unit.ring_buf/zephyr/kernel/CMakeFiles/kernel.dir/mempool.c.gcno is included (trace)...
(DEBUG)   No filter matched.
(DEBUG) --> File is excluded.
(DEBUG) Check if /home/rodrigo/zephyr-course_ram/twister-out/native_sim_native/host_gnu/zephyr-course_ram/tests/ring_buf/homework.unit.ring_buf/zephyr/kernel/CMakeFiles/kernel.dir/mempool.c.gcno is included (trace)...
(DEBUG) --> File is excluded.
(DEBUG) Check if mempool.c##cb4736c62f735f449652ff09ad7465b9.gcov is included (gcov file)...
(DEBUG)   Filter AlwaysMatchFilter() matched.
(DEBUG) --> File is included.
(DEBUG) Check if math_extras_impl.h##2563a8d28efffc0e643dbd8634325f21.gcov is included (gcov file)...
(DEBUG) --> File is included.
(DEBUG) Check if spinlock.h##d84264fdde7bca8b949809fef8cbefdd.gcov is included (gcov file)...
(DEBUG) --> File is included.
(DEBUG) Check if arch.h##239ee5cbaf1f4f5309f62049e6f0de61.gcov is included (gcov file)...
(DEBUG) --> File is included.
(DEBUG) Check if /home/rodrigo/zephyr-course_ram/twister-out/mempool.c##cb4736c62f735f449652ff09ad7465b9.gcov is included (trace)...
(DEBUG)   No filter matched.
(DEBUG) --> File is excluded.
(DEBUG) Finding source file corresponding to a gcov data file
  gcov_fname   /home/rodrigo/zephyr-course_ram/twister-out/mempool.c##cb4736c62f735f449652ff09ad7465b9.gcov
  current_dir  /home/rodrigo/zephyr-course_ram/twister-out
  root         /home/rodrigo/zephyr-course_ram/app/modules/ring_buf
  starting_dir /home/rodrigo/zephyr-course_ram
  obj_dir      /home/rodrigo/zephyr-course_ram/twister-out
  gcda_fname   native_sim_native/host_gnu/zephyr-course_ram/tests/ring_buf/homework.unit.ring_buf/zephyr/kernel/CMakeFiles/kernel.dir/mempool.c.gcno
  --> fname    /home/rodrigo/zephyrproject/zephyr/kernel/mempool.c
(DEBUG) Check if /home/rodrigo/zephyrproject/zephyr/kernel/mempool.c is included (source file)...
(DEBUG)   No filter matched.
(DEBUG) --> File is excluded.
(DEBUG) Check if /home/rodrigo/zephyr-course_ram/twister-out/arch.h##239ee5cbaf1f4f5309f62049e6f0de61.gcov is included (trace)...
(DEBUG) --> File is excluded.
(DEBUG) Finding source file corresponding to a gcov data file
  gcov_fname   /home/rodrigo/zephyr-course_ram/twister-out/arch.h##239ee5cbaf1f4f5309f62049e6f0de61.gcov
  current_dir  /home/rodrigo/zephyr-course_ram/twister-out
  root         /home/rodrigo/zephyr-course_ram/app/modules/ring_buf
  starting_dir /home/rodrigo/zephyr-course_ram
  obj_dir      /home/rodrigo/zephyr-course_ram/twister-out
  gcda_fname   native_sim_native/host_gnu/zephyr-course_ram/tests/ring_buf/homework.unit.ring_buf/zephyr/kernel/CMakeFiles/kernel.dir/mempool.c.gcno
  --> fname    /home/rodrigo/zephyrproject/zephyr/include/zephyr/arch/posix/arch.h
(DEBUG) Check if /home/rodrigo/zephyrproject/zephyr/include/zephyr/arch/posix/arch.h is included (source file)...
(DEBUG) --> File is excluded.
(DEBUG) Check if /home/rodrigo/zephyr-course_ram/twister-out/spinlock.h##d84264fdde7bca8b949809fef8cbefdd.gcov is included (trace)...
(DEBUG) --> File is excluded.
(DEBUG) Finding source file corresponding to a gcov data file
  gcov_fname   /home/rodrigo/zephyr-course_ram/twister-out/spinlock.h##d84264fdde7bca8b949809fef8cbefdd.gcov
  current_dir  /home/rodrigo/zephyr-course_ram/twister-out
  root         /home/rodrigo/zephyr-course_ram/app/modules/ring_buf
  starting_dir /home/rodrigo/zephyr-course_ram
  obj_dir      /home/rodrigo/zephyr-course_ram/twister-out
  gcda_fname   native_sim_native/host_gnu/zephyr-course_ram/tests/ring_buf/homework.unit.ring_buf/zephyr/kernel/CMakeFiles/kernel.dir/mempool.c.gcno
  --> fname    /home/rodrigo/zephyrproject/zephyr/include/zephyr/spinlock.h
(DEBUG) Check if /home/rodrigo/zephyrproject/zephyr/include/zephyr/spinlock.h is included (source file)...
(DEBUG) --> File is excluded.
(DEBUG) Check if /home/rodrigo/zephyr-course_ram/twister-out/math_extras_impl.h##2563a8d28efffc0e643dbd8634325f21.gcov is included (trace)...
(DEBUG) --> File is excluded.
(DEBUG) Finding source file corresponding to a gcov data file
  gcov_fname   /home/rodrigo/zephyr-course_ram/twister-out/math_extras_impl.h##2563a8d28efffc0e643dbd8634325f21.gcov
  current_dir  /home/rodrigo/zephyr-course_ram/twister-out
  root         /home/rodrigo/zephyr-course_ram/app/modules/ring_buf
  starting_dir /home/rodrigo/zephyr-course_ram
  obj_dir      /home/rodrigo/zephyr-course_ram/twister-out
  gcda_fname   native_sim_native/host_gnu/zephyr-course_ram/tests/ring_buf/homework.unit.ring_buf/zephyr/kernel/CMakeFiles/kernel.dir/mempool.c.gcno
  --> fname    /home/rodrigo/zephyrproject/zephyr/include/zephyr/sys/math_extras_impl.h
(DEBUG) Check if /home/rodrigo/zephyrproject/zephyr/include/zephyr/sys/math_extras_impl.h is included (source file)...
(DEBUG) --> File is excluded.
(DEBUG) Check if /home/rodrigo/zephyr-course_ram/twister-out/native_sim_native/host_gnu/zephyr-course_ram/tests/ring_buf/homework.unit.ring_buf/zephyr/kernel/CMakeFiles/kernel.dir/msg_q.c.gcno is included (trace)...
(DEBUG)   No filter matched.
(DEBUG) --> File is excluded.
(DEBUG) Check if /home/rodrigo/zephyr-course_ram/twister-out/native_sim_native/host_gnu/zephyr-course_ram/tests/ring_buf/homework.unit.ring_buf/zephyr/kernel/CMakeFiles/kernel.dir/msg_q.c.gcno is included (trace)...
(DEBUG) --> File is excluded.
(DEBUG) Check if msg_q.c##f212cfb6fba6d4dcd4f274611fcf5141.gcov is included (gcov file)...
(DEBUG)   Filter AlwaysMatchFilter() matched.
(DEBUG) --> File is included.
(DEBUG) Check if wait_q.h##8d032c01ad982a605e65d14d4975cccf.gcov is included (gcov file)...
(DEBUG) --> File is included.
(DEBUG) Check if ksched.h##172c555d5b2e2629e8c5e6360532febc.gcov is included (gcov file)...
(DEBUG) --> File is included.
(DEBUG) Check if priority_q.h##99147f16078ebc096e4d103f378ac7d3.gcov is included (gcov file)...
(DEBUG) --> File is included.
(DEBUG) Check if math_extras_impl.h##2563a8d28efffc0e643dbd8634325f21.gcov is included (gcov file)...
(DEBUG) --> File is included.
(DEBUG) Check if kthread.h##3887c82394eb1cae4bd9b6e72588a2b1.gcov is included (gcov file)...
(DEBUG) --> File is included.
(DEBUG) Check if timeout_q.h##c6366127490abe4c065d005513ed50b8.gcov is included (gcov file)...
(DEBUG) --> File is included.
(DEBUG) Check if kernel_arch_func.h##580562feec2edfd32c5a873362c5c8d2.gcov is included (gcov file)...
(DEBUG) --> File is included.
(DEBUG) Check if kobject_internal.h##dca6fbe52c3225f96b4d07c0f7f6cb30.gcov is included (gcov file)...
(DEBUG) --> File is included.
(DEBUG) Check if spinlock.h##d84264fdde7bca8b949809fef8cbefdd.gcov is included (gcov file)...
(DEBUG) --> File is included.
(DEBUG) Check if arch.h##239ee5cbaf1f4f5309f62049e6f0de61.gcov is included (gcov file)...
(DEBUG) --> File is included.
(DEBUG) Check if dlist.h##3219a21b45bb2c61f5ea102d5482e32e.gcov is included (gcov file)...
(DEBUG) --> File is included.
(DEBUG) Check if /home/rodrigo/zephyr-course_ram/twister-out/ksched.h##172c555d5b2e2629e8c5e6360532febc.gcov is included (trace)...
(DEBUG) --> File is excluded.
(DEBUG) Finding source file corresponding to a gcov data file
  gcov_fname   /home/rodrigo/zephyr-course_ram/twister-out/ksched.h##172c555d5b2e2629e8c5e6360532febc.gcov
  current_dir  /home/rodrigo/zephyr-course_ram/twister-out
  root         /home/rodrigo/zephyr-course_ram/app/modules/ring_buf
  starting_dir /home/rodrigo/zephyr-course_ram
  obj_dir      /home/rodrigo/zephyr-course_ram/twister-out
  gcda_fname   native_sim_native/host_gnu/zephyr-course_ram/tests/ring_buf/homework.unit.ring_buf/zephyr/kernel/CMakeFiles/kernel.dir/msg_q.c.gcno
  --> fname    /home/rodrigo/zephyrproject/zephyr/kernel/include/ksched.h
(DEBUG) Check if /home/rodrigo/zephyrproject/zephyr/kernel/include/ksched.h is included (source file)...
(DEBUG) --> File is excluded.
(DEBUG) Check if /home/rodrigo/zephyr-course_ram/twister-out/wait_q.h##8d032c01ad982a605e65d14d4975cccf.gcov is included (trace)...
(DEBUG) --> File is excluded.
(DEBUG) Finding source file corresponding to a gcov data file
  gcov_fname   /home/rodrigo/zephyr-course_ram/twister-out/wait_q.h##8d032c01ad982a605e65d14d4975cccf.gcov
  current_dir  /home/rodrigo/zephyr-course_ram/twister-out
  root         /home/rodrigo/zephyr-course_ram/app/modules/ring_buf
  starting_dir /home/rodrigo/zephyr-course_ram
  obj_dir      /home/rodrigo/zephyr-course_ram/twister-out
  gcda_fname   native_sim_native/host_gnu/zephyr-course_ram/tests/ring_buf/homework.unit.ring_buf/zephyr/kernel/CMakeFiles/kernel.dir/msg_q.c.gcno
  --> fname    /home/rodrigo/zephyrproject/zephyr/kernel/include/wait_q.h
(DEBUG) Check if /home/rodrigo/zephyrproject/zephyr/kernel/include/wait_q.h is included (source file)...
(DEBUG) --> File is excluded.
(DEBUG) Check if /home/rodrigo/zephyr-course_ram/twister-out/kthread.h##3887c82394eb1cae4bd9b6e72588a2b1.gcov is included (trace)...
(DEBUG) --> File is excluded.
(DEBUG) Finding source file corresponding to a gcov data file
  gcov_fname   /home/rodrigo/zephyr-course_ram/twister-out/kthread.h##3887c82394eb1cae4bd9b6e72588a2b1.gcov
  current_dir  /home/rodrigo/zephyr-course_ram/twister-out
  root         /home/rodrigo/zephyr-course_ram/app/modules/ring_buf
  starting_dir /home/rodrigo/zephyr-course_ram
  obj_dir      /home/rodrigo/zephyr-course_ram/twister-out
  gcda_fname   native_sim_native/host_gnu/zephyr-course_ram/tests/ring_buf/homework.unit.ring_buf/zephyr/kernel/CMakeFiles/kernel.dir/msg_q.c.gcno
  --> fname    /home/rodrigo/zephyrproject/zephyr/kernel/include/kthread.h
(DEBUG) Check if /home/rodrigo/zephyrproject/zephyr/kernel/include/kthread.h is included (source file)...
(DEBUG) --> File is excluded.
(DEBUG) Check if /home/rodrigo/zephyr-course_ram/twister-out/timeout_q.h##c6366127490abe4c065d005513ed50b8.gcov is included (trace)...
(DEBUG) --> File is excluded.
(DEBUG) Finding source file corresponding to a gcov data file
  gcov_fname   /home/rodrigo/zephyr-course_ram/twister-out/timeout_q.h##c6366127490abe4c065d005513ed50b8.gcov
  current_dir  /home/rodrigo/zephyr-course_ram/twister-out
  root         /home/rodrigo/zephyr-course_ram/app/modules/ring_buf
  starting_dir /home/rodrigo/zephyr-course_ram
  obj_dir      /home/rodrigo/zephyr-course_ram/twister-out
  gcda_fname   native_sim_native/host_gnu/zephyr-course_ram/tests/ring_buf/homework.unit.ring_buf/zephyr/kernel/CMakeFiles/kernel.dir/msg_q.c.gcno
  --> fname    /home/rodrigo/zephyrproject/zephyr/kernel/include/timeout_q.h
(DEBUG) Check if /home/rodrigo/zephyrproject/zephyr/kernel/include/timeout_q.h is included (source file)...
(DEBUG) --> File is excluded.
(DEBUG) Check if /home/rodrigo/zephyr-course_ram/twister-out/msg_q.c##f212cfb6fba6d4dcd4f274611fcf5141.gcov is included (trace)...
(DEBUG)   No filter matched.
(DEBUG) --> File is excluded.
(DEBUG) Finding source file corresponding to a gcov data file
  gcov_fname   /home/rodrigo/zephyr-course_ram/twister-out/msg_q.c##f212cfb6fba6d4dcd4f274611fcf5141.gcov
  current_dir  /home/rodrigo/zephyr-course_ram/twister-out
  root         /home/rodrigo/zephyr-course_ram/app/modules/ring_buf
  starting_dir /home/rodrigo/zephyr-course_ram
  obj_dir      /home/rodrigo/zephyr-course_ram/twister-out
  gcda_fname   native_sim_native/host_gnu/zephyr-course_ram/tests/ring_buf/homework.unit.ring_buf/zephyr/kernel/CMakeFiles/kernel.dir/msg_q.c.gcno
  --> fname    /home/rodrigo/zephyrproject/zephyr/kernel/msg_q.c
(DEBUG) Check if /home/rodrigo/zephyrproject/zephyr/kernel/msg_q.c is included (source file)...
(DEBUG)   No filter matched.
(DEBUG) --> File is excluded.
(DEBUG) Check if /home/rodrigo/zephyr-course_ram/twister-out/priority_q.h##99147f16078ebc096e4d103f378ac7d3.gcov is included (trace)...
(DEBUG) --> File is excluded.
(DEBUG) Finding source file corresponding to a gcov data file
  gcov_fname   /home/rodrigo/zephyr-course_ram/twister-out/priority_q.h##99147f16078ebc096e4d103f378ac7d3.gcov
  current_dir  /home/rodrigo/zephyr-course_ram/twister-out
  root         /home/rodrigo/zephyr-course_ram/app/modules/ring_buf
  starting_dir /home/rodrigo/zephyr-course_ram
  obj_dir      /home/rodrigo/zephyr-course_ram/twister-out
  gcda_fname   native_sim_native/host_gnu/zephyr-course_ram/tests/ring_buf/homework.unit.ring_buf/zephyr/kernel/CMakeFiles/kernel.dir/msg_q.c.gcno
  --> fname    /home/rodrigo/zephyrproject/zephyr/kernel/include/priority_q.h
(DEBUG) Check if /home/rodrigo/zephyrproject/zephyr/kernel/include/priority_q.h is included (source file)...
(DEBUG) --> File is excluded.
(DEBUG) Check if /home/rodrigo/zephyr-course_ram/twister-out/kernel_arch_func.h##580562feec2edfd32c5a873362c5c8d2.gcov is included (trace)...
(DEBUG) --> File is excluded.
(DEBUG) Finding source file corresponding to a gcov data file
  gcov_fname   /home/rodrigo/zephyr-course_ram/twister-out/kernel_arch_func.h##580562feec2edfd32c5a873362c5c8d2.gcov
  current_dir  /home/rodrigo/zephyr-course_ram/twister-out
  root         /home/rodrigo/zephyr-course_ram/app/modules/ring_buf
  starting_dir /home/rodrigo/zephyr-course_ram
  obj_dir      /home/rodrigo/zephyr-course_ram/twister-out
  gcda_fname   native_sim_native/host_gnu/zephyr-course_ram/tests/ring_buf/homework.unit.ring_buf/zephyr/kernel/CMakeFiles/kernel.dir/msg_q.c.gcno
  --> fname    /home/rodrigo/zephyrproject/zephyr/arch/posix/include/kernel_arch_func.h
(DEBUG) Check if /home/rodrigo/zephyrproject/zephyr/arch/posix/include/kernel_arch_func.h is included (source file)...
(DEBUG) --> File is excluded.
(DEBUG) Check if /home/rodrigo/zephyr-course_ram/twister-out/arch.h##239ee5cbaf1f4f5309f62049e6f0de61.gcov is included (trace)...
(DEBUG) --> File is excluded.
(DEBUG) Finding source file corresponding to a gcov data file
  gcov_fname   /home/rodrigo/zephyr-course_ram/twister-out/arch.h##239ee5cbaf1f4f5309f62049e6f0de61.gcov
  current_dir  /home/rodrigo/zephyr-course_ram/twister-out
  root         /home/rodrigo/zephyr-course_ram/app/modules/ring_buf
  starting_dir /home/rodrigo/zephyr-course_ram
  obj_dir      /home/rodrigo/zephyr-course_ram/twister-out
  gcda_fname   native_sim_native/host_gnu/zephyr-course_ram/tests/ring_buf/homework.unit.ring_buf/zephyr/kernel/CMakeFiles/kernel.dir/msg_q.c.gcno
  --> fname    /home/rodrigo/zephyrproject/zephyr/include/zephyr/arch/posix/arch.h
(DEBUG) Check if /home/rodrigo/zephyrproject/zephyr/include/zephyr/arch/posix/arch.h is included (source file)...
(DEBUG) --> File is excluded.
(DEBUG) Check if /home/rodrigo/zephyr-course_ram/twister-out/kobject_internal.h##dca6fbe52c3225f96b4d07c0f7f6cb30.gcov is included (trace)...
(DEBUG) --> File is excluded.
(DEBUG) Finding source file corresponding to a gcov data file
  gcov_fname   /home/rodrigo/zephyr-course_ram/twister-out/kobject_internal.h##dca6fbe52c3225f96b4d07c0f7f6cb30.gcov
  current_dir  /home/rodrigo/zephyr-course_ram/twister-out
  root         /home/rodrigo/zephyr-course_ram/app/modules/ring_buf
  starting_dir /home/rodrigo/zephyr-course_ram
  obj_dir      /home/rodrigo/zephyr-course_ram/twister-out
  gcda_fname   native_sim_native/host_gnu/zephyr-course_ram/tests/ring_buf/homework.unit.ring_buf/zephyr/kernel/CMakeFiles/kernel.dir/msg_q.c.gcno
  --> fname    /home/rodrigo/zephyrproject/zephyr/include/zephyr/sys/internal/kobject_internal.h
(DEBUG) Check if /home/rodrigo/zephyrproject/zephyr/include/zephyr/sys/internal/kobject_internal.h is included (source file)...
(DEBUG) --> File is excluded.
(DEBUG) Check if /home/rodrigo/zephyr-course_ram/twister-out/math_extras_impl.h##2563a8d28efffc0e643dbd8634325f21.gcov is included (trace)...
(DEBUG) --> File is excluded.
(DEBUG) Finding source file corresponding to a gcov data file
  gcov_fname   /home/rodrigo/zephyr-course_ram/twister-out/math_extras_impl.h##2563a8d28efffc0e643dbd8634325f21.gcov
  current_dir  /home/rodrigo/zephyr-course_ram/twister-out
  root         /home/rodrigo/zephyr-course_ram/app/modules/ring_buf
  starting_dir /home/rodrigo/zephyr-course_ram
  obj_dir      /home/rodrigo/zephyr-course_ram/twister-out
  gcda_fname   native_sim_native/host_gnu/zephyr-course_ram/tests/ring_buf/homework.unit.ring_buf/zephyr/kernel/CMakeFiles/kernel.dir/msg_q.c.gcno
  --> fname    /home/rodrigo/zephyrproject/zephyr/include/zephyr/sys/math_extras_impl.h
(DEBUG) Check if /home/rodrigo/zephyrproject/zephyr/include/zephyr/sys/math_extras_impl.h is included (source file)...
(DEBUG) --> File is excluded.
(DEBUG) Check if /home/rodrigo/zephyr-course_ram/twister-out/dlist.h##3219a21b45bb2c61f5ea102d5482e32e.gcov is included (trace)...
(DEBUG) --> File is excluded.
(DEBUG) Finding source file corresponding to a gcov data file
  gcov_fname   /home/rodrigo/zephyr-course_ram/twister-out/dlist.h##3219a21b45bb2c61f5ea102d5482e32e.gcov
  current_dir  /home/rodrigo/zephyr-course_ram/twister-out
  root         /home/rodrigo/zephyr-course_ram/app/modules/ring_buf
  starting_dir /home/rodrigo/zephyr-course_ram
  obj_dir      /home/rodrigo/zephyr-course_ram/twister-out
  gcda_fname   native_sim_native/host_gnu/zephyr-course_ram/tests/ring_buf/homework.unit.ring_buf/zephyr/kernel/CMakeFiles/kernel.dir/msg_q.c.gcno
  --> fname    /home/rodrigo/zephyrproject/zephyr/include/zephyr/sys/dlist.h
(DEBUG) Check if /home/rodrigo/zephyrproject/zephyr/include/zephyr/sys/dlist.h is included (source file)...
(DEBUG) --> File is excluded.
(DEBUG) Check if /home/rodrigo/zephyr-course_ram/twister-out/spinlock.h##d84264fdde7bca8b949809fef8cbefdd.gcov is included (trace)...
(DEBUG) --> File is excluded.
(DEBUG) Finding source file corresponding to a gcov data file
  gcov_fname   /home/rodrigo/zephyr-course_ram/twister-out/spinlock.h##d84264fdde7bca8b949809fef8cbefdd.gcov
  current_dir  /home/rodrigo/zephyr-course_ram/twister-out
  root         /home/rodrigo/zephyr-course_ram/app/modules/ring_buf
  starting_dir /home/rodrigo/zephyr-course_ram
  obj_dir      /home/rodrigo/zephyr-course_ram/twister-out
  gcda_fname   native_sim_native/host_gnu/zephyr-course_ram/tests/ring_buf/homework.unit.ring_buf/zephyr/kernel/CMakeFiles/kernel.dir/msg_q.c.gcno
  --> fname    /home/rodrigo/zephyrproject/zephyr/include/zephyr/spinlock.h
(DEBUG) Check if /home/rodrigo/zephyrproject/zephyr/include/zephyr/spinlock.h is included (source file)...
(DEBUG) --> File is excluded.
(DEBUG) Check if /home/rodrigo/zephyr-course_ram/twister-out/native_sim_native/host_gnu/zephyr-course_ram/tests/ring_buf/homework.unit.ring_buf/zephyr/kernel/CMakeFiles/kernel.dir/mutex.c.gcno is included (trace)...
(DEBUG)   No filter matched.
(DEBUG) --> File is excluded.
(DEBUG) Check if /home/rodrigo/zephyr-course_ram/twister-out/native_sim_native/host_gnu/zephyr-course_ram/tests/ring_buf/homework.unit.ring_buf/zephyr/kernel/CMakeFiles/kernel.dir/mutex.c.gcno is included (trace)...
(DEBUG) --> File is excluded.
(DEBUG) Check if mutex.c##1d5859b74925f7910c9e560459271a44.gcov is included (gcov file)...
(DEBUG)   Filter AlwaysMatchFilter() matched.
(DEBUG) --> File is included.
(DEBUG) Check if log_msg.h##fe60156c532143d1e30e21c32299f503.gcov is included (gcov file)...
(DEBUG) --> File is included.
(DEBUG) Check if wait_q.h##8d032c01ad982a605e65d14d4975cccf.gcov is included (gcov file)...
(DEBUG) --> File is included.
(DEBUG) Check if ksched.h##172c555d5b2e2629e8c5e6360532febc.gcov is included (gcov file)...
(DEBUG) --> File is included.
(DEBUG) Check if priority_q.h##99147f16078ebc096e4d103f378ac7d3.gcov is included (gcov file)...
(DEBUG) --> File is included.
(DEBUG) Check if kthread.h##3887c82394eb1cae4bd9b6e72588a2b1.gcov is included (gcov file)...
(DEBUG) --> File is included.
(DEBUG) Check if timeout_q.h##c6366127490abe4c065d005513ed50b8.gcov is included (gcov file)...
(DEBUG) --> File is included.
(DEBUG) Check if kernel_arch_func.h##580562feec2edfd32c5a873362c5c8d2.gcov is included (gcov file)...
(DEBUG) --> File is included.
(DEBUG) Check if kobject_internal.h##dca6fbe52c3225f96b4d07c0f7f6cb30.gcov is included (gcov file)...
(DEBUG) --> File is included.
(DEBUG) Check if spinlock.h##d84264fdde7bca8b949809fef8cbefdd.gcov is included (gcov file)...
(DEBUG) --> File is included.
(DEBUG) Check if arch.h##239ee5cbaf1f4f5309f62049e6f0de61.gcov is included (gcov file)...
(DEBUG) --> File is included.
(DEBUG) Check if dlist.h##3219a21b45bb2c61f5ea102d5482e32e.gcov is included (gcov file)...
(DEBUG) --> File is included.
(DEBUG) Check if /home/rodrigo/zephyr-course_ram/twister-out/ksched.h##172c555d5b2e2629e8c5e6360532febc.gcov is included (trace)...
(DEBUG) --> File is excluded.
(DEBUG) Finding source file corresponding to a gcov data file
  gcov_fname   /home/rodrigo/zephyr-course_ram/twister-out/ksched.h##172c555d5b2e2629e8c5e6360532febc.gcov
  current_dir  /home/rodrigo/zephyr-course_ram/twister-out
  root         /home/rodrigo/zephyr-course_ram/app/modules/ring_buf
  starting_dir /home/rodrigo/zephyr-course_ram
  obj_dir      /home/rodrigo/zephyr-course_ram/twister-out
  gcda_fname   native_sim_native/host_gnu/zephyr-course_ram/tests/ring_buf/homework.unit.ring_buf/zephyr/kernel/CMakeFiles/kernel.dir/mutex.c.gcno
  --> fname    /home/rodrigo/zephyrproject/zephyr/kernel/include/ksched.h
(DEBUG) Check if /home/rodrigo/zephyrproject/zephyr/kernel/include/ksched.h is included (source file)...
(DEBUG) --> File is excluded.
(DEBUG) Check if /home/rodrigo/zephyr-course_ram/twister-out/wait_q.h##8d032c01ad982a605e65d14d4975cccf.gcov is included (trace)...
(DEBUG) --> File is excluded.
(DEBUG) Finding source file corresponding to a gcov data file
  gcov_fname   /home/rodrigo/zephyr-course_ram/twister-out/wait_q.h##8d032c01ad982a605e65d14d4975cccf.gcov
  current_dir  /home/rodrigo/zephyr-course_ram/twister-out
  root         /home/rodrigo/zephyr-course_ram/app/modules/ring_buf
  starting_dir /home/rodrigo/zephyr-course_ram
  obj_dir      /home/rodrigo/zephyr-course_ram/twister-out
  gcda_fname   native_sim_native/host_gnu/zephyr-course_ram/tests/ring_buf/homework.unit.ring_buf/zephyr/kernel/CMakeFiles/kernel.dir/mutex.c.gcno
  --> fname    /home/rodrigo/zephyrproject/zephyr/kernel/include/wait_q.h
(DEBUG) Check if /home/rodrigo/zephyrproject/zephyr/kernel/include/wait_q.h is included (source file)...
(DEBUG) --> File is excluded.
(DEBUG) Check if /home/rodrigo/zephyr-course_ram/twister-out/kthread.h##3887c82394eb1cae4bd9b6e72588a2b1.gcov is included (trace)...
(DEBUG) --> File is excluded.
(DEBUG) Finding source file corresponding to a gcov data file
  gcov_fname   /home/rodrigo/zephyr-course_ram/twister-out/kthread.h##3887c82394eb1cae4bd9b6e72588a2b1.gcov
  current_dir  /home/rodrigo/zephyr-course_ram/twister-out
  root         /home/rodrigo/zephyr-course_ram/app/modules/ring_buf
  starting_dir /home/rodrigo/zephyr-course_ram
  obj_dir      /home/rodrigo/zephyr-course_ram/twister-out
  gcda_fname   native_sim_native/host_gnu/zephyr-course_ram/tests/ring_buf/homework.unit.ring_buf/zephyr/kernel/CMakeFiles/kernel.dir/mutex.c.gcno
  --> fname    /home/rodrigo/zephyrproject/zephyr/kernel/include/kthread.h
(DEBUG) Check if /home/rodrigo/zephyrproject/zephyr/kernel/include/kthread.h is included (source file)...
(DEBUG) --> File is excluded.
(DEBUG) Check if /home/rodrigo/zephyr-course_ram/twister-out/timeout_q.h##c6366127490abe4c065d005513ed50b8.gcov is included (trace)...
(DEBUG) --> File is excluded.
(DEBUG) Finding source file corresponding to a gcov data file
  gcov_fname   /home/rodrigo/zephyr-course_ram/twister-out/timeout_q.h##c6366127490abe4c065d005513ed50b8.gcov
  current_dir  /home/rodrigo/zephyr-course_ram/twister-out
  root         /home/rodrigo/zephyr-course_ram/app/modules/ring_buf
  starting_dir /home/rodrigo/zephyr-course_ram
  obj_dir      /home/rodrigo/zephyr-course_ram/twister-out
  gcda_fname   native_sim_native/host_gnu/zephyr-course_ram/tests/ring_buf/homework.unit.ring_buf/zephyr/kernel/CMakeFiles/kernel.dir/mutex.c.gcno
  --> fname    /home/rodrigo/zephyrproject/zephyr/kernel/include/timeout_q.h
(DEBUG) Check if /home/rodrigo/zephyrproject/zephyr/kernel/include/timeout_q.h is included (source file)...
(DEBUG) --> File is excluded.
(DEBUG) Check if /home/rodrigo/zephyr-course_ram/twister-out/log_msg.h##fe60156c532143d1e30e21c32299f503.gcov is included (trace)...
(DEBUG) --> File is excluded.
(DEBUG) Finding source file corresponding to a gcov data file
  gcov_fname   /home/rodrigo/zephyr-course_ram/twister-out/log_msg.h##fe60156c532143d1e30e21c32299f503.gcov
  current_dir  /home/rodrigo/zephyr-course_ram/twister-out
  root         /home/rodrigo/zephyr-course_ram/app/modules/ring_buf
  starting_dir /home/rodrigo/zephyr-course_ram
  obj_dir      /home/rodrigo/zephyr-course_ram/twister-out
  gcda_fname   native_sim_native/host_gnu/zephyr-course_ram/tests/ring_buf/homework.unit.ring_buf/zephyr/kernel/CMakeFiles/kernel.dir/mutex.c.gcno
  --> fname    /home/rodrigo/zephyrproject/zephyr/include/zephyr/logging/log_msg.h
(DEBUG) Check if /home/rodrigo/zephyrproject/zephyr/include/zephyr/logging/log_msg.h is included (source file)...
(DEBUG) --> File is excluded.
(DEBUG) Check if /home/rodrigo/zephyr-course_ram/twister-out/priority_q.h##99147f16078ebc096e4d103f378ac7d3.gcov is included (trace)...
(DEBUG) --> File is excluded.
(DEBUG) Finding source file corresponding to a gcov data file
  gcov_fname   /home/rodrigo/zephyr-course_ram/twister-out/priority_q.h##99147f16078ebc096e4d103f378ac7d3.gcov
  current_dir  /home/rodrigo/zephyr-course_ram/twister-out
  root         /home/rodrigo/zephyr-course_ram/app/modules/ring_buf
  starting_dir /home/rodrigo/zephyr-course_ram
  obj_dir      /home/rodrigo/zephyr-course_ram/twister-out
  gcda_fname   native_sim_native/host_gnu/zephyr-course_ram/tests/ring_buf/homework.unit.ring_buf/zephyr/kernel/CMakeFiles/kernel.dir/mutex.c.gcno
  --> fname    /home/rodrigo/zephyrproject/zephyr/kernel/include/priority_q.h
(DEBUG) Check if /home/rodrigo/zephyrproject/zephyr/kernel/include/priority_q.h is included (source file)...
(DEBUG) --> File is excluded.
(DEBUG) Check if /home/rodrigo/zephyr-course_ram/twister-out/kernel_arch_func.h##580562feec2edfd32c5a873362c5c8d2.gcov is included (trace)...
(DEBUG) --> File is excluded.
(DEBUG) Finding source file corresponding to a gcov data file
  gcov_fname   /home/rodrigo/zephyr-course_ram/twister-out/kernel_arch_func.h##580562feec2edfd32c5a873362c5c8d2.gcov
  current_dir  /home/rodrigo/zephyr-course_ram/twister-out
  root         /home/rodrigo/zephyr-course_ram/app/modules/ring_buf
  starting_dir /home/rodrigo/zephyr-course_ram
  obj_dir      /home/rodrigo/zephyr-course_ram/twister-out
  gcda_fname   native_sim_native/host_gnu/zephyr-course_ram/tests/ring_buf/homework.unit.ring_buf/zephyr/kernel/CMakeFiles/kernel.dir/mutex.c.gcno
  --> fname    /home/rodrigo/zephyrproject/zephyr/arch/posix/include/kernel_arch_func.h
(DEBUG) Check if /home/rodrigo/zephyrproject/zephyr/arch/posix/include/kernel_arch_func.h is included (source file)...
(DEBUG) --> File is excluded.
(DEBUG) Check if /home/rodrigo/zephyr-course_ram/twister-out/arch.h##239ee5cbaf1f4f5309f62049e6f0de61.gcov is included (trace)...
(DEBUG) --> File is excluded.
(DEBUG) Finding source file corresponding to a gcov data file
  gcov_fname   /home/rodrigo/zephyr-course_ram/twister-out/arch.h##239ee5cbaf1f4f5309f62049e6f0de61.gcov
  current_dir  /home/rodrigo/zephyr-course_ram/twister-out
  root         /home/rodrigo/zephyr-course_ram/app/modules/ring_buf
  starting_dir /home/rodrigo/zephyr-course_ram
  obj_dir      /home/rodrigo/zephyr-course_ram/twister-out
  gcda_fname   native_sim_native/host_gnu/zephyr-course_ram/tests/ring_buf/homework.unit.ring_buf/zephyr/kernel/CMakeFiles/kernel.dir/mutex.c.gcno
  --> fname    /home/rodrigo/zephyrproject/zephyr/include/zephyr/arch/posix/arch.h
(DEBUG) Check if /home/rodrigo/zephyrproject/zephyr/include/zephyr/arch/posix/arch.h is included (source file)...
(DEBUG) --> File is excluded.
(DEBUG) Check if /home/rodrigo/zephyr-course_ram/twister-out/kobject_internal.h##dca6fbe52c3225f96b4d07c0f7f6cb30.gcov is included (trace)...
(DEBUG) --> File is excluded.
(DEBUG) Finding source file corresponding to a gcov data file
  gcov_fname   /home/rodrigo/zephyr-course_ram/twister-out/kobject_internal.h##dca6fbe52c3225f96b4d07c0f7f6cb30.gcov
  current_dir  /home/rodrigo/zephyr-course_ram/twister-out
  root         /home/rodrigo/zephyr-course_ram/app/modules/ring_buf
  starting_dir /home/rodrigo/zephyr-course_ram
  obj_dir      /home/rodrigo/zephyr-course_ram/twister-out
  gcda_fname   native_sim_native/host_gnu/zephyr-course_ram/tests/ring_buf/homework.unit.ring_buf/zephyr/kernel/CMakeFiles/kernel.dir/mutex.c.gcno
  --> fname    /home/rodrigo/zephyrproject/zephyr/include/zephyr/sys/internal/kobject_internal.h
(DEBUG) Check if /home/rodrigo/zephyrproject/zephyr/include/zephyr/sys/internal/kobject_internal.h is included (source file)...
(DEBUG) --> File is excluded.
(DEBUG) Check if /home/rodrigo/zephyr-course_ram/twister-out/mutex.c##1d5859b74925f7910c9e560459271a44.gcov is included (trace)...
(DEBUG)   No filter matched.
(DEBUG) --> File is excluded.
(DEBUG) Finding source file corresponding to a gcov data file
  gcov_fname   /home/rodrigo/zephyr-course_ram/twister-out/mutex.c##1d5859b74925f7910c9e560459271a44.gcov
  current_dir  /home/rodrigo/zephyr-course_ram/twister-out
  root         /home/rodrigo/zephyr-course_ram/app/modules/ring_buf
  starting_dir /home/rodrigo/zephyr-course_ram
  obj_dir      /home/rodrigo/zephyr-course_ram/twister-out
  gcda_fname   native_sim_native/host_gnu/zephyr-course_ram/tests/ring_buf/homework.unit.ring_buf/zephyr/kernel/CMakeFiles/kernel.dir/mutex.c.gcno
  --> fname    /home/rodrigo/zephyrproject/zephyr/kernel/mutex.c
(DEBUG) Check if /home/rodrigo/zephyrproject/zephyr/kernel/mutex.c is included (source file)...
(DEBUG)   No filter matched.
(DEBUG) --> File is excluded.
(DEBUG) Check if /home/rodrigo/zephyr-course_ram/twister-out/dlist.h##3219a21b45bb2c61f5ea102d5482e32e.gcov is included (trace)...
(DEBUG) --> File is excluded.
(DEBUG) Finding source file corresponding to a gcov data file
  gcov_fname   /home/rodrigo/zephyr-course_ram/twister-out/dlist.h##3219a21b45bb2c61f5ea102d5482e32e.gcov
  current_dir  /home/rodrigo/zephyr-course_ram/twister-out
  root         /home/rodrigo/zephyr-course_ram/app/modules/ring_buf
  starting_dir /home/rodrigo/zephyr-course_ram
  obj_dir      /home/rodrigo/zephyr-course_ram/twister-out
  gcda_fname   native_sim_native/host_gnu/zephyr-course_ram/tests/ring_buf/homework.unit.ring_buf/zephyr/kernel/CMakeFiles/kernel.dir/mutex.c.gcno
  --> fname    /home/rodrigo/zephyrproject/zephyr/include/zephyr/sys/dlist.h
(DEBUG) Check if /home/rodrigo/zephyrproject/zephyr/include/zephyr/sys/dlist.h is included (source file)...
(DEBUG) --> File is excluded.
(DEBUG) Check if /home/rodrigo/zephyr-course_ram/twister-out/spinlock.h##d84264fdde7bca8b949809fef8cbefdd.gcov is included (trace)...
(DEBUG) --> File is excluded.
(DEBUG) Finding source file corresponding to a gcov data file
  gcov_fname   /home/rodrigo/zephyr-course_ram/twister-out/spinlock.h##d84264fdde7bca8b949809fef8cbefdd.gcov
  current_dir  /home/rodrigo/zephyr-course_ram/twister-out
  root         /home/rodrigo/zephyr-course_ram/app/modules/ring_buf
  starting_dir /home/rodrigo/zephyr-course_ram
  obj_dir      /home/rodrigo/zephyr-course_ram/twister-out
  gcda_fname   native_sim_native/host_gnu/zephyr-course_ram/tests/ring_buf/homework.unit.ring_buf/zephyr/kernel/CMakeFiles/kernel.dir/mutex.c.gcno
  --> fname    /home/rodrigo/zephyrproject/zephyr/include/zephyr/spinlock.h
(DEBUG) Check if /home/rodrigo/zephyrproject/zephyr/include/zephyr/spinlock.h is included (source file)...
(DEBUG) --> File is excluded.
(DEBUG) Check if /home/rodrigo/zephyr-course_ram/twister-out/native_sim_native/host_gnu/zephyr-course_ram/tests/ring_buf/homework.unit.ring_buf/zephyr/kernel/CMakeFiles/kernel.dir/pipe.c.gcno is included (trace)...
(DEBUG)   No filter matched.
(DEBUG) --> File is excluded.
(DEBUG) Check if /home/rodrigo/zephyr-course_ram/twister-out/native_sim_native/host_gnu/zephyr-course_ram/tests/ring_buf/homework.unit.ring_buf/zephyr/kernel/CMakeFiles/kernel.dir/pipe.c.gcno is included (trace)...
(DEBUG) --> File is excluded.
(DEBUG) Check if pipe.c##dae720269d9a04ed6990cff197bfaa54.gcov is included (gcov file)...
(DEBUG)   Filter AlwaysMatchFilter() matched.
(DEBUG) --> File is included.
(DEBUG) Check if wait_q.h##8d032c01ad982a605e65d14d4975cccf.gcov is included (gcov file)...
(DEBUG) --> File is included.
(DEBUG) Check if ksched.h##172c555d5b2e2629e8c5e6360532febc.gcov is included (gcov file)...
(DEBUG) --> File is included.
(DEBUG) Check if priority_q.h##99147f16078ebc096e4d103f378ac7d3.gcov is included (gcov file)...
(DEBUG) --> File is included.
(DEBUG) Check if kernel_internal.h##dca9100bcab2f1d67b3e4cb85a4aba72.gcov is included (gcov file)...
(DEBUG) --> File is included.
(DEBUG) Check if kthread.h##3887c82394eb1cae4bd9b6e72588a2b1.gcov is included (gcov file)...
(DEBUG) --> File is included.
(DEBUG) Check if timeout_q.h##c6366127490abe4c065d005513ed50b8.gcov is included (gcov file)...
(DEBUG) --> File is included.
(DEBUG) Check if kernel_arch_func.h##580562feec2edfd32c5a873362c5c8d2.gcov is included (gcov file)...
(DEBUG) --> File is included.
(DEBUG) Check if ring_buffer.h##8fa5bcb86fec24a9d5114ae8b797c0ba.gcov is included (gcov file)...
(DEBUG) --> File is included.
(DEBUG) Check if kobject_internal.h##dca6fbe52c3225f96b4d07c0f7f6cb30.gcov is included (gcov file)...
(DEBUG) --> File is included.
(DEBUG) Check if spinlock.h##d84264fdde7bca8b949809fef8cbefdd.gcov is included (gcov file)...
(DEBUG) --> File is included.
(DEBUG) Check if arch.h##239ee5cbaf1f4f5309f62049e6f0de61.gcov is included (gcov file)...
(DEBUG) --> File is included.
(DEBUG) Check if dlist.h##3219a21b45bb2c61f5ea102d5482e32e.gcov is included (gcov file)...
(DEBUG) --> File is included.
(DEBUG) Check if /home/rodrigo/zephyr-course_ram/twister-out/ksched.h##172c555d5b2e2629e8c5e6360532febc.gcov is included (trace)...
(DEBUG) --> File is excluded.
(DEBUG) Finding source file corresponding to a gcov data file
  gcov_fname   /home/rodrigo/zephyr-course_ram/twister-out/ksched.h##172c555d5b2e2629e8c5e6360532febc.gcov
  current_dir  /home/rodrigo/zephyr-course_ram/twister-out
  root         /home/rodrigo/zephyr-course_ram/app/modules/ring_buf
  starting_dir /home/rodrigo/zephyr-course_ram
  obj_dir      /home/rodrigo/zephyr-course_ram/twister-out
  gcda_fname   native_sim_native/host_gnu/zephyr-course_ram/tests/ring_buf/homework.unit.ring_buf/zephyr/kernel/CMakeFiles/kernel.dir/pipe.c.gcno
  --> fname    /home/rodrigo/zephyrproject/zephyr/kernel/include/ksched.h
(DEBUG) Check if /home/rodrigo/zephyrproject/zephyr/kernel/include/ksched.h is included (source file)...
(DEBUG) --> File is excluded.
(DEBUG) Check if /home/rodrigo/zephyr-course_ram/twister-out/wait_q.h##8d032c01ad982a605e65d14d4975cccf.gcov is included (trace)...
(DEBUG) --> File is excluded.
(DEBUG) Finding source file corresponding to a gcov data file
  gcov_fname   /home/rodrigo/zephyr-course_ram/twister-out/wait_q.h##8d032c01ad982a605e65d14d4975cccf.gcov
  current_dir  /home/rodrigo/zephyr-course_ram/twister-out
  root         /home/rodrigo/zephyr-course_ram/app/modules/ring_buf
  starting_dir /home/rodrigo/zephyr-course_ram
  obj_dir      /home/rodrigo/zephyr-course_ram/twister-out
  gcda_fname   native_sim_native/host_gnu/zephyr-course_ram/tests/ring_buf/homework.unit.ring_buf/zephyr/kernel/CMakeFiles/kernel.dir/pipe.c.gcno
  --> fname    /home/rodrigo/zephyrproject/zephyr/kernel/include/wait_q.h
(DEBUG) Check if /home/rodrigo/zephyrproject/zephyr/kernel/include/wait_q.h is included (source file)...
(DEBUG) --> File is excluded.
(DEBUG) Check if /home/rodrigo/zephyr-course_ram/twister-out/pipe.c##dae720269d9a04ed6990cff197bfaa54.gcov is included (trace)...
(DEBUG)   No filter matched.
(DEBUG) --> File is excluded.
(DEBUG) Finding source file corresponding to a gcov data file
  gcov_fname   /home/rodrigo/zephyr-course_ram/twister-out/pipe.c##dae720269d9a04ed6990cff197bfaa54.gcov
  current_dir  /home/rodrigo/zephyr-course_ram/twister-out
  root         /home/rodrigo/zephyr-course_ram/app/modules/ring_buf
  starting_dir /home/rodrigo/zephyr-course_ram
  obj_dir      /home/rodrigo/zephyr-course_ram/twister-out
  gcda_fname   native_sim_native/host_gnu/zephyr-course_ram/tests/ring_buf/homework.unit.ring_buf/zephyr/kernel/CMakeFiles/kernel.dir/pipe.c.gcno
  --> fname    /home/rodrigo/zephyrproject/zephyr/kernel/pipe.c
(DEBUG) Check if /home/rodrigo/zephyrproject/zephyr/kernel/pipe.c is included (source file)...
(DEBUG)   No filter matched.
(DEBUG) --> File is excluded.
(DEBUG) Check if /home/rodrigo/zephyr-course_ram/twister-out/kthread.h##3887c82394eb1cae4bd9b6e72588a2b1.gcov is included (trace)...
(DEBUG) --> File is excluded.
(DEBUG) Finding source file corresponding to a gcov data file
  gcov_fname   /home/rodrigo/zephyr-course_ram/twister-out/kthread.h##3887c82394eb1cae4bd9b6e72588a2b1.gcov
  current_dir  /home/rodrigo/zephyr-course_ram/twister-out
  root         /home/rodrigo/zephyr-course_ram/app/modules/ring_buf
  starting_dir /home/rodrigo/zephyr-course_ram
  obj_dir      /home/rodrigo/zephyr-course_ram/twister-out
  gcda_fname   native_sim_native/host_gnu/zephyr-course_ram/tests/ring_buf/homework.unit.ring_buf/zephyr/kernel/CMakeFiles/kernel.dir/pipe.c.gcno
  --> fname    /home/rodrigo/zephyrproject/zephyr/kernel/include/kthread.h
(DEBUG) Check if /home/rodrigo/zephyrproject/zephyr/kernel/include/kthread.h is included (source file)...
(DEBUG) --> File is excluded.
(DEBUG) Check if /home/rodrigo/zephyr-course_ram/twister-out/timeout_q.h##c6366127490abe4c065d005513ed50b8.gcov is included (trace)...
(DEBUG) --> File is excluded.
(DEBUG) Finding source file corresponding to a gcov data file
  gcov_fname   /home/rodrigo/zephyr-course_ram/twister-out/timeout_q.h##c6366127490abe4c065d005513ed50b8.gcov
  current_dir  /home/rodrigo/zephyr-course_ram/twister-out
  root         /home/rodrigo/zephyr-course_ram/app/modules/ring_buf
  starting_dir /home/rodrigo/zephyr-course_ram
  obj_dir      /home/rodrigo/zephyr-course_ram/twister-out
  gcda_fname   native_sim_native/host_gnu/zephyr-course_ram/tests/ring_buf/homework.unit.ring_buf/zephyr/kernel/CMakeFiles/kernel.dir/pipe.c.gcno
  --> fname    /home/rodrigo/zephyrproject/zephyr/kernel/include/timeout_q.h
(DEBUG) Check if /home/rodrigo/zephyrproject/zephyr/kernel/include/timeout_q.h is included (source file)...
(DEBUG) --> File is excluded.
(DEBUG) Check if /home/rodrigo/zephyr-course_ram/twister-out/priority_q.h##99147f16078ebc096e4d103f378ac7d3.gcov is included (trace)...
(DEBUG) --> File is excluded.
(DEBUG) Finding source file corresponding to a gcov data file
  gcov_fname   /home/rodrigo/zephyr-course_ram/twister-out/priority_q.h##99147f16078ebc096e4d103f378ac7d3.gcov
  current_dir  /home/rodrigo/zephyr-course_ram/twister-out
  root         /home/rodrigo/zephyr-course_ram/app/modules/ring_buf
  starting_dir /home/rodrigo/zephyr-course_ram
  obj_dir      /home/rodrigo/zephyr-course_ram/twister-out
  gcda_fname   native_sim_native/host_gnu/zephyr-course_ram/tests/ring_buf/homework.unit.ring_buf/zephyr/kernel/CMakeFiles/kernel.dir/pipe.c.gcno
  --> fname    /home/rodrigo/zephyrproject/zephyr/kernel/include/priority_q.h
(DEBUG) Check if /home/rodrigo/zephyrproject/zephyr/kernel/include/priority_q.h is included (source file)...
(DEBUG) --> File is excluded.
(DEBUG) Check if /home/rodrigo/zephyr-course_ram/twister-out/kernel_arch_func.h##580562feec2edfd32c5a873362c5c8d2.gcov is included (trace)...
(DEBUG) --> File is excluded.
(DEBUG) Finding source file corresponding to a gcov data file
  gcov_fname   /home/rodrigo/zephyr-course_ram/twister-out/kernel_arch_func.h##580562feec2edfd32c5a873362c5c8d2.gcov
  current_dir  /home/rodrigo/zephyr-course_ram/twister-out
  root         /home/rodrigo/zephyr-course_ram/app/modules/ring_buf
  starting_dir /home/rodrigo/zephyr-course_ram
  obj_dir      /home/rodrigo/zephyr-course_ram/twister-out
  gcda_fname   native_sim_native/host_gnu/zephyr-course_ram/tests/ring_buf/homework.unit.ring_buf/zephyr/kernel/CMakeFiles/kernel.dir/pipe.c.gcno
  --> fname    /home/rodrigo/zephyrproject/zephyr/arch/posix/include/kernel_arch_func.h
(DEBUG) Check if /home/rodrigo/zephyrproject/zephyr/arch/posix/include/kernel_arch_func.h is included (source file)...
(DEBUG) --> File is excluded.
(DEBUG) Check if /home/rodrigo/zephyr-course_ram/twister-out/arch.h##239ee5cbaf1f4f5309f62049e6f0de61.gcov is included (trace)...
(DEBUG) --> File is excluded.
(DEBUG) Finding source file corresponding to a gcov data file
  gcov_fname   /home/rodrigo/zephyr-course_ram/twister-out/arch.h##239ee5cbaf1f4f5309f62049e6f0de61.gcov
  current_dir  /home/rodrigo/zephyr-course_ram/twister-out
  root         /home/rodrigo/zephyr-course_ram/app/modules/ring_buf
  starting_dir /home/rodrigo/zephyr-course_ram
  obj_dir      /home/rodrigo/zephyr-course_ram/twister-out
  gcda_fname   native_sim_native/host_gnu/zephyr-course_ram/tests/ring_buf/homework.unit.ring_buf/zephyr/kernel/CMakeFiles/kernel.dir/pipe.c.gcno
  --> fname    /home/rodrigo/zephyrproject/zephyr/include/zephyr/arch/posix/arch.h
(DEBUG) Check if /home/rodrigo/zephyrproject/zephyr/include/zephyr/arch/posix/arch.h is included (source file)...
(DEBUG) --> File is excluded.
(DEBUG) Check if /home/rodrigo/zephyr-course_ram/twister-out/kobject_internal.h##dca6fbe52c3225f96b4d07c0f7f6cb30.gcov is included (trace)...
(DEBUG) --> File is excluded.
(DEBUG) Finding source file corresponding to a gcov data file
  gcov_fname   /home/rodrigo/zephyr-course_ram/twister-out/kobject_internal.h##dca6fbe52c3225f96b4d07c0f7f6cb30.gcov
  current_dir  /home/rodrigo/zephyr-course_ram/twister-out
  root         /home/rodrigo/zephyr-course_ram/app/modules/ring_buf
  starting_dir /home/rodrigo/zephyr-course_ram
  obj_dir      /home/rodrigo/zephyr-course_ram/twister-out
  gcda_fname   native_sim_native/host_gnu/zephyr-course_ram/tests/ring_buf/homework.unit.ring_buf/zephyr/kernel/CMakeFiles/kernel.dir/pipe.c.gcno
  --> fname    /home/rodrigo/zephyrproject/zephyr/include/zephyr/sys/internal/kobject_internal.h
(DEBUG) Check if /home/rodrigo/zephyrproject/zephyr/include/zephyr/sys/internal/kobject_internal.h is included (source file)...
(DEBUG) --> File is excluded.
(DEBUG) Check if /home/rodrigo/zephyr-course_ram/twister-out/ring_buffer.h##8fa5bcb86fec24a9d5114ae8b797c0ba.gcov is included (trace)...
(DEBUG) --> File is excluded.
(DEBUG) Finding source file corresponding to a gcov data file
  gcov_fname   /home/rodrigo/zephyr-course_ram/twister-out/ring_buffer.h##8fa5bcb86fec24a9d5114ae8b797c0ba.gcov
  current_dir  /home/rodrigo/zephyr-course_ram/twister-out
  root         /home/rodrigo/zephyr-course_ram/app/modules/ring_buf
  starting_dir /home/rodrigo/zephyr-course_ram
  obj_dir      /home/rodrigo/zephyr-course_ram/twister-out
  gcda_fname   native_sim_native/host_gnu/zephyr-course_ram/tests/ring_buf/homework.unit.ring_buf/zephyr/kernel/CMakeFiles/kernel.dir/pipe.c.gcno
  --> fname    /home/rodrigo/zephyrproject/zephyr/include/zephyr/sys/ring_buffer.h
(DEBUG) Check if /home/rodrigo/zephyrproject/zephyr/include/zephyr/sys/ring_buffer.h is included (source file)...
(DEBUG) --> File is excluded.
(DEBUG) Check if /home/rodrigo/zephyr-course_ram/twister-out/kernel_internal.h##dca9100bcab2f1d67b3e4cb85a4aba72.gcov is included (trace)...
(DEBUG) --> File is excluded.
(DEBUG) Finding source file corresponding to a gcov data file
  gcov_fname   /home/rodrigo/zephyr-course_ram/twister-out/kernel_internal.h##dca9100bcab2f1d67b3e4cb85a4aba72.gcov
  current_dir  /home/rodrigo/zephyr-course_ram/twister-out
  root         /home/rodrigo/zephyr-course_ram/app/modules/ring_buf
  starting_dir /home/rodrigo/zephyr-course_ram
  obj_dir      /home/rodrigo/zephyr-course_ram/twister-out
  gcda_fname   native_sim_native/host_gnu/zephyr-course_ram/tests/ring_buf/homework.unit.ring_buf/zephyr/kernel/CMakeFiles/kernel.dir/pipe.c.gcno
  --> fname    /home/rodrigo/zephyrproject/zephyr/kernel/include/kernel_internal.h
(DEBUG) Check if /home/rodrigo/zephyrproject/zephyr/kernel/include/kernel_internal.h is included (source file)...
(DEBUG) --> File is excluded.
(DEBUG) Check if /home/rodrigo/zephyr-course_ram/twister-out/dlist.h##3219a21b45bb2c61f5ea102d5482e32e.gcov is included (trace)...
(DEBUG) --> File is excluded.
(DEBUG) Finding source file corresponding to a gcov data file
  gcov_fname   /home/rodrigo/zephyr-course_ram/twister-out/dlist.h##3219a21b45bb2c61f5ea102d5482e32e.gcov
  current_dir  /home/rodrigo/zephyr-course_ram/twister-out
  root         /home/rodrigo/zephyr-course_ram/app/modules/ring_buf
  starting_dir /home/rodrigo/zephyr-course_ram
  obj_dir      /home/rodrigo/zephyr-course_ram/twister-out
  gcda_fname   native_sim_native/host_gnu/zephyr-course_ram/tests/ring_buf/homework.unit.ring_buf/zephyr/kernel/CMakeFiles/kernel.dir/pipe.c.gcno
  --> fname    /home/rodrigo/zephyrproject/zephyr/include/zephyr/sys/dlist.h
(DEBUG) Check if /home/rodrigo/zephyrproject/zephyr/include/zephyr/sys/dlist.h is included (source file)...
(DEBUG) --> File is excluded.
(DEBUG) Check if /home/rodrigo/zephyr-course_ram/twister-out/spinlock.h##d84264fdde7bca8b949809fef8cbefdd.gcov is included (trace)...
(DEBUG) --> File is excluded.
(DEBUG) Finding source file corresponding to a gcov data file
  gcov_fname   /home/rodrigo/zephyr-course_ram/twister-out/spinlock.h##d84264fdde7bca8b949809fef8cbefdd.gcov
  current_dir  /home/rodrigo/zephyr-course_ram/twister-out
  root         /home/rodrigo/zephyr-course_ram/app/modules/ring_buf
  starting_dir /home/rodrigo/zephyr-course_ram
  obj_dir      /home/rodrigo/zephyr-course_ram/twister-out
  gcda_fname   native_sim_native/host_gnu/zephyr-course_ram/tests/ring_buf/homework.unit.ring_buf/zephyr/kernel/CMakeFiles/kernel.dir/pipe.c.gcno
  --> fname    /home/rodrigo/zephyrproject/zephyr/include/zephyr/spinlock.h
(DEBUG) Check if /home/rodrigo/zephyrproject/zephyr/include/zephyr/spinlock.h is included (source file)...
(DEBUG) --> File is excluded.
(DEBUG) Check if /home/rodrigo/zephyr-course_ram/twister-out/native_sim_native/host_gnu/zephyr-course_ram/tests/ring_buf/homework.unit.ring_buf/zephyr/kernel/CMakeFiles/kernel.dir/queue.c.gcno is included (trace)...
(DEBUG)   No filter matched.
(DEBUG) --> File is excluded.
(DEBUG) Check if /home/rodrigo/zephyr-course_ram/twister-out/native_sim_native/host_gnu/zephyr-course_ram/tests/ring_buf/homework.unit.ring_buf/zephyr/kernel/CMakeFiles/kernel.dir/queue.c.gcno is included (trace)...
(DEBUG) --> File is excluded.
(DEBUG) Check if queue.c##6df9c45812181fd3b073f0e505700ad4.gcov is included (gcov file)...
(DEBUG)   Filter AlwaysMatchFilter() matched.
(DEBUG) --> File is included.
(DEBUG) Check if ksched.h##172c555d5b2e2629e8c5e6360532febc.gcov is included (gcov file)...
(DEBUG) --> File is included.
(DEBUG) Check if kernel_internal.h##dca9100bcab2f1d67b3e4cb85a4aba72.gcov is included (gcov file)...
(DEBUG) --> File is included.
(DEBUG) Check if kthread.h##3887c82394eb1cae4bd9b6e72588a2b1.gcov is included (gcov file)...
(DEBUG) --> File is included.
(DEBUG) Check if kernel_arch_func.h##580562feec2edfd32c5a873362c5c8d2.gcov is included (gcov file)...
(DEBUG) --> File is included.
(DEBUG) Check if wait_q.h##8d032c01ad982a605e65d14d4975cccf.gcov is included (gcov file)...
(DEBUG) --> File is included.
(DEBUG) Check if priority_q.h##99147f16078ebc096e4d103f378ac7d3.gcov is included (gcov file)...
(DEBUG) --> File is included.
(DEBUG) Check if timeout_q.h##c6366127490abe4c065d005513ed50b8.gcov is included (gcov file)...
(DEBUG) --> File is included.
(DEBUG) Check if kobject_internal.h##dca6fbe52c3225f96b4d07c0f7f6cb30.gcov is included (gcov file)...
(DEBUG) --> File is included.
(DEBUG) Check if spinlock.h##d84264fdde7bca8b949809fef8cbefdd.gcov is included (gcov file)...
(DEBUG) --> File is included.
(DEBUG) Check if arch.h##239ee5cbaf1f4f5309f62049e6f0de61.gcov is included (gcov file)...
(DEBUG) --> File is included.
(DEBUG) Check if sflist.h##4b0e754160a576f6ba174d81210fe33d.gcov is included (gcov file)...
(DEBUG)   Filter AlwaysMatchFilter() matched.
(DEBUG) --> File is included.
(DEBUG) Check if slist.h##48084af0c7a478624712e6629c6036ca.gcov is included (gcov file)...
(DEBUG) --> File is included.
(DEBUG) Check if dlist.h##3219a21b45bb2c61f5ea102d5482e32e.gcov is included (gcov file)...
(DEBUG) --> File is included.
(DEBUG) Check if /home/rodrigo/zephyr-course_ram/twister-out/ksched.h##172c555d5b2e2629e8c5e6360532febc.gcov is included (trace)...
(DEBUG) --> File is excluded.
(DEBUG) Finding source file corresponding to a gcov data file
  gcov_fname   /home/rodrigo/zephyr-course_ram/twister-out/ksched.h##172c555d5b2e2629e8c5e6360532febc.gcov
  current_dir  /home/rodrigo/zephyr-course_ram/twister-out
  root         /home/rodrigo/zephyr-course_ram/app/modules/ring_buf
  starting_dir /home/rodrigo/zephyr-course_ram
  obj_dir      /home/rodrigo/zephyr-course_ram/twister-out
  gcda_fname   native_sim_native/host_gnu/zephyr-course_ram/tests/ring_buf/homework.unit.ring_buf/zephyr/kernel/CMakeFiles/kernel.dir/queue.c.gcno
  --> fname    /home/rodrigo/zephyrproject/zephyr/kernel/include/ksched.h
(DEBUG) Check if /home/rodrigo/zephyrproject/zephyr/kernel/include/ksched.h is included (source file)...
(DEBUG) --> File is excluded.
(DEBUG) Check if /home/rodrigo/zephyr-course_ram/twister-out/kthread.h##3887c82394eb1cae4bd9b6e72588a2b1.gcov is included (trace)...
(DEBUG) --> File is excluded.
(DEBUG) Finding source file corresponding to a gcov data file
  gcov_fname   /home/rodrigo/zephyr-course_ram/twister-out/kthread.h##3887c82394eb1cae4bd9b6e72588a2b1.gcov
  current_dir  /home/rodrigo/zephyr-course_ram/twister-out
  root         /home/rodrigo/zephyr-course_ram/app/modules/ring_buf
  starting_dir /home/rodrigo/zephyr-course_ram
  obj_dir      /home/rodrigo/zephyr-course_ram/twister-out
  gcda_fname   native_sim_native/host_gnu/zephyr-course_ram/tests/ring_buf/homework.unit.ring_buf/zephyr/kernel/CMakeFiles/kernel.dir/queue.c.gcno
  --> fname    /home/rodrigo/zephyrproject/zephyr/kernel/include/kthread.h
(DEBUG) Check if /home/rodrigo/zephyrproject/zephyr/kernel/include/kthread.h is included (source file)...
(DEBUG) --> File is excluded.
(DEBUG) Check if /home/rodrigo/zephyr-course_ram/twister-out/wait_q.h##8d032c01ad982a605e65d14d4975cccf.gcov is included (trace)...
(DEBUG) --> File is excluded.
(DEBUG) Finding source file corresponding to a gcov data file
  gcov_fname   /home/rodrigo/zephyr-course_ram/twister-out/wait_q.h##8d032c01ad982a605e65d14d4975cccf.gcov
  current_dir  /home/rodrigo/zephyr-course_ram/twister-out
  root         /home/rodrigo/zephyr-course_ram/app/modules/ring_buf
  starting_dir /home/rodrigo/zephyr-course_ram
  obj_dir      /home/rodrigo/zephyr-course_ram/twister-out
  gcda_fname   native_sim_native/host_gnu/zephyr-course_ram/tests/ring_buf/homework.unit.ring_buf/zephyr/kernel/CMakeFiles/kernel.dir/queue.c.gcno
  --> fname    /home/rodrigo/zephyrproject/zephyr/kernel/include/wait_q.h
(DEBUG) Check if /home/rodrigo/zephyrproject/zephyr/kernel/include/wait_q.h is included (source file)...
(DEBUG) --> File is excluded.
(DEBUG) Check if /home/rodrigo/zephyr-course_ram/twister-out/timeout_q.h##c6366127490abe4c065d005513ed50b8.gcov is included (trace)...
(DEBUG) --> File is excluded.
(DEBUG) Finding source file corresponding to a gcov data file
  gcov_fname   /home/rodrigo/zephyr-course_ram/twister-out/timeout_q.h##c6366127490abe4c065d005513ed50b8.gcov
  current_dir  /home/rodrigo/zephyr-course_ram/twister-out
  root         /home/rodrigo/zephyr-course_ram/app/modules/ring_buf
  starting_dir /home/rodrigo/zephyr-course_ram
  obj_dir      /home/rodrigo/zephyr-course_ram/twister-out
  gcda_fname   native_sim_native/host_gnu/zephyr-course_ram/tests/ring_buf/homework.unit.ring_buf/zephyr/kernel/CMakeFiles/kernel.dir/queue.c.gcno
  --> fname    /home/rodrigo/zephyrproject/zephyr/kernel/include/timeout_q.h
(DEBUG) Check if /home/rodrigo/zephyrproject/zephyr/kernel/include/timeout_q.h is included (source file)...
(DEBUG) --> File is excluded.
(DEBUG) Check if /home/rodrigo/zephyr-course_ram/twister-out/kernel_arch_func.h##580562feec2edfd32c5a873362c5c8d2.gcov is included (trace)...
(DEBUG) --> File is excluded.
(DEBUG) Finding source file corresponding to a gcov data file
  gcov_fname   /home/rodrigo/zephyr-course_ram/twister-out/kernel_arch_func.h##580562feec2edfd32c5a873362c5c8d2.gcov
  current_dir  /home/rodrigo/zephyr-course_ram/twister-out
  root         /home/rodrigo/zephyr-course_ram/app/modules/ring_buf
  starting_dir /home/rodrigo/zephyr-course_ram
  obj_dir      /home/rodrigo/zephyr-course_ram/twister-out
  gcda_fname   native_sim_native/host_gnu/zephyr-course_ram/tests/ring_buf/homework.unit.ring_buf/zephyr/kernel/CMakeFiles/kernel.dir/queue.c.gcno
  --> fname    /home/rodrigo/zephyrproject/zephyr/arch/posix/include/kernel_arch_func.h
(DEBUG) Check if /home/rodrigo/zephyrproject/zephyr/arch/posix/include/kernel_arch_func.h is included (source file)...
(DEBUG) --> File is excluded.
(DEBUG) Check if /home/rodrigo/zephyr-course_ram/twister-out/priority_q.h##99147f16078ebc096e4d103f378ac7d3.gcov is included (trace)...
(DEBUG) --> File is excluded.
(DEBUG) Finding source file corresponding to a gcov data file
  gcov_fname   /home/rodrigo/zephyr-course_ram/twister-out/priority_q.h##99147f16078ebc096e4d103f378ac7d3.gcov
  current_dir  /home/rodrigo/zephyr-course_ram/twister-out
  root         /home/rodrigo/zephyr-course_ram/app/modules/ring_buf
  starting_dir /home/rodrigo/zephyr-course_ram
  obj_dir      /home/rodrigo/zephyr-course_ram/twister-out
  gcda_fname   native_sim_native/host_gnu/zephyr-course_ram/tests/ring_buf/homework.unit.ring_buf/zephyr/kernel/CMakeFiles/kernel.dir/queue.c.gcno
  --> fname    /home/rodrigo/zephyrproject/zephyr/kernel/include/priority_q.h
(DEBUG) Check if /home/rodrigo/zephyrproject/zephyr/kernel/include/priority_q.h is included (source file)...
(DEBUG) --> File is excluded.
(DEBUG) Check if /home/rodrigo/zephyr-course_ram/twister-out/arch.h##239ee5cbaf1f4f5309f62049e6f0de61.gcov is included (trace)...
(DEBUG) --> File is excluded.
(DEBUG) Finding source file corresponding to a gcov data file
  gcov_fname   /home/rodrigo/zephyr-course_ram/twister-out/arch.h##239ee5cbaf1f4f5309f62049e6f0de61.gcov
  current_dir  /home/rodrigo/zephyr-course_ram/twister-out
  root         /home/rodrigo/zephyr-course_ram/app/modules/ring_buf
  starting_dir /home/rodrigo/zephyr-course_ram
  obj_dir      /home/rodrigo/zephyr-course_ram/twister-out
  gcda_fname   native_sim_native/host_gnu/zephyr-course_ram/tests/ring_buf/homework.unit.ring_buf/zephyr/kernel/CMakeFiles/kernel.dir/queue.c.gcno
  --> fname    /home/rodrigo/zephyrproject/zephyr/include/zephyr/arch/posix/arch.h
(DEBUG) Check if /home/rodrigo/zephyrproject/zephyr/include/zephyr/arch/posix/arch.h is included (source file)...
(DEBUG) --> File is excluded.
(DEBUG) Check if /home/rodrigo/zephyr-course_ram/twister-out/slist.h##48084af0c7a478624712e6629c6036ca.gcov is included (trace)...
(DEBUG) --> File is excluded.
(DEBUG) Finding source file corresponding to a gcov data file
  gcov_fname   /home/rodrigo/zephyr-course_ram/twister-out/slist.h##48084af0c7a478624712e6629c6036ca.gcov
  current_dir  /home/rodrigo/zephyr-course_ram/twister-out
  root         /home/rodrigo/zephyr-course_ram/app/modules/ring_buf
  starting_dir /home/rodrigo/zephyr-course_ram
  obj_dir      /home/rodrigo/zephyr-course_ram/twister-out
  gcda_fname   native_sim_native/host_gnu/zephyr-course_ram/tests/ring_buf/homework.unit.ring_buf/zephyr/kernel/CMakeFiles/kernel.dir/queue.c.gcno
  --> fname    /home/rodrigo/zephyrproject/zephyr/include/zephyr/sys/slist.h
(DEBUG) Check if /home/rodrigo/zephyrproject/zephyr/include/zephyr/sys/slist.h is included (source file)...
(DEBUG) --> File is excluded.
(DEBUG) Check if /home/rodrigo/zephyr-course_ram/twister-out/sflist.h##4b0e754160a576f6ba174d81210fe33d.gcov is included (trace)...
(DEBUG)   No filter matched.
(DEBUG) --> File is excluded.
(DEBUG) Finding source file corresponding to a gcov data file
  gcov_fname   /home/rodrigo/zephyr-course_ram/twister-out/sflist.h##4b0e754160a576f6ba174d81210fe33d.gcov
  current_dir  /home/rodrigo/zephyr-course_ram/twister-out
  root         /home/rodrigo/zephyr-course_ram/app/modules/ring_buf
  starting_dir /home/rodrigo/zephyr-course_ram
  obj_dir      /home/rodrigo/zephyr-course_ram/twister-out
  gcda_fname   native_sim_native/host_gnu/zephyr-course_ram/tests/ring_buf/homework.unit.ring_buf/zephyr/kernel/CMakeFiles/kernel.dir/queue.c.gcno
  --> fname    /home/rodrigo/zephyrproject/zephyr/include/zephyr/sys/sflist.h
(DEBUG) Check if /home/rodrigo/zephyrproject/zephyr/include/zephyr/sys/sflist.h is included (source file)...
(DEBUG)   No filter matched.
(DEBUG) --> File is excluded.
(DEBUG) Check if /home/rodrigo/zephyr-course_ram/twister-out/kobject_internal.h##dca6fbe52c3225f96b4d07c0f7f6cb30.gcov is included (trace)...
(DEBUG) --> File is excluded.
(DEBUG) Finding source file corresponding to a gcov data file
  gcov_fname   /home/rodrigo/zephyr-course_ram/twister-out/kobject_internal.h##dca6fbe52c3225f96b4d07c0f7f6cb30.gcov
  current_dir  /home/rodrigo/zephyr-course_ram/twister-out
  root         /home/rodrigo/zephyr-course_ram/app/modules/ring_buf
  starting_dir /home/rodrigo/zephyr-course_ram
  obj_dir      /home/rodrigo/zephyr-course_ram/twister-out
  gcda_fname   native_sim_native/host_gnu/zephyr-course_ram/tests/ring_buf/homework.unit.ring_buf/zephyr/kernel/CMakeFiles/kernel.dir/queue.c.gcno
  --> fname    /home/rodrigo/zephyrproject/zephyr/include/zephyr/sys/internal/kobject_internal.h
(DEBUG) Check if /home/rodrigo/zephyrproject/zephyr/include/zephyr/sys/internal/kobject_internal.h is included (source file)...
(DEBUG) --> File is excluded.
(DEBUG) Check if /home/rodrigo/zephyr-course_ram/twister-out/queue.c##6df9c45812181fd3b073f0e505700ad4.gcov is included (trace)...
(DEBUG)   No filter matched.
(DEBUG) --> File is excluded.
(DEBUG) Finding source file corresponding to a gcov data file
  gcov_fname   /home/rodrigo/zephyr-course_ram/twister-out/queue.c##6df9c45812181fd3b073f0e505700ad4.gcov
  current_dir  /home/rodrigo/zephyr-course_ram/twister-out
  root         /home/rodrigo/zephyr-course_ram/app/modules/ring_buf
  starting_dir /home/rodrigo/zephyr-course_ram
  obj_dir      /home/rodrigo/zephyr-course_ram/twister-out
  gcda_fname   native_sim_native/host_gnu/zephyr-course_ram/tests/ring_buf/homework.unit.ring_buf/zephyr/kernel/CMakeFiles/kernel.dir/queue.c.gcno
  --> fname    /home/rodrigo/zephyrproject/zephyr/kernel/queue.c
(DEBUG) Check if /home/rodrigo/zephyrproject/zephyr/kernel/queue.c is included (source file)...
(DEBUG)   No filter matched.
(DEBUG) --> File is excluded.
(DEBUG) Check if /home/rodrigo/zephyr-course_ram/twister-out/kernel_internal.h##dca9100bcab2f1d67b3e4cb85a4aba72.gcov is included (trace)...
(DEBUG) --> File is excluded.
(DEBUG) Finding source file corresponding to a gcov data file
  gcov_fname   /home/rodrigo/zephyr-course_ram/twister-out/kernel_internal.h##dca9100bcab2f1d67b3e4cb85a4aba72.gcov
  current_dir  /home/rodrigo/zephyr-course_ram/twister-out
  root         /home/rodrigo/zephyr-course_ram/app/modules/ring_buf
  starting_dir /home/rodrigo/zephyr-course_ram
  obj_dir      /home/rodrigo/zephyr-course_ram/twister-out
  gcda_fname   native_sim_native/host_gnu/zephyr-course_ram/tests/ring_buf/homework.unit.ring_buf/zephyr/kernel/CMakeFiles/kernel.dir/queue.c.gcno
  --> fname    /home/rodrigo/zephyrproject/zephyr/kernel/include/kernel_internal.h
(DEBUG) Check if /home/rodrigo/zephyrproject/zephyr/kernel/include/kernel_internal.h is included (source file)...
(DEBUG) --> File is excluded.
(DEBUG) Check if /home/rodrigo/zephyr-course_ram/twister-out/dlist.h##3219a21b45bb2c61f5ea102d5482e32e.gcov is included (trace)...
(DEBUG) --> File is excluded.
(DEBUG) Finding source file corresponding to a gcov data file
  gcov_fname   /home/rodrigo/zephyr-course_ram/twister-out/dlist.h##3219a21b45bb2c61f5ea102d5482e32e.gcov
  current_dir  /home/rodrigo/zephyr-course_ram/twister-out
  root         /home/rodrigo/zephyr-course_ram/app/modules/ring_buf
  starting_dir /home/rodrigo/zephyr-course_ram
  obj_dir      /home/rodrigo/zephyr-course_ram/twister-out
  gcda_fname   native_sim_native/host_gnu/zephyr-course_ram/tests/ring_buf/homework.unit.ring_buf/zephyr/kernel/CMakeFiles/kernel.dir/queue.c.gcno
  --> fname    /home/rodrigo/zephyrproject/zephyr/include/zephyr/sys/dlist.h
(DEBUG) Check if /home/rodrigo/zephyrproject/zephyr/include/zephyr/sys/dlist.h is included (source file)...
(DEBUG) --> File is excluded.
(DEBUG) Check if /home/rodrigo/zephyr-course_ram/twister-out/spinlock.h##d84264fdde7bca8b949809fef8cbefdd.gcov is included (trace)...
(DEBUG) --> File is excluded.
(DEBUG) Finding source file corresponding to a gcov data file
  gcov_fname   /home/rodrigo/zephyr-course_ram/twister-out/spinlock.h##d84264fdde7bca8b949809fef8cbefdd.gcov
  current_dir  /home/rodrigo/zephyr-course_ram/twister-out
  root         /home/rodrigo/zephyr-course_ram/app/modules/ring_buf
  starting_dir /home/rodrigo/zephyr-course_ram
  obj_dir      /home/rodrigo/zephyr-course_ram/twister-out
  gcda_fname   native_sim_native/host_gnu/zephyr-course_ram/tests/ring_buf/homework.unit.ring_buf/zephyr/kernel/CMakeFiles/kernel.dir/queue.c.gcno
  --> fname    /home/rodrigo/zephyrproject/zephyr/include/zephyr/spinlock.h
(DEBUG) Check if /home/rodrigo/zephyrproject/zephyr/include/zephyr/spinlock.h is included (source file)...
(DEBUG) --> File is excluded.
(DEBUG) Check if /home/rodrigo/zephyr-course_ram/twister-out/native_sim_native/host_gnu/zephyr-course_ram/tests/ring_buf/homework.unit.ring_buf/zephyr/kernel/CMakeFiles/kernel.dir/sched.c.gcda is included (trace)...
(DEBUG)   No filter matched.
(DEBUG) --> File is excluded.
(DEBUG) Check if /home/rodrigo/zephyr-course_ram/twister-out/native_sim_native/host_gnu/zephyr-course_ram/tests/ring_buf/homework.unit.ring_buf/zephyr/kernel/CMakeFiles/kernel.dir/sched.c.gcda is included (trace)...
(DEBUG) --> File is excluded.
(DEBUG) Check if sched.c##91d7cc217da0be16f8124d237c9cbf3d.gcov is included (gcov file)...
(DEBUG)   Filter AlwaysMatchFilter() matched.
(DEBUG) --> File is included.
(DEBUG) Check if log_msg.h##fe60156c532143d1e30e21c32299f503.gcov is included (gcov file)...
(DEBUG) --> File is included.
(DEBUG) Check if kswap.h##8021f979b7d9fd3a3e5b1e96100592cb.gcov is included (gcov file)...
(DEBUG) --> File is included.
(DEBUG) Check if wait_q.h##8d032c01ad982a605e65d14d4975cccf.gcov is included (gcov file)...
(DEBUG) --> File is included.
(DEBUG) Check if ksched.h##172c555d5b2e2629e8c5e6360532febc.gcov is included (gcov file)...
(DEBUG) --> File is included.
(DEBUG) Check if priority_q.h##99147f16078ebc096e4d103f378ac7d3.gcov is included (gcov file)...
(DEBUG) --> File is included.
(DEBUG) Check if kernel_internal.h##dca9100bcab2f1d67b3e4cb85a4aba72.gcov is included (gcov file)...
(DEBUG) --> File is included.
(DEBUG) Check if kthread.h##3887c82394eb1cae4bd9b6e72588a2b1.gcov is included (gcov file)...
(DEBUG) --> File is included.
(DEBUG) Check if timeout_q.h##c6366127490abe4c065d005513ed50b8.gcov is included (gcov file)...
(DEBUG) --> File is included.
(DEBUG) Check if kernel_arch_func.h##580562feec2edfd32c5a873362c5c8d2.gcov is included (gcov file)...
(DEBUG) --> File is included.
(DEBUG) Check if kernel.h##33e25e586cdfb0cc7078a38f16ec62da.gcov is included (gcov file)...
(DEBUG) --> File is included.
(DEBUG) Check if kernel.h##2d3fbe341137ae796abdfaeb5a853926.gcov is included (gcov file)...
(DEBUG) --> File is included.
(DEBUG) Check if spinlock.h##d84264fdde7bca8b949809fef8cbefdd.gcov is included (gcov file)...
(DEBUG) --> File is included.
(DEBUG) Check if arch.h##239ee5cbaf1f4f5309f62049e6f0de61.gcov is included (gcov file)...
(DEBUG) --> File is included.
(DEBUG) Check if syscall.h##f78b8447055080e06b9c6a9c432569e6.gcov is included (gcov file)...
(DEBUG) --> File is included.
(DEBUG) Check if dlist.h##3219a21b45bb2c61f5ea102d5482e32e.gcov is included (gcov file)...
(DEBUG) --> File is included.
(DEBUG) Check if /home/rodrigo/zephyr-course_ram/twister-out/ksched.h##172c555d5b2e2629e8c5e6360532febc.gcov is included (trace)...
(DEBUG) --> File is excluded.
(DEBUG) Finding source file corresponding to a gcov data file
  gcov_fname   /home/rodrigo/zephyr-course_ram/twister-out/ksched.h##172c555d5b2e2629e8c5e6360532febc.gcov
  current_dir  /home/rodrigo/zephyr-course_ram/twister-out
  root         /home/rodrigo/zephyr-course_ram/app/modules/ring_buf
  starting_dir /home/rodrigo/zephyr-course_ram
  obj_dir      /home/rodrigo/zephyr-course_ram/twister-out
  gcda_fname   native_sim_native/host_gnu/zephyr-course_ram/tests/ring_buf/homework.unit.ring_buf/zephyr/kernel/CMakeFiles/kernel.dir/sched.c.gcda
  --> fname    /home/rodrigo/zephyrproject/zephyr/kernel/include/ksched.h
(DEBUG) Check if /home/rodrigo/zephyrproject/zephyr/kernel/include/ksched.h is included (source file)...
(DEBUG) --> File is excluded.
(DEBUG) Check if /home/rodrigo/zephyr-course_ram/twister-out/wait_q.h##8d032c01ad982a605e65d14d4975cccf.gcov is included (trace)...
(DEBUG) --> File is excluded.
(DEBUG) Finding source file corresponding to a gcov data file
  gcov_fname   /home/rodrigo/zephyr-course_ram/twister-out/wait_q.h##8d032c01ad982a605e65d14d4975cccf.gcov
  current_dir  /home/rodrigo/zephyr-course_ram/twister-out
  root         /home/rodrigo/zephyr-course_ram/app/modules/ring_buf
  starting_dir /home/rodrigo/zephyr-course_ram
  obj_dir      /home/rodrigo/zephyr-course_ram/twister-out
  gcda_fname   native_sim_native/host_gnu/zephyr-course_ram/tests/ring_buf/homework.unit.ring_buf/zephyr/kernel/CMakeFiles/kernel.dir/sched.c.gcda
  --> fname    /home/rodrigo/zephyrproject/zephyr/kernel/include/wait_q.h
(DEBUG) Check if /home/rodrigo/zephyrproject/zephyr/kernel/include/wait_q.h is included (source file)...
(DEBUG) --> File is excluded.
(DEBUG) Check if /home/rodrigo/zephyr-course_ram/twister-out/kswap.h##8021f979b7d9fd3a3e5b1e96100592cb.gcov is included (trace)...
(DEBUG) --> File is excluded.
(DEBUG) Finding source file corresponding to a gcov data file
  gcov_fname   /home/rodrigo/zephyr-course_ram/twister-out/kswap.h##8021f979b7d9fd3a3e5b1e96100592cb.gcov
  current_dir  /home/rodrigo/zephyr-course_ram/twister-out
  root         /home/rodrigo/zephyr-course_ram/app/modules/ring_buf
  starting_dir /home/rodrigo/zephyr-course_ram
  obj_dir      /home/rodrigo/zephyr-course_ram/twister-out
  gcda_fname   native_sim_native/host_gnu/zephyr-course_ram/tests/ring_buf/homework.unit.ring_buf/zephyr/kernel/CMakeFiles/kernel.dir/sched.c.gcda
  --> fname    /home/rodrigo/zephyrproject/zephyr/kernel/include/kswap.h
(DEBUG) Check if /home/rodrigo/zephyrproject/zephyr/kernel/include/kswap.h is included (source file)...
(DEBUG) --> File is excluded.
(DEBUG) Check if /home/rodrigo/zephyr-course_ram/twister-out/kthread.h##3887c82394eb1cae4bd9b6e72588a2b1.gcov is included (trace)...
(DEBUG) --> File is excluded.
(DEBUG) Finding source file corresponding to a gcov data file
  gcov_fname   /home/rodrigo/zephyr-course_ram/twister-out/kthread.h##3887c82394eb1cae4bd9b6e72588a2b1.gcov
  current_dir  /home/rodrigo/zephyr-course_ram/twister-out
  root         /home/rodrigo/zephyr-course_ram/app/modules/ring_buf
  starting_dir /home/rodrigo/zephyr-course_ram
  obj_dir      /home/rodrigo/zephyr-course_ram/twister-out
  gcda_fname   native_sim_native/host_gnu/zephyr-course_ram/tests/ring_buf/homework.unit.ring_buf/zephyr/kernel/CMakeFiles/kernel.dir/sched.c.gcda
  --> fname    /home/rodrigo/zephyrproject/zephyr/kernel/include/kthread.h
(DEBUG) Check if /home/rodrigo/zephyrproject/zephyr/kernel/include/kthread.h is included (source file)...
(DEBUG) --> File is excluded.
(DEBUG) Check if /home/rodrigo/zephyr-course_ram/twister-out/kernel.h##2d3fbe341137ae796abdfaeb5a853926.gcov is included (trace)...
(DEBUG) --> File is excluded.
(DEBUG) Finding source file corresponding to a gcov data file
  gcov_fname   /home/rodrigo/zephyr-course_ram/twister-out/kernel.h##2d3fbe341137ae796abdfaeb5a853926.gcov
  current_dir  /home/rodrigo/zephyr-course_ram/twister-out
  root         /home/rodrigo/zephyr-course_ram/app/modules/ring_buf
  starting_dir /home/rodrigo/zephyr-course_ram
  obj_dir      /home/rodrigo/zephyr-course_ram/twister-out
  gcda_fname   native_sim_native/host_gnu/zephyr-course_ram/tests/ring_buf/homework.unit.ring_buf/zephyr/kernel/CMakeFiles/kernel.dir/sched.c.gcda
  --> fname    /home/rodrigo/zephyrproject/zephyr/include/zephyr/kernel.h
(DEBUG) Check if /home/rodrigo/zephyrproject/zephyr/include/zephyr/kernel.h is included (source file)...
(DEBUG) --> File is excluded.
(DEBUG) Check if /home/rodrigo/zephyr-course_ram/twister-out/spinlock.h##d84264fdde7bca8b949809fef8cbefdd.gcov is included (trace)...
(DEBUG) --> File is excluded.
(DEBUG) Finding source file corresponding to a gcov data file
  gcov_fname   /home/rodrigo/zephyr-course_ram/twister-out/spinlock.h##d84264fdde7bca8b949809fef8cbefdd.gcov
  current_dir  /home/rodrigo/zephyr-course_ram/twister-out
  root         /home/rodrigo/zephyr-course_ram/app/modules/ring_buf
  starting_dir /home/rodrigo/zephyr-course_ram
  obj_dir      /home/rodrigo/zephyr-course_ram/twister-out
  gcda_fname   native_sim_native/host_gnu/zephyr-course_ram/tests/ring_buf/homework.unit.ring_buf/zephyr/kernel/CMakeFiles/kernel.dir/sched.c.gcda
  --> fname    /home/rodrigo/zephyrproject/zephyr/include/zephyr/spinlock.h
(DEBUG) Check if /home/rodrigo/zephyrproject/zephyr/include/zephyr/spinlock.h is included (source file)...
(DEBUG) --> File is excluded.
(DEBUG) Check if /home/rodrigo/zephyr-course_ram/twister-out/timeout_q.h##c6366127490abe4c065d005513ed50b8.gcov is included (trace)...
(DEBUG) --> File is excluded.
(DEBUG) Finding source file corresponding to a gcov data file
  gcov_fname   /home/rodrigo/zephyr-course_ram/twister-out/timeout_q.h##c6366127490abe4c065d005513ed50b8.gcov
  current_dir  /home/rodrigo/zephyr-course_ram/twister-out
  root         /home/rodrigo/zephyr-course_ram/app/modules/ring_buf
  starting_dir /home/rodrigo/zephyr-course_ram
  obj_dir      /home/rodrigo/zephyr-course_ram/twister-out
  gcda_fname   native_sim_native/host_gnu/zephyr-course_ram/tests/ring_buf/homework.unit.ring_buf/zephyr/kernel/CMakeFiles/kernel.dir/sched.c.gcda
  --> fname    /home/rodrigo/zephyrproject/zephyr/kernel/include/timeout_q.h
(DEBUG) Check if /home/rodrigo/zephyrproject/zephyr/kernel/include/timeout_q.h is included (source file)...
(DEBUG) --> File is excluded.
(DEBUG) Check if /home/rodrigo/zephyr-course_ram/twister-out/kernel.h##33e25e586cdfb0cc7078a38f16ec62da.gcov is included (trace)...
(DEBUG) --> File is excluded.
(DEBUG) Finding source file corresponding to a gcov data file
  gcov_fname   /home/rodrigo/zephyr-course_ram/twister-out/kernel.h##33e25e586cdfb0cc7078a38f16ec62da.gcov
  current_dir  /home/rodrigo/zephyr-course_ram/twister-out
  root         /home/rodrigo/zephyr-course_ram/app/modules/ring_buf
  starting_dir /home/rodrigo/zephyr-course_ram
  obj_dir      /home/rodrigo/zephyr-course_ram/twister-out
  gcda_fname   native_sim_native/host_gnu/zephyr-course_ram/tests/ring_buf/homework.unit.ring_buf/zephyr/kernel/CMakeFiles/kernel.dir/sched.c.gcda
  --> fname    /home/rodrigo/zephyr-course_ram/twister-out/native_sim_native/host_gnu/zephyr-course_ram/tests/ring_buf/homework.unit.ring_buf/zephyr/include/generated/zephyr/syscalls/kernel.h
(DEBUG) Check if /home/rodrigo/zephyr-course_ram/twister-out/native_sim_native/host_gnu/zephyr-course_ram/tests/ring_buf/homework.unit.ring_buf/zephyr/include/generated/zephyr/syscalls/kernel.h is included (source file)...
(DEBUG) --> File is excluded.
(DEBUG) Check if /home/rodrigo/zephyr-course_ram/twister-out/log_msg.h##fe60156c532143d1e30e21c32299f503.gcov is included (trace)...
(DEBUG) --> File is excluded.
(DEBUG) Finding source file corresponding to a gcov data file
  gcov_fname   /home/rodrigo/zephyr-course_ram/twister-out/log_msg.h##fe60156c532143d1e30e21c32299f503.gcov
  current_dir  /home/rodrigo/zephyr-course_ram/twister-out
  root         /home/rodrigo/zephyr-course_ram/app/modules/ring_buf
  starting_dir /home/rodrigo/zephyr-course_ram
  obj_dir      /home/rodrigo/zephyr-course_ram/twister-out
  gcda_fname   native_sim_native/host_gnu/zephyr-course_ram/tests/ring_buf/homework.unit.ring_buf/zephyr/kernel/CMakeFiles/kernel.dir/sched.c.gcda
  --> fname    /home/rodrigo/zephyrproject/zephyr/include/zephyr/logging/log_msg.h
(DEBUG) Check if /home/rodrigo/zephyrproject/zephyr/include/zephyr/logging/log_msg.h is included (source file)...
(DEBUG) --> File is excluded.
(DEBUG) Check if /home/rodrigo/zephyr-course_ram/twister-out/priority_q.h##99147f16078ebc096e4d103f378ac7d3.gcov is included (trace)...
(DEBUG) --> File is excluded.
(DEBUG) Finding source file corresponding to a gcov data file
  gcov_fname   /home/rodrigo/zephyr-course_ram/twister-out/priority_q.h##99147f16078ebc096e4d103f378ac7d3.gcov
  current_dir  /home/rodrigo/zephyr-course_ram/twister-out
  root         /home/rodrigo/zephyr-course_ram/app/modules/ring_buf
  starting_dir /home/rodrigo/zephyr-course_ram
  obj_dir      /home/rodrigo/zephyr-course_ram/twister-out
  gcda_fname   native_sim_native/host_gnu/zephyr-course_ram/tests/ring_buf/homework.unit.ring_buf/zephyr/kernel/CMakeFiles/kernel.dir/sched.c.gcda
  --> fname    /home/rodrigo/zephyrproject/zephyr/kernel/include/priority_q.h
(DEBUG) Check if /home/rodrigo/zephyrproject/zephyr/kernel/include/priority_q.h is included (source file)...
(DEBUG) --> File is excluded.
(DEBUG) Check if /home/rodrigo/zephyr-course_ram/twister-out/kernel_arch_func.h##580562feec2edfd32c5a873362c5c8d2.gcov is included (trace)...
(DEBUG) --> File is excluded.
(DEBUG) Finding source file corresponding to a gcov data file
  gcov_fname   /home/rodrigo/zephyr-course_ram/twister-out/kernel_arch_func.h##580562feec2edfd32c5a873362c5c8d2.gcov
  current_dir  /home/rodrigo/zephyr-course_ram/twister-out
  root         /home/rodrigo/zephyr-course_ram/app/modules/ring_buf
  starting_dir /home/rodrigo/zephyr-course_ram
  obj_dir      /home/rodrigo/zephyr-course_ram/twister-out
  gcda_fname   native_sim_native/host_gnu/zephyr-course_ram/tests/ring_buf/homework.unit.ring_buf/zephyr/kernel/CMakeFiles/kernel.dir/sched.c.gcda
  --> fname    /home/rodrigo/zephyrproject/zephyr/arch/posix/include/kernel_arch_func.h
(DEBUG) Check if /home/rodrigo/zephyrproject/zephyr/arch/posix/include/kernel_arch_func.h is included (source file)...
(DEBUG) --> File is excluded.
(DEBUG) Check if /home/rodrigo/zephyr-course_ram/twister-out/arch.h##239ee5cbaf1f4f5309f62049e6f0de61.gcov is included (trace)...
(DEBUG) --> File is excluded.
(DEBUG) Finding source file corresponding to a gcov data file
  gcov_fname   /home/rodrigo/zephyr-course_ram/twister-out/arch.h##239ee5cbaf1f4f5309f62049e6f0de61.gcov
  current_dir  /home/rodrigo/zephyr-course_ram/twister-out
  root         /home/rodrigo/zephyr-course_ram/app/modules/ring_buf
  starting_dir /home/rodrigo/zephyr-course_ram
  obj_dir      /home/rodrigo/zephyr-course_ram/twister-out
  gcda_fname   native_sim_native/host_gnu/zephyr-course_ram/tests/ring_buf/homework.unit.ring_buf/zephyr/kernel/CMakeFiles/kernel.dir/sched.c.gcda
  --> fname    /home/rodrigo/zephyrproject/zephyr/include/zephyr/arch/posix/arch.h
(DEBUG) Check if /home/rodrigo/zephyrproject/zephyr/include/zephyr/arch/posix/arch.h is included (source file)...
(DEBUG) --> File is excluded.
(DEBUG) Check if /home/rodrigo/zephyr-course_ram/twister-out/syscall.h##f78b8447055080e06b9c6a9c432569e6.gcov is included (trace)...
(DEBUG) --> File is excluded.
(DEBUG) Finding source file corresponding to a gcov data file
  gcov_fname   /home/rodrigo/zephyr-course_ram/twister-out/syscall.h##f78b8447055080e06b9c6a9c432569e6.gcov
  current_dir  /home/rodrigo/zephyr-course_ram/twister-out
  root         /home/rodrigo/zephyr-course_ram/app/modules/ring_buf
  starting_dir /home/rodrigo/zephyr-course_ram
  obj_dir      /home/rodrigo/zephyr-course_ram/twister-out
  gcda_fname   native_sim_native/host_gnu/zephyr-course_ram/tests/ring_buf/homework.unit.ring_buf/zephyr/kernel/CMakeFiles/kernel.dir/sched.c.gcda
  --> fname    /home/rodrigo/zephyrproject/zephyr/include/zephyr/syscall.h
(DEBUG) Check if /home/rodrigo/zephyrproject/zephyr/include/zephyr/syscall.h is included (source file)...
(DEBUG) --> File is excluded.
(DEBUG) Check if /home/rodrigo/zephyr-course_ram/twister-out/kernel_internal.h##dca9100bcab2f1d67b3e4cb85a4aba72.gcov is included (trace)...
(DEBUG) --> File is excluded.
(DEBUG) Finding source file corresponding to a gcov data file
  gcov_fname   /home/rodrigo/zephyr-course_ram/twister-out/kernel_internal.h##dca9100bcab2f1d67b3e4cb85a4aba72.gcov
  current_dir  /home/rodrigo/zephyr-course_ram/twister-out
  root         /home/rodrigo/zephyr-course_ram/app/modules/ring_buf
  starting_dir /home/rodrigo/zephyr-course_ram
  obj_dir      /home/rodrigo/zephyr-course_ram/twister-out
  gcda_fname   native_sim_native/host_gnu/zephyr-course_ram/tests/ring_buf/homework.unit.ring_buf/zephyr/kernel/CMakeFiles/kernel.dir/sched.c.gcda
  --> fname    /home/rodrigo/zephyrproject/zephyr/kernel/include/kernel_internal.h
(DEBUG) Check if /home/rodrigo/zephyrproject/zephyr/kernel/include/kernel_internal.h is included (source file)...
(DEBUG) --> File is excluded.
(DEBUG) Check if /home/rodrigo/zephyr-course_ram/twister-out/dlist.h##3219a21b45bb2c61f5ea102d5482e32e.gcov is included (trace)...
(DEBUG) --> File is excluded.
(DEBUG) Finding source file corresponding to a gcov data file
  gcov_fname   /home/rodrigo/zephyr-course_ram/twister-out/dlist.h##3219a21b45bb2c61f5ea102d5482e32e.gcov
  current_dir  /home/rodrigo/zephyr-course_ram/twister-out
  root         /home/rodrigo/zephyr-course_ram/app/modules/ring_buf
  starting_dir /home/rodrigo/zephyr-course_ram
  obj_dir      /home/rodrigo/zephyr-course_ram/twister-out
  gcda_fname   native_sim_native/host_gnu/zephyr-course_ram/tests/ring_buf/homework.unit.ring_buf/zephyr/kernel/CMakeFiles/kernel.dir/sched.c.gcda
  --> fname    /home/rodrigo/zephyrproject/zephyr/include/zephyr/sys/dlist.h
(DEBUG) Check if /home/rodrigo/zephyrproject/zephyr/include/zephyr/sys/dlist.h is included (source file)...
(DEBUG) --> File is excluded.
(DEBUG) Check if /home/rodrigo/zephyr-course_ram/twister-out/sched.c##91d7cc217da0be16f8124d237c9cbf3d.gcov is included (trace)...
(DEBUG)   No filter matched.
(DEBUG) --> File is excluded.
(DEBUG) Finding source file corresponding to a gcov data file
  gcov_fname   /home/rodrigo/zephyr-course_ram/twister-out/sched.c##91d7cc217da0be16f8124d237c9cbf3d.gcov
  current_dir  /home/rodrigo/zephyr-course_ram/twister-out
  root         /home/rodrigo/zephyr-course_ram/app/modules/ring_buf
  starting_dir /home/rodrigo/zephyr-course_ram
  obj_dir      /home/rodrigo/zephyr-course_ram/twister-out
  gcda_fname   native_sim_native/host_gnu/zephyr-course_ram/tests/ring_buf/homework.unit.ring_buf/zephyr/kernel/CMakeFiles/kernel.dir/sched.c.gcda
  --> fname    /home/rodrigo/zephyrproject/zephyr/kernel/sched.c
(DEBUG) Check if /home/rodrigo/zephyrproject/zephyr/kernel/sched.c is included (source file)...
(DEBUG)   No filter matched.
(DEBUG) --> File is excluded.
(DEBUG) Check if /home/rodrigo/zephyr-course_ram/twister-out/native_sim_native/host_gnu/zephyr-course_ram/tests/ring_buf/homework.unit.ring_buf/zephyr/kernel/CMakeFiles/kernel.dir/sem.c.gcda is included (trace)...
(DEBUG)   No filter matched.
(DEBUG) --> File is excluded.
(DEBUG) Check if /home/rodrigo/zephyr-course_ram/twister-out/native_sim_native/host_gnu/zephyr-course_ram/tests/ring_buf/homework.unit.ring_buf/zephyr/kernel/CMakeFiles/kernel.dir/sem.c.gcda is included (trace)...
(DEBUG) --> File is excluded.
(DEBUG) Check if sem.c##469f635c5d229d3daa556fa569b0f769.gcov is included (gcov file)...
(DEBUG)   Filter AlwaysMatchFilter() matched.
(DEBUG) --> File is included.
(DEBUG) Check if ksched.h##172c555d5b2e2629e8c5e6360532febc.gcov is included (gcov file)...
(DEBUG) --> File is included.
(DEBUG) Check if kthread.h##3887c82394eb1cae4bd9b6e72588a2b1.gcov is included (gcov file)...
(DEBUG) --> File is included.
(DEBUG) Check if kernel_arch_func.h##580562feec2edfd32c5a873362c5c8d2.gcov is included (gcov file)...
(DEBUG) --> File is included.
(DEBUG) Check if wait_q.h##8d032c01ad982a605e65d14d4975cccf.gcov is included (gcov file)...
(DEBUG) --> File is included.
(DEBUG) Check if priority_q.h##99147f16078ebc096e4d103f378ac7d3.gcov is included (gcov file)...
(DEBUG) --> File is included.
(DEBUG) Check if timeout_q.h##c6366127490abe4c065d005513ed50b8.gcov is included (gcov file)...
(DEBUG) --> File is included.
(DEBUG) Check if kobject_internal.h##dca6fbe52c3225f96b4d07c0f7f6cb30.gcov is included (gcov file)...
(DEBUG) --> File is included.
(DEBUG) Check if spinlock.h##d84264fdde7bca8b949809fef8cbefdd.gcov is included (gcov file)...
(DEBUG) --> File is included.
(DEBUG) Check if arch.h##239ee5cbaf1f4f5309f62049e6f0de61.gcov is included (gcov file)...
(DEBUG) --> File is included.
(DEBUG) Check if dlist.h##3219a21b45bb2c61f5ea102d5482e32e.gcov is included (gcov file)...
(DEBUG) --> File is included.
(DEBUG) Check if /home/rodrigo/zephyr-course_ram/twister-out/ksched.h##172c555d5b2e2629e8c5e6360532febc.gcov is included (trace)...
(DEBUG) --> File is excluded.
(DEBUG) Finding source file corresponding to a gcov data file
  gcov_fname   /home/rodrigo/zephyr-course_ram/twister-out/ksched.h##172c555d5b2e2629e8c5e6360532febc.gcov
  current_dir  /home/rodrigo/zephyr-course_ram/twister-out
  root         /home/rodrigo/zephyr-course_ram/app/modules/ring_buf
  starting_dir /home/rodrigo/zephyr-course_ram
  obj_dir      /home/rodrigo/zephyr-course_ram/twister-out
  gcda_fname   native_sim_native/host_gnu/zephyr-course_ram/tests/ring_buf/homework.unit.ring_buf/zephyr/kernel/CMakeFiles/kernel.dir/sem.c.gcda
  --> fname    /home/rodrigo/zephyrproject/zephyr/kernel/include/ksched.h
(DEBUG) Check if /home/rodrigo/zephyrproject/zephyr/kernel/include/ksched.h is included (source file)...
(DEBUG) --> File is excluded.
(DEBUG) Check if /home/rodrigo/zephyr-course_ram/twister-out/kthread.h##3887c82394eb1cae4bd9b6e72588a2b1.gcov is included (trace)...
(DEBUG) --> File is excluded.
(DEBUG) Finding source file corresponding to a gcov data file
  gcov_fname   /home/rodrigo/zephyr-course_ram/twister-out/kthread.h##3887c82394eb1cae4bd9b6e72588a2b1.gcov
  current_dir  /home/rodrigo/zephyr-course_ram/twister-out
  root         /home/rodrigo/zephyr-course_ram/app/modules/ring_buf
  starting_dir /home/rodrigo/zephyr-course_ram
  obj_dir      /home/rodrigo/zephyr-course_ram/twister-out
  gcda_fname   native_sim_native/host_gnu/zephyr-course_ram/tests/ring_buf/homework.unit.ring_buf/zephyr/kernel/CMakeFiles/kernel.dir/sem.c.gcda
  --> fname    /home/rodrigo/zephyrproject/zephyr/kernel/include/kthread.h
(DEBUG) Check if /home/rodrigo/zephyrproject/zephyr/kernel/include/kthread.h is included (source file)...
(DEBUG) --> File is excluded.
(DEBUG) Check if /home/rodrigo/zephyr-course_ram/twister-out/wait_q.h##8d032c01ad982a605e65d14d4975cccf.gcov is included (trace)...
(DEBUG) --> File is excluded.
(DEBUG) Finding source file corresponding to a gcov data file
  gcov_fname   /home/rodrigo/zephyr-course_ram/twister-out/wait_q.h##8d032c01ad982a605e65d14d4975cccf.gcov
  current_dir  /home/rodrigo/zephyr-course_ram/twister-out
  root         /home/rodrigo/zephyr-course_ram/app/modules/ring_buf
  starting_dir /home/rodrigo/zephyr-course_ram
  obj_dir      /home/rodrigo/zephyr-course_ram/twister-out
  gcda_fname   native_sim_native/host_gnu/zephyr-course_ram/tests/ring_buf/homework.unit.ring_buf/zephyr/kernel/CMakeFiles/kernel.dir/sem.c.gcda
  --> fname    /home/rodrigo/zephyrproject/zephyr/kernel/include/wait_q.h
(DEBUG) Check if /home/rodrigo/zephyrproject/zephyr/kernel/include/wait_q.h is included (source file)...
(DEBUG) --> File is excluded.
(DEBUG) Check if /home/rodrigo/zephyr-course_ram/twister-out/timeout_q.h##c6366127490abe4c065d005513ed50b8.gcov is included (trace)...
(DEBUG) --> File is excluded.
(DEBUG) Finding source file corresponding to a gcov data file
  gcov_fname   /home/rodrigo/zephyr-course_ram/twister-out/timeout_q.h##c6366127490abe4c065d005513ed50b8.gcov
  current_dir  /home/rodrigo/zephyr-course_ram/twister-out
  root         /home/rodrigo/zephyr-course_ram/app/modules/ring_buf
  starting_dir /home/rodrigo/zephyr-course_ram
  obj_dir      /home/rodrigo/zephyr-course_ram/twister-out
  gcda_fname   native_sim_native/host_gnu/zephyr-course_ram/tests/ring_buf/homework.unit.ring_buf/zephyr/kernel/CMakeFiles/kernel.dir/sem.c.gcda
  --> fname    /home/rodrigo/zephyrproject/zephyr/kernel/include/timeout_q.h
(DEBUG) Check if /home/rodrigo/zephyrproject/zephyr/kernel/include/timeout_q.h is included (source file)...
(DEBUG) --> File is excluded.
(DEBUG) Check if /home/rodrigo/zephyr-course_ram/twister-out/kernel_arch_func.h##580562feec2edfd32c5a873362c5c8d2.gcov is included (trace)...
(DEBUG) --> File is excluded.
(DEBUG) Finding source file corresponding to a gcov data file
  gcov_fname   /home/rodrigo/zephyr-course_ram/twister-out/kernel_arch_func.h##580562feec2edfd32c5a873362c5c8d2.gcov
  current_dir  /home/rodrigo/zephyr-course_ram/twister-out
  root         /home/rodrigo/zephyr-course_ram/app/modules/ring_buf
  starting_dir /home/rodrigo/zephyr-course_ram
  obj_dir      /home/rodrigo/zephyr-course_ram/twister-out
  gcda_fname   native_sim_native/host_gnu/zephyr-course_ram/tests/ring_buf/homework.unit.ring_buf/zephyr/kernel/CMakeFiles/kernel.dir/sem.c.gcda
  --> fname    /home/rodrigo/zephyrproject/zephyr/arch/posix/include/kernel_arch_func.h
(DEBUG) Check if /home/rodrigo/zephyrproject/zephyr/arch/posix/include/kernel_arch_func.h is included (source file)...
(DEBUG) --> File is excluded.
(DEBUG) Check if /home/rodrigo/zephyr-course_ram/twister-out/priority_q.h##99147f16078ebc096e4d103f378ac7d3.gcov is included (trace)...
(DEBUG) --> File is excluded.
(DEBUG) Finding source file corresponding to a gcov data file
  gcov_fname   /home/rodrigo/zephyr-course_ram/twister-out/priority_q.h##99147f16078ebc096e4d103f378ac7d3.gcov
  current_dir  /home/rodrigo/zephyr-course_ram/twister-out
  root         /home/rodrigo/zephyr-course_ram/app/modules/ring_buf
  starting_dir /home/rodrigo/zephyr-course_ram
  obj_dir      /home/rodrigo/zephyr-course_ram/twister-out
  gcda_fname   native_sim_native/host_gnu/zephyr-course_ram/tests/ring_buf/homework.unit.ring_buf/zephyr/kernel/CMakeFiles/kernel.dir/sem.c.gcda
  --> fname    /home/rodrigo/zephyrproject/zephyr/kernel/include/priority_q.h
(DEBUG) Check if /home/rodrigo/zephyrproject/zephyr/kernel/include/priority_q.h is included (source file)...
(DEBUG) --> File is excluded.
(DEBUG) Check if /home/rodrigo/zephyr-course_ram/twister-out/arch.h##239ee5cbaf1f4f5309f62049e6f0de61.gcov is included (trace)...
(DEBUG) --> File is excluded.
(DEBUG) Finding source file corresponding to a gcov data file
  gcov_fname   /home/rodrigo/zephyr-course_ram/twister-out/arch.h##239ee5cbaf1f4f5309f62049e6f0de61.gcov
  current_dir  /home/rodrigo/zephyr-course_ram/twister-out
  root         /home/rodrigo/zephyr-course_ram/app/modules/ring_buf
  starting_dir /home/rodrigo/zephyr-course_ram
  obj_dir      /home/rodrigo/zephyr-course_ram/twister-out
  gcda_fname   native_sim_native/host_gnu/zephyr-course_ram/tests/ring_buf/homework.unit.ring_buf/zephyr/kernel/CMakeFiles/kernel.dir/sem.c.gcda
  --> fname    /home/rodrigo/zephyrproject/zephyr/include/zephyr/arch/posix/arch.h
(DEBUG) Check if /home/rodrigo/zephyrproject/zephyr/include/zephyr/arch/posix/arch.h is included (source file)...
(DEBUG) --> File is excluded.
(DEBUG) Check if /home/rodrigo/zephyr-course_ram/twister-out/kobject_internal.h##dca6fbe52c3225f96b4d07c0f7f6cb30.gcov is included (trace)...
(DEBUG) --> File is excluded.
(DEBUG) Finding source file corresponding to a gcov data file
  gcov_fname   /home/rodrigo/zephyr-course_ram/twister-out/kobject_internal.h##dca6fbe52c3225f96b4d07c0f7f6cb30.gcov
  current_dir  /home/rodrigo/zephyr-course_ram/twister-out
  root         /home/rodrigo/zephyr-course_ram/app/modules/ring_buf
  starting_dir /home/rodrigo/zephyr-course_ram
  obj_dir      /home/rodrigo/zephyr-course_ram/twister-out
  gcda_fname   native_sim_native/host_gnu/zephyr-course_ram/tests/ring_buf/homework.unit.ring_buf/zephyr/kernel/CMakeFiles/kernel.dir/sem.c.gcda
  --> fname    /home/rodrigo/zephyrproject/zephyr/include/zephyr/sys/internal/kobject_internal.h
(DEBUG) Check if /home/rodrigo/zephyrproject/zephyr/include/zephyr/sys/internal/kobject_internal.h is included (source file)...
(DEBUG) --> File is excluded.
(DEBUG) Check if /home/rodrigo/zephyr-course_ram/twister-out/sem.c##469f635c5d229d3daa556fa569b0f769.gcov is included (trace)...
(DEBUG)   No filter matched.
(DEBUG) --> File is excluded.
(DEBUG) Finding source file corresponding to a gcov data file
  gcov_fname   /home/rodrigo/zephyr-course_ram/twister-out/sem.c##469f635c5d229d3daa556fa569b0f769.gcov
  current_dir  /home/rodrigo/zephyr-course_ram/twister-out
  root         /home/rodrigo/zephyr-course_ram/app/modules/ring_buf
  starting_dir /home/rodrigo/zephyr-course_ram
  obj_dir      /home/rodrigo/zephyr-course_ram/twister-out
  gcda_fname   native_sim_native/host_gnu/zephyr-course_ram/tests/ring_buf/homework.unit.ring_buf/zephyr/kernel/CMakeFiles/kernel.dir/sem.c.gcda
  --> fname    /home/rodrigo/zephyrproject/zephyr/kernel/sem.c
(DEBUG) Check if /home/rodrigo/zephyrproject/zephyr/kernel/sem.c is included (source file)...
(DEBUG)   No filter matched.
(DEBUG) --> File is excluded.
(DEBUG) Check if /home/rodrigo/zephyr-course_ram/twister-out/dlist.h##3219a21b45bb2c61f5ea102d5482e32e.gcov is included (trace)...
(DEBUG) --> File is excluded.
(DEBUG) Finding source file corresponding to a gcov data file
  gcov_fname   /home/rodrigo/zephyr-course_ram/twister-out/dlist.h##3219a21b45bb2c61f5ea102d5482e32e.gcov
  current_dir  /home/rodrigo/zephyr-course_ram/twister-out
  root         /home/rodrigo/zephyr-course_ram/app/modules/ring_buf
  starting_dir /home/rodrigo/zephyr-course_ram
  obj_dir      /home/rodrigo/zephyr-course_ram/twister-out
  gcda_fname   native_sim_native/host_gnu/zephyr-course_ram/tests/ring_buf/homework.unit.ring_buf/zephyr/kernel/CMakeFiles/kernel.dir/sem.c.gcda
  --> fname    /home/rodrigo/zephyrproject/zephyr/include/zephyr/sys/dlist.h
(DEBUG) Check if /home/rodrigo/zephyrproject/zephyr/include/zephyr/sys/dlist.h is included (source file)...
(DEBUG) --> File is excluded.
(DEBUG) Check if /home/rodrigo/zephyr-course_ram/twister-out/spinlock.h##d84264fdde7bca8b949809fef8cbefdd.gcov is included (trace)...
(DEBUG) --> File is excluded.
(DEBUG) Finding source file corresponding to a gcov data file
  gcov_fname   /home/rodrigo/zephyr-course_ram/twister-out/spinlock.h##d84264fdde7bca8b949809fef8cbefdd.gcov
  current_dir  /home/rodrigo/zephyr-course_ram/twister-out
  root         /home/rodrigo/zephyr-course_ram/app/modules/ring_buf
  starting_dir /home/rodrigo/zephyr-course_ram
  obj_dir      /home/rodrigo/zephyr-course_ram/twister-out
  gcda_fname   native_sim_native/host_gnu/zephyr-course_ram/tests/ring_buf/homework.unit.ring_buf/zephyr/kernel/CMakeFiles/kernel.dir/sem.c.gcda
  --> fname    /home/rodrigo/zephyrproject/zephyr/include/zephyr/spinlock.h
(DEBUG) Check if /home/rodrigo/zephyrproject/zephyr/include/zephyr/spinlock.h is included (source file)...
(DEBUG) --> File is excluded.
(DEBUG) Check if /home/rodrigo/zephyr-course_ram/twister-out/native_sim_native/host_gnu/zephyr-course_ram/tests/ring_buf/homework.unit.ring_buf/zephyr/kernel/CMakeFiles/kernel.dir/spinlock_validate.c.gcda is included (trace)...
(DEBUG)   No filter matched.
(DEBUG) --> File is excluded.
(DEBUG) Check if /home/rodrigo/zephyr-course_ram/twister-out/native_sim_native/host_gnu/zephyr-course_ram/tests/ring_buf/homework.unit.ring_buf/zephyr/kernel/CMakeFiles/kernel.dir/spinlock_validate.c.gcda is included (trace)...
(DEBUG) --> File is excluded.
(DEBUG) Check if spinlock_validate.c##378782f02b7c2bdd23d4340dabd9e2fd.gcov is included (gcov file)...
(DEBUG)   Filter AlwaysMatchFilter() matched.
(DEBUG) --> File is included.
(DEBUG) Check if kernel_arch_func.h##580562feec2edfd32c5a873362c5c8d2.gcov is included (gcov file)...
(DEBUG) --> File is included.
(DEBUG) Check if /home/rodrigo/zephyr-course_ram/twister-out/spinlock_validate.c##378782f02b7c2bdd23d4340dabd9e2fd.gcov is included (trace)...
(DEBUG)   No filter matched.
(DEBUG) --> File is excluded.
(DEBUG) Finding source file corresponding to a gcov data file
  gcov_fname   /home/rodrigo/zephyr-course_ram/twister-out/spinlock_validate.c##378782f02b7c2bdd23d4340dabd9e2fd.gcov
  current_dir  /home/rodrigo/zephyr-course_ram/twister-out
  root         /home/rodrigo/zephyr-course_ram/app/modules/ring_buf
  starting_dir /home/rodrigo/zephyr-course_ram
  obj_dir      /home/rodrigo/zephyr-course_ram/twister-out
  gcda_fname   native_sim_native/host_gnu/zephyr-course_ram/tests/ring_buf/homework.unit.ring_buf/zephyr/kernel/CMakeFiles/kernel.dir/spinlock_validate.c.gcda
  --> fname    /home/rodrigo/zephyrproject/zephyr/kernel/spinlock_validate.c
(DEBUG) Check if /home/rodrigo/zephyrproject/zephyr/kernel/spinlock_validate.c is included (source file)...
(DEBUG)   No filter matched.
(DEBUG) --> File is excluded.
(DEBUG) Check if /home/rodrigo/zephyr-course_ram/twister-out/kernel_arch_func.h##580562feec2edfd32c5a873362c5c8d2.gcov is included (trace)...
(DEBUG) --> File is excluded.
(DEBUG) Finding source file corresponding to a gcov data file
  gcov_fname   /home/rodrigo/zephyr-course_ram/twister-out/kernel_arch_func.h##580562feec2edfd32c5a873362c5c8d2.gcov
  current_dir  /home/rodrigo/zephyr-course_ram/twister-out
  root         /home/rodrigo/zephyr-course_ram/app/modules/ring_buf
  starting_dir /home/rodrigo/zephyr-course_ram
  obj_dir      /home/rodrigo/zephyr-course_ram/twister-out
  gcda_fname   native_sim_native/host_gnu/zephyr-course_ram/tests/ring_buf/homework.unit.ring_buf/zephyr/kernel/CMakeFiles/kernel.dir/spinlock_validate.c.gcda
  --> fname    /home/rodrigo/zephyrproject/zephyr/arch/posix/include/kernel_arch_func.h
(DEBUG) Check if /home/rodrigo/zephyrproject/zephyr/arch/posix/include/kernel_arch_func.h is included (source file)...
(DEBUG) --> File is excluded.
(DEBUG) Check if /home/rodrigo/zephyr-course_ram/twister-out/native_sim_native/host_gnu/zephyr-course_ram/tests/ring_buf/homework.unit.ring_buf/zephyr/kernel/CMakeFiles/kernel.dir/stack.c.gcno is included (trace)...
(DEBUG)   No filter matched.
(DEBUG) --> File is excluded.
(DEBUG) Check if /home/rodrigo/zephyr-course_ram/twister-out/native_sim_native/host_gnu/zephyr-course_ram/tests/ring_buf/homework.unit.ring_buf/zephyr/kernel/CMakeFiles/kernel.dir/stack.c.gcno is included (trace)...
(DEBUG) --> File is excluded.
(DEBUG) Check if stack.c##643843f742f50487906f67f418cc4ad4.gcov is included (gcov file)...
(DEBUG)   Filter AlwaysMatchFilter() matched.
(DEBUG) --> File is included.
(DEBUG) Check if wait_q.h##8d032c01ad982a605e65d14d4975cccf.gcov is included (gcov file)...
(DEBUG) --> File is included.
(DEBUG) Check if ksched.h##172c555d5b2e2629e8c5e6360532febc.gcov is included (gcov file)...
(DEBUG) --> File is included.
(DEBUG) Check if priority_q.h##99147f16078ebc096e4d103f378ac7d3.gcov is included (gcov file)...
(DEBUG) --> File is included.
(DEBUG) Check if kernel_internal.h##dca9100bcab2f1d67b3e4cb85a4aba72.gcov is included (gcov file)...
(DEBUG) --> File is included.
(DEBUG) Check if kthread.h##3887c82394eb1cae4bd9b6e72588a2b1.gcov is included (gcov file)...
(DEBUG) --> File is included.
(DEBUG) Check if timeout_q.h##c6366127490abe4c065d005513ed50b8.gcov is included (gcov file)...
(DEBUG) --> File is included.
(DEBUG) Check if kernel_arch_func.h##580562feec2edfd32c5a873362c5c8d2.gcov is included (gcov file)...
(DEBUG) --> File is included.
(DEBUG) Check if kobject_internal.h##dca6fbe52c3225f96b4d07c0f7f6cb30.gcov is included (gcov file)...
(DEBUG) --> File is included.
(DEBUG) Check if spinlock.h##d84264fdde7bca8b949809fef8cbefdd.gcov is included (gcov file)...
(DEBUG) --> File is included.
(DEBUG) Check if arch.h##239ee5cbaf1f4f5309f62049e6f0de61.gcov is included (gcov file)...
(DEBUG) --> File is included.
(DEBUG) Check if dlist.h##3219a21b45bb2c61f5ea102d5482e32e.gcov is included (gcov file)...
(DEBUG) --> File is included.
(DEBUG) Check if /home/rodrigo/zephyr-course_ram/twister-out/ksched.h##172c555d5b2e2629e8c5e6360532febc.gcov is included (trace)...
(DEBUG) --> File is excluded.
(DEBUG) Finding source file corresponding to a gcov data file
  gcov_fname   /home/rodrigo/zephyr-course_ram/twister-out/ksched.h##172c555d5b2e2629e8c5e6360532febc.gcov
  current_dir  /home/rodrigo/zephyr-course_ram/twister-out
  root         /home/rodrigo/zephyr-course_ram/app/modules/ring_buf
  starting_dir /home/rodrigo/zephyr-course_ram
  obj_dir      /home/rodrigo/zephyr-course_ram/twister-out
  gcda_fname   native_sim_native/host_gnu/zephyr-course_ram/tests/ring_buf/homework.unit.ring_buf/zephyr/kernel/CMakeFiles/kernel.dir/stack.c.gcno
  --> fname    /home/rodrigo/zephyrproject/zephyr/kernel/include/ksched.h
(DEBUG) Check if /home/rodrigo/zephyrproject/zephyr/kernel/include/ksched.h is included (source file)...
(DEBUG) --> File is excluded.
(DEBUG) Check if /home/rodrigo/zephyr-course_ram/twister-out/wait_q.h##8d032c01ad982a605e65d14d4975cccf.gcov is included (trace)...
(DEBUG) --> File is excluded.
(DEBUG) Finding source file corresponding to a gcov data file
  gcov_fname   /home/rodrigo/zephyr-course_ram/twister-out/wait_q.h##8d032c01ad982a605e65d14d4975cccf.gcov
  current_dir  /home/rodrigo/zephyr-course_ram/twister-out
  root         /home/rodrigo/zephyr-course_ram/app/modules/ring_buf
  starting_dir /home/rodrigo/zephyr-course_ram
  obj_dir      /home/rodrigo/zephyr-course_ram/twister-out
  gcda_fname   native_sim_native/host_gnu/zephyr-course_ram/tests/ring_buf/homework.unit.ring_buf/zephyr/kernel/CMakeFiles/kernel.dir/stack.c.gcno
  --> fname    /home/rodrigo/zephyrproject/zephyr/kernel/include/wait_q.h
(DEBUG) Check if /home/rodrigo/zephyrproject/zephyr/kernel/include/wait_q.h is included (source file)...
(DEBUG) --> File is excluded.
(DEBUG) Check if /home/rodrigo/zephyr-course_ram/twister-out/kthread.h##3887c82394eb1cae4bd9b6e72588a2b1.gcov is included (trace)...
(DEBUG) --> File is excluded.
(DEBUG) Finding source file corresponding to a gcov data file
  gcov_fname   /home/rodrigo/zephyr-course_ram/twister-out/kthread.h##3887c82394eb1cae4bd9b6e72588a2b1.gcov
  current_dir  /home/rodrigo/zephyr-course_ram/twister-out
  root         /home/rodrigo/zephyr-course_ram/app/modules/ring_buf
  starting_dir /home/rodrigo/zephyr-course_ram
  obj_dir      /home/rodrigo/zephyr-course_ram/twister-out
  gcda_fname   native_sim_native/host_gnu/zephyr-course_ram/tests/ring_buf/homework.unit.ring_buf/zephyr/kernel/CMakeFiles/kernel.dir/stack.c.gcno
  --> fname    /home/rodrigo/zephyrproject/zephyr/kernel/include/kthread.h
(DEBUG) Check if /home/rodrigo/zephyrproject/zephyr/kernel/include/kthread.h is included (source file)...
(DEBUG) --> File is excluded.
(DEBUG) Check if /home/rodrigo/zephyr-course_ram/twister-out/timeout_q.h##c6366127490abe4c065d005513ed50b8.gcov is included (trace)...
(DEBUG) --> File is excluded.
(DEBUG) Finding source file corresponding to a gcov data file
  gcov_fname   /home/rodrigo/zephyr-course_ram/twister-out/timeout_q.h##c6366127490abe4c065d005513ed50b8.gcov
  current_dir  /home/rodrigo/zephyr-course_ram/twister-out
  root         /home/rodrigo/zephyr-course_ram/app/modules/ring_buf
  starting_dir /home/rodrigo/zephyr-course_ram
  obj_dir      /home/rodrigo/zephyr-course_ram/twister-out
  gcda_fname   native_sim_native/host_gnu/zephyr-course_ram/tests/ring_buf/homework.unit.ring_buf/zephyr/kernel/CMakeFiles/kernel.dir/stack.c.gcno
  --> fname    /home/rodrigo/zephyrproject/zephyr/kernel/include/timeout_q.h
(DEBUG) Check if /home/rodrigo/zephyrproject/zephyr/kernel/include/timeout_q.h is included (source file)...
(DEBUG) --> File is excluded.
(DEBUG) Check if /home/rodrigo/zephyr-course_ram/twister-out/priority_q.h##99147f16078ebc096e4d103f378ac7d3.gcov is included (trace)...
(DEBUG) --> File is excluded.
(DEBUG) Finding source file corresponding to a gcov data file
  gcov_fname   /home/rodrigo/zephyr-course_ram/twister-out/priority_q.h##99147f16078ebc096e4d103f378ac7d3.gcov
  current_dir  /home/rodrigo/zephyr-course_ram/twister-out
  root         /home/rodrigo/zephyr-course_ram/app/modules/ring_buf
  starting_dir /home/rodrigo/zephyr-course_ram
  obj_dir      /home/rodrigo/zephyr-course_ram/twister-out
  gcda_fname   native_sim_native/host_gnu/zephyr-course_ram/tests/ring_buf/homework.unit.ring_buf/zephyr/kernel/CMakeFiles/kernel.dir/stack.c.gcno
  --> fname    /home/rodrigo/zephyrproject/zephyr/kernel/include/priority_q.h
(DEBUG) Check if /home/rodrigo/zephyrproject/zephyr/kernel/include/priority_q.h is included (source file)...
(DEBUG) --> File is excluded.
(DEBUG) Check if /home/rodrigo/zephyr-course_ram/twister-out/kernel_arch_func.h##580562feec2edfd32c5a873362c5c8d2.gcov is included (trace)...
(DEBUG) --> File is excluded.
(DEBUG) Finding source file corresponding to a gcov data file
  gcov_fname   /home/rodrigo/zephyr-course_ram/twister-out/kernel_arch_func.h##580562feec2edfd32c5a873362c5c8d2.gcov
  current_dir  /home/rodrigo/zephyr-course_ram/twister-out
  root         /home/rodrigo/zephyr-course_ram/app/modules/ring_buf
  starting_dir /home/rodrigo/zephyr-course_ram
  obj_dir      /home/rodrigo/zephyr-course_ram/twister-out
  gcda_fname   native_sim_native/host_gnu/zephyr-course_ram/tests/ring_buf/homework.unit.ring_buf/zephyr/kernel/CMakeFiles/kernel.dir/stack.c.gcno
  --> fname    /home/rodrigo/zephyrproject/zephyr/arch/posix/include/kernel_arch_func.h
(DEBUG) Check if /home/rodrigo/zephyrproject/zephyr/arch/posix/include/kernel_arch_func.h is included (source file)...
(DEBUG) --> File is excluded.
(DEBUG) Check if /home/rodrigo/zephyr-course_ram/twister-out/arch.h##239ee5cbaf1f4f5309f62049e6f0de61.gcov is included (trace)...
(DEBUG) --> File is excluded.
(DEBUG) Finding source file corresponding to a gcov data file
  gcov_fname   /home/rodrigo/zephyr-course_ram/twister-out/arch.h##239ee5cbaf1f4f5309f62049e6f0de61.gcov
  current_dir  /home/rodrigo/zephyr-course_ram/twister-out
  root         /home/rodrigo/zephyr-course_ram/app/modules/ring_buf
  starting_dir /home/rodrigo/zephyr-course_ram
  obj_dir      /home/rodrigo/zephyr-course_ram/twister-out
  gcda_fname   native_sim_native/host_gnu/zephyr-course_ram/tests/ring_buf/homework.unit.ring_buf/zephyr/kernel/CMakeFiles/kernel.dir/stack.c.gcno
  --> fname    /home/rodrigo/zephyrproject/zephyr/include/zephyr/arch/posix/arch.h
(DEBUG) Check if /home/rodrigo/zephyrproject/zephyr/include/zephyr/arch/posix/arch.h is included (source file)...
(DEBUG) --> File is excluded.
(DEBUG) Check if /home/rodrigo/zephyr-course_ram/twister-out/stack.c##643843f742f50487906f67f418cc4ad4.gcov is included (trace)...
(DEBUG)   No filter matched.
(DEBUG) --> File is excluded.
(DEBUG) Finding source file corresponding to a gcov data file
  gcov_fname   /home/rodrigo/zephyr-course_ram/twister-out/stack.c##643843f742f50487906f67f418cc4ad4.gcov
  current_dir  /home/rodrigo/zephyr-course_ram/twister-out
  root         /home/rodrigo/zephyr-course_ram/app/modules/ring_buf
  starting_dir /home/rodrigo/zephyr-course_ram
  obj_dir      /home/rodrigo/zephyr-course_ram/twister-out
  gcda_fname   native_sim_native/host_gnu/zephyr-course_ram/tests/ring_buf/homework.unit.ring_buf/zephyr/kernel/CMakeFiles/kernel.dir/stack.c.gcno
  --> fname    /home/rodrigo/zephyrproject/zephyr/kernel/stack.c
(DEBUG) Check if /home/rodrigo/zephyrproject/zephyr/kernel/stack.c is included (source file)...
(DEBUG)   No filter matched.
(DEBUG) --> File is excluded.
(DEBUG) Check if /home/rodrigo/zephyr-course_ram/twister-out/kobject_internal.h##dca6fbe52c3225f96b4d07c0f7f6cb30.gcov is included (trace)...
(DEBUG) --> File is excluded.
(DEBUG) Finding source file corresponding to a gcov data file
  gcov_fname   /home/rodrigo/zephyr-course_ram/twister-out/kobject_internal.h##dca6fbe52c3225f96b4d07c0f7f6cb30.gcov
  current_dir  /home/rodrigo/zephyr-course_ram/twister-out
  root         /home/rodrigo/zephyr-course_ram/app/modules/ring_buf
  starting_dir /home/rodrigo/zephyr-course_ram
  obj_dir      /home/rodrigo/zephyr-course_ram/twister-out
  gcda_fname   native_sim_native/host_gnu/zephyr-course_ram/tests/ring_buf/homework.unit.ring_buf/zephyr/kernel/CMakeFiles/kernel.dir/stack.c.gcno
  --> fname    /home/rodrigo/zephyrproject/zephyr/include/zephyr/sys/internal/kobject_internal.h
(DEBUG) Check if /home/rodrigo/zephyrproject/zephyr/include/zephyr/sys/internal/kobject_internal.h is included (source file)...
(DEBUG) --> File is excluded.
(DEBUG) Check if /home/rodrigo/zephyr-course_ram/twister-out/kernel_internal.h##dca9100bcab2f1d67b3e4cb85a4aba72.gcov is included (trace)...
(DEBUG) --> File is excluded.
(DEBUG) Finding source file corresponding to a gcov data file
  gcov_fname   /home/rodrigo/zephyr-course_ram/twister-out/kernel_internal.h##dca9100bcab2f1d67b3e4cb85a4aba72.gcov
  current_dir  /home/rodrigo/zephyr-course_ram/twister-out
  root         /home/rodrigo/zephyr-course_ram/app/modules/ring_buf
  starting_dir /home/rodrigo/zephyr-course_ram
  obj_dir      /home/rodrigo/zephyr-course_ram/twister-out
  gcda_fname   native_sim_native/host_gnu/zephyr-course_ram/tests/ring_buf/homework.unit.ring_buf/zephyr/kernel/CMakeFiles/kernel.dir/stack.c.gcno
  --> fname    /home/rodrigo/zephyrproject/zephyr/kernel/include/kernel_internal.h
(DEBUG) Check if /home/rodrigo/zephyrproject/zephyr/kernel/include/kernel_internal.h is included (source file)...
(DEBUG) --> File is excluded.
(DEBUG) Check if /home/rodrigo/zephyr-course_ram/twister-out/dlist.h##3219a21b45bb2c61f5ea102d5482e32e.gcov is included (trace)...
(DEBUG) --> File is excluded.
(DEBUG) Finding source file corresponding to a gcov data file
  gcov_fname   /home/rodrigo/zephyr-course_ram/twister-out/dlist.h##3219a21b45bb2c61f5ea102d5482e32e.gcov
  current_dir  /home/rodrigo/zephyr-course_ram/twister-out
  root         /home/rodrigo/zephyr-course_ram/app/modules/ring_buf
  starting_dir /home/rodrigo/zephyr-course_ram
  obj_dir      /home/rodrigo/zephyr-course_ram/twister-out
  gcda_fname   native_sim_native/host_gnu/zephyr-course_ram/tests/ring_buf/homework.unit.ring_buf/zephyr/kernel/CMakeFiles/kernel.dir/stack.c.gcno
  --> fname    /home/rodrigo/zephyrproject/zephyr/include/zephyr/sys/dlist.h
(DEBUG) Check if /home/rodrigo/zephyrproject/zephyr/include/zephyr/sys/dlist.h is included (source file)...
(DEBUG) --> File is excluded.
(DEBUG) Check if /home/rodrigo/zephyr-course_ram/twister-out/spinlock.h##d84264fdde7bca8b949809fef8cbefdd.gcov is included (trace)...
(DEBUG) --> File is excluded.
(DEBUG) Finding source file corresponding to a gcov data file
  gcov_fname   /home/rodrigo/zephyr-course_ram/twister-out/spinlock.h##d84264fdde7bca8b949809fef8cbefdd.gcov
  current_dir  /home/rodrigo/zephyr-course_ram/twister-out
  root         /home/rodrigo/zephyr-course_ram/app/modules/ring_buf
  starting_dir /home/rodrigo/zephyr-course_ram
  obj_dir      /home/rodrigo/zephyr-course_ram/twister-out
  gcda_fname   native_sim_native/host_gnu/zephyr-course_ram/tests/ring_buf/homework.unit.ring_buf/zephyr/kernel/CMakeFiles/kernel.dir/stack.c.gcno
  --> fname    /home/rodrigo/zephyrproject/zephyr/include/zephyr/spinlock.h
(DEBUG) Check if /home/rodrigo/zephyrproject/zephyr/include/zephyr/spinlock.h is included (source file)...
(DEBUG) --> File is excluded.
(DEBUG) Check if /home/rodrigo/zephyr-course_ram/twister-out/native_sim_native/host_gnu/zephyr-course_ram/tests/ring_buf/homework.unit.ring_buf/zephyr/kernel/CMakeFiles/kernel.dir/system_work_q.c.gcno is included (trace)...
(DEBUG)   No filter matched.
(DEBUG) --> File is excluded.
(DEBUG) Check if /home/rodrigo/zephyr-course_ram/twister-out/native_sim_native/host_gnu/zephyr-course_ram/tests/ring_buf/homework.unit.ring_buf/zephyr/kernel/CMakeFiles/kernel.dir/system_work_q.c.gcno is included (trace)...
(DEBUG) --> File is excluded.
(DEBUG) Check if system_work_q.c##8a1530fe1f06d9b54f41f6dcf3602084.gcov is included (gcov file)...
(DEBUG)   Filter AlwaysMatchFilter() matched.
(DEBUG) --> File is included.
(DEBUG) Check if /home/rodrigo/zephyr-course_ram/twister-out/system_work_q.c##8a1530fe1f06d9b54f41f6dcf3602084.gcov is included (trace)...
(DEBUG)   No filter matched.
(DEBUG) --> File is excluded.
(DEBUG) Finding source file corresponding to a gcov data file
  gcov_fname   /home/rodrigo/zephyr-course_ram/twister-out/system_work_q.c##8a1530fe1f06d9b54f41f6dcf3602084.gcov
  current_dir  /home/rodrigo/zephyr-course_ram/twister-out
  root         /home/rodrigo/zephyr-course_ram/app/modules/ring_buf
  starting_dir /home/rodrigo/zephyr-course_ram
  obj_dir      /home/rodrigo/zephyr-course_ram/twister-out
  gcda_fname   native_sim_native/host_gnu/zephyr-course_ram/tests/ring_buf/homework.unit.ring_buf/zephyr/kernel/CMakeFiles/kernel.dir/system_work_q.c.gcno
  --> fname    /home/rodrigo/zephyrproject/zephyr/kernel/system_work_q.c
(DEBUG) Check if /home/rodrigo/zephyrproject/zephyr/kernel/system_work_q.c is included (source file)...
(DEBUG)   No filter matched.
(DEBUG) --> File is excluded.
(DEBUG) Check if /home/rodrigo/zephyr-course_ram/twister-out/native_sim_native/host_gnu/zephyr-course_ram/tests/ring_buf/homework.unit.ring_buf/zephyr/kernel/CMakeFiles/kernel.dir/thread.c.gcda is included (trace)...
(DEBUG)   No filter matched.
(DEBUG) --> File is excluded.
(DEBUG) Check if /home/rodrigo/zephyr-course_ram/twister-out/native_sim_native/host_gnu/zephyr-course_ram/tests/ring_buf/homework.unit.ring_buf/zephyr/kernel/CMakeFiles/kernel.dir/thread.c.gcda is included (trace)...
(DEBUG) --> File is excluded.
(DEBUG) Check if thread.c##ee61ad7a50e1ee3de15c62d3ca1b3696.gcov is included (gcov file)...
(DEBUG)   Filter AlwaysMatchFilter() matched.
(DEBUG) --> File is included.
(DEBUG) Check if log_msg.h##fe60156c532143d1e30e21c32299f503.gcov is included (gcov file)...
(DEBUG) --> File is included.
(DEBUG) Check if wait_q.h##8d032c01ad982a605e65d14d4975cccf.gcov is included (gcov file)...
(DEBUG) --> File is included.
(DEBUG) Check if kthread.h##3887c82394eb1cae4bd9b6e72588a2b1.gcov is included (gcov file)...
(DEBUG) --> File is included.
(DEBUG) Check if timeout_q.h##c6366127490abe4c065d005513ed50b8.gcov is included (gcov file)...
(DEBUG) --> File is included.
(DEBUG) Check if kernel_arch_func.h##580562feec2edfd32c5a873362c5c8d2.gcov is included (gcov file)...
(DEBUG) --> File is included.
(DEBUG) Check if kernel.h##33e25e586cdfb0cc7078a38f16ec62da.gcov is included (gcov file)...
(DEBUG) --> File is included.
(DEBUG) Check if kernel.h##2d3fbe341137ae796abdfaeb5a853926.gcov is included (gcov file)...
(DEBUG) --> File is included.
(DEBUG) Check if thread_stack.h##be13faf5f8471bb82098f4e4437c2bf5.gcov is included (gcov file)...
(DEBUG) --> File is included.
(DEBUG) Check if dlist.h##3219a21b45bb2c61f5ea102d5482e32e.gcov is included (gcov file)...
(DEBUG) --> File is included.
(DEBUG) Check if /home/rodrigo/zephyr-course_ram/twister-out/thread_stack.h##be13faf5f8471bb82098f4e4437c2bf5.gcov is included (trace)...
(DEBUG) --> File is excluded.
(DEBUG) Finding source file corresponding to a gcov data file
  gcov_fname   /home/rodrigo/zephyr-course_ram/twister-out/thread_stack.h##be13faf5f8471bb82098f4e4437c2bf5.gcov
  current_dir  /home/rodrigo/zephyr-course_ram/twister-out
  root         /home/rodrigo/zephyr-course_ram/app/modules/ring_buf
  starting_dir /home/rodrigo/zephyr-course_ram
  obj_dir      /home/rodrigo/zephyr-course_ram/twister-out
  gcda_fname   native_sim_native/host_gnu/zephyr-course_ram/tests/ring_buf/homework.unit.ring_buf/zephyr/kernel/CMakeFiles/kernel.dir/thread.c.gcda
  --> fname    /home/rodrigo/zephyrproject/zephyr/include/zephyr/kernel/thread_stack.h
(DEBUG) Check if /home/rodrigo/zephyrproject/zephyr/include/zephyr/kernel/thread_stack.h is included (source file)...
(DEBUG) --> File is excluded.
(DEBUG) Check if /home/rodrigo/zephyr-course_ram/twister-out/wait_q.h##8d032c01ad982a605e65d14d4975cccf.gcov is included (trace)...
(DEBUG) --> File is excluded.
(DEBUG) Finding source file corresponding to a gcov data file
  gcov_fname   /home/rodrigo/zephyr-course_ram/twister-out/wait_q.h##8d032c01ad982a605e65d14d4975cccf.gcov
  current_dir  /home/rodrigo/zephyr-course_ram/twister-out
  root         /home/rodrigo/zephyr-course_ram/app/modules/ring_buf
  starting_dir /home/rodrigo/zephyr-course_ram
  obj_dir      /home/rodrigo/zephyr-course_ram/twister-out
  gcda_fname   native_sim_native/host_gnu/zephyr-course_ram/tests/ring_buf/homework.unit.ring_buf/zephyr/kernel/CMakeFiles/kernel.dir/thread.c.gcda
  --> fname    /home/rodrigo/zephyrproject/zephyr/kernel/include/wait_q.h
(DEBUG) Check if /home/rodrigo/zephyrproject/zephyr/kernel/include/wait_q.h is included (source file)...
(DEBUG) --> File is excluded.
(DEBUG) Check if /home/rodrigo/zephyr-course_ram/twister-out/kthread.h##3887c82394eb1cae4bd9b6e72588a2b1.gcov is included (trace)...
(DEBUG) --> File is excluded.
(DEBUG) Finding source file corresponding to a gcov data file
  gcov_fname   /home/rodrigo/zephyr-course_ram/twister-out/kthread.h##3887c82394eb1cae4bd9b6e72588a2b1.gcov
  current_dir  /home/rodrigo/zephyr-course_ram/twister-out
  root         /home/rodrigo/zephyr-course_ram/app/modules/ring_buf
  starting_dir /home/rodrigo/zephyr-course_ram
  obj_dir      /home/rodrigo/zephyr-course_ram/twister-out
  gcda_fname   native_sim_native/host_gnu/zephyr-course_ram/tests/ring_buf/homework.unit.ring_buf/zephyr/kernel/CMakeFiles/kernel.dir/thread.c.gcda
  --> fname    /home/rodrigo/zephyrproject/zephyr/kernel/include/kthread.h
(DEBUG) Check if /home/rodrigo/zephyrproject/zephyr/kernel/include/kthread.h is included (source file)...
(DEBUG) --> File is excluded.
(DEBUG) Check if /home/rodrigo/zephyr-course_ram/twister-out/kernel.h##2d3fbe341137ae796abdfaeb5a853926.gcov is included (trace)...
(DEBUG) --> File is excluded.
(DEBUG) Finding source file corresponding to a gcov data file
  gcov_fname   /home/rodrigo/zephyr-course_ram/twister-out/kernel.h##2d3fbe341137ae796abdfaeb5a853926.gcov
  current_dir  /home/rodrigo/zephyr-course_ram/twister-out
  root         /home/rodrigo/zephyr-course_ram/app/modules/ring_buf
  starting_dir /home/rodrigo/zephyr-course_ram
  obj_dir      /home/rodrigo/zephyr-course_ram/twister-out
  gcda_fname   native_sim_native/host_gnu/zephyr-course_ram/tests/ring_buf/homework.unit.ring_buf/zephyr/kernel/CMakeFiles/kernel.dir/thread.c.gcda
  --> fname    /home/rodrigo/zephyrproject/zephyr/include/zephyr/kernel.h
(DEBUG) Check if /home/rodrigo/zephyrproject/zephyr/include/zephyr/kernel.h is included (source file)...
(DEBUG) --> File is excluded.
(DEBUG) Check if /home/rodrigo/zephyr-course_ram/twister-out/timeout_q.h##c6366127490abe4c065d005513ed50b8.gcov is included (trace)...
(DEBUG) --> File is excluded.
(DEBUG) Finding source file corresponding to a gcov data file
  gcov_fname   /home/rodrigo/zephyr-course_ram/twister-out/timeout_q.h##c6366127490abe4c065d005513ed50b8.gcov
  current_dir  /home/rodrigo/zephyr-course_ram/twister-out
  root         /home/rodrigo/zephyr-course_ram/app/modules/ring_buf
  starting_dir /home/rodrigo/zephyr-course_ram
  obj_dir      /home/rodrigo/zephyr-course_ram/twister-out
  gcda_fname   native_sim_native/host_gnu/zephyr-course_ram/tests/ring_buf/homework.unit.ring_buf/zephyr/kernel/CMakeFiles/kernel.dir/thread.c.gcda
  --> fname    /home/rodrigo/zephyrproject/zephyr/kernel/include/timeout_q.h
(DEBUG) Check if /home/rodrigo/zephyrproject/zephyr/kernel/include/timeout_q.h is included (source file)...
(DEBUG) --> File is excluded.
(DEBUG) Check if /home/rodrigo/zephyr-course_ram/twister-out/kernel.h##33e25e586cdfb0cc7078a38f16ec62da.gcov is included (trace)...
(DEBUG) --> File is excluded.
(DEBUG) Finding source file corresponding to a gcov data file
  gcov_fname   /home/rodrigo/zephyr-course_ram/twister-out/kernel.h##33e25e586cdfb0cc7078a38f16ec62da.gcov
  current_dir  /home/rodrigo/zephyr-course_ram/twister-out
  root         /home/rodrigo/zephyr-course_ram/app/modules/ring_buf
  starting_dir /home/rodrigo/zephyr-course_ram
  obj_dir      /home/rodrigo/zephyr-course_ram/twister-out
  gcda_fname   native_sim_native/host_gnu/zephyr-course_ram/tests/ring_buf/homework.unit.ring_buf/zephyr/kernel/CMakeFiles/kernel.dir/thread.c.gcda
  --> fname    /home/rodrigo/zephyr-course_ram/twister-out/native_sim_native/host_gnu/zephyr-course_ram/tests/ring_buf/homework.unit.ring_buf/zephyr/include/generated/zephyr/syscalls/kernel.h
(DEBUG) Check if /home/rodrigo/zephyr-course_ram/twister-out/native_sim_native/host_gnu/zephyr-course_ram/tests/ring_buf/homework.unit.ring_buf/zephyr/include/generated/zephyr/syscalls/kernel.h is included (source file)...
(DEBUG) --> File is excluded.
(DEBUG) Check if /home/rodrigo/zephyr-course_ram/twister-out/log_msg.h##fe60156c532143d1e30e21c32299f503.gcov is included (trace)...
(DEBUG) --> File is excluded.
(DEBUG) Finding source file corresponding to a gcov data file
  gcov_fname   /home/rodrigo/zephyr-course_ram/twister-out/log_msg.h##fe60156c532143d1e30e21c32299f503.gcov
  current_dir  /home/rodrigo/zephyr-course_ram/twister-out
  root         /home/rodrigo/zephyr-course_ram/app/modules/ring_buf
  starting_dir /home/rodrigo/zephyr-course_ram
  obj_dir      /home/rodrigo/zephyr-course_ram/twister-out
  gcda_fname   native_sim_native/host_gnu/zephyr-course_ram/tests/ring_buf/homework.unit.ring_buf/zephyr/kernel/CMakeFiles/kernel.dir/thread.c.gcda
  --> fname    /home/rodrigo/zephyrproject/zephyr/include/zephyr/logging/log_msg.h
(DEBUG) Check if /home/rodrigo/zephyrproject/zephyr/include/zephyr/logging/log_msg.h is included (source file)...
(DEBUG) --> File is excluded.
(DEBUG) Check if /home/rodrigo/zephyr-course_ram/twister-out/kernel_arch_func.h##580562feec2edfd32c5a873362c5c8d2.gcov is included (trace)...
(DEBUG) --> File is excluded.
(DEBUG) Finding source file corresponding to a gcov data file
  gcov_fname   /home/rodrigo/zephyr-course_ram/twister-out/kernel_arch_func.h##580562feec2edfd32c5a873362c5c8d2.gcov
  current_dir  /home/rodrigo/zephyr-course_ram/twister-out
  root         /home/rodrigo/zephyr-course_ram/app/modules/ring_buf
  starting_dir /home/rodrigo/zephyr-course_ram
  obj_dir      /home/rodrigo/zephyr-course_ram/twister-out
  gcda_fname   native_sim_native/host_gnu/zephyr-course_ram/tests/ring_buf/homework.unit.ring_buf/zephyr/kernel/CMakeFiles/kernel.dir/thread.c.gcda
  --> fname    /home/rodrigo/zephyrproject/zephyr/arch/posix/include/kernel_arch_func.h
(DEBUG) Check if /home/rodrigo/zephyrproject/zephyr/arch/posix/include/kernel_arch_func.h is included (source file)...
(DEBUG) --> File is excluded.
(DEBUG) Check if /home/rodrigo/zephyr-course_ram/twister-out/thread.c##ee61ad7a50e1ee3de15c62d3ca1b3696.gcov is included (trace)...
(DEBUG)   No filter matched.
(DEBUG) --> File is excluded.
(DEBUG) Finding source file corresponding to a gcov data file
  gcov_fname   /home/rodrigo/zephyr-course_ram/twister-out/thread.c##ee61ad7a50e1ee3de15c62d3ca1b3696.gcov
  current_dir  /home/rodrigo/zephyr-course_ram/twister-out
  root         /home/rodrigo/zephyr-course_ram/app/modules/ring_buf
  starting_dir /home/rodrigo/zephyr-course_ram
  obj_dir      /home/rodrigo/zephyr-course_ram/twister-out
  gcda_fname   native_sim_native/host_gnu/zephyr-course_ram/tests/ring_buf/homework.unit.ring_buf/zephyr/kernel/CMakeFiles/kernel.dir/thread.c.gcda
  --> fname    /home/rodrigo/zephyrproject/zephyr/kernel/thread.c
(DEBUG) Check if /home/rodrigo/zephyrproject/zephyr/kernel/thread.c is included (source file)...
(DEBUG)   No filter matched.
(DEBUG) --> File is excluded.
(DEBUG) Check if /home/rodrigo/zephyr-course_ram/twister-out/dlist.h##3219a21b45bb2c61f5ea102d5482e32e.gcov is included (trace)...
(DEBUG) --> File is excluded.
(DEBUG) Finding source file corresponding to a gcov data file
  gcov_fname   /home/rodrigo/zephyr-course_ram/twister-out/dlist.h##3219a21b45bb2c61f5ea102d5482e32e.gcov
  current_dir  /home/rodrigo/zephyr-course_ram/twister-out
  root         /home/rodrigo/zephyr-course_ram/app/modules/ring_buf
  starting_dir /home/rodrigo/zephyr-course_ram
  obj_dir      /home/rodrigo/zephyr-course_ram/twister-out
  gcda_fname   native_sim_native/host_gnu/zephyr-course_ram/tests/ring_buf/homework.unit.ring_buf/zephyr/kernel/CMakeFiles/kernel.dir/thread.c.gcda
  --> fname    /home/rodrigo/zephyrproject/zephyr/include/zephyr/sys/dlist.h
(DEBUG) Check if /home/rodrigo/zephyrproject/zephyr/include/zephyr/sys/dlist.h is included (source file)...
(DEBUG) --> File is excluded.
(DEBUG) Check if /home/rodrigo/zephyr-course_ram/twister-out/native_sim_native/host_gnu/zephyr-course_ram/tests/ring_buf/homework.unit.ring_buf/zephyr/kernel/CMakeFiles/kernel.dir/timeout.c.gcda is included (trace)...
(DEBUG)   No filter matched.
(DEBUG) --> File is excluded.
(DEBUG) Check if /home/rodrigo/zephyr-course_ram/twister-out/native_sim_native/host_gnu/zephyr-course_ram/tests/ring_buf/homework.unit.ring_buf/zephyr/kernel/CMakeFiles/kernel.dir/timeout.c.gcda is included (trace)...
(DEBUG) --> File is excluded.
(DEBUG) Check if timeout.c##03fb12d58ec0bcf0ea061f0eeaf9f5fb.gcov is included (gcov file)...
(DEBUG)   Filter AlwaysMatchFilter() matched.
(DEBUG) --> File is included.
(DEBUG) Check if timeout_q.h##c6366127490abe4c065d005513ed50b8.gcov is included (gcov file)...
(DEBUG) --> File is included.
(DEBUG) Check if spinlock.h##d84264fdde7bca8b949809fef8cbefdd.gcov is included (gcov file)...
(DEBUG) --> File is included.
(DEBUG) Check if arch.h##239ee5cbaf1f4f5309f62049e6f0de61.gcov is included (gcov file)...
(DEBUG) --> File is included.
(DEBUG) Check if dlist.h##3219a21b45bb2c61f5ea102d5482e32e.gcov is included (gcov file)...
(DEBUG) --> File is included.
(DEBUG) Check if /home/rodrigo/zephyr-course_ram/twister-out/timeout_q.h##c6366127490abe4c065d005513ed50b8.gcov is included (trace)...
(DEBUG) --> File is excluded.
(DEBUG) Finding source file corresponding to a gcov data file
  gcov_fname   /home/rodrigo/zephyr-course_ram/twister-out/timeout_q.h##c6366127490abe4c065d005513ed50b8.gcov
  current_dir  /home/rodrigo/zephyr-course_ram/twister-out
  root         /home/rodrigo/zephyr-course_ram/app/modules/ring_buf
  starting_dir /home/rodrigo/zephyr-course_ram
  obj_dir      /home/rodrigo/zephyr-course_ram/twister-out
  gcda_fname   native_sim_native/host_gnu/zephyr-course_ram/tests/ring_buf/homework.unit.ring_buf/zephyr/kernel/CMakeFiles/kernel.dir/timeout.c.gcda
  --> fname    /home/rodrigo/zephyrproject/zephyr/kernel/include/timeout_q.h
(DEBUG) Check if /home/rodrigo/zephyrproject/zephyr/kernel/include/timeout_q.h is included (source file)...
(DEBUG) --> File is excluded.
(DEBUG) Check if /home/rodrigo/zephyr-course_ram/twister-out/timeout.c##03fb12d58ec0bcf0ea061f0eeaf9f5fb.gcov is included (trace)...
(DEBUG)   No filter matched.
(DEBUG) --> File is excluded.
(DEBUG) Finding source file corresponding to a gcov data file
  gcov_fname   /home/rodrigo/zephyr-course_ram/twister-out/timeout.c##03fb12d58ec0bcf0ea061f0eeaf9f5fb.gcov
  current_dir  /home/rodrigo/zephyr-course_ram/twister-out
  root         /home/rodrigo/zephyr-course_ram/app/modules/ring_buf
  starting_dir /home/rodrigo/zephyr-course_ram
  obj_dir      /home/rodrigo/zephyr-course_ram/twister-out
  gcda_fname   native_sim_native/host_gnu/zephyr-course_ram/tests/ring_buf/homework.unit.ring_buf/zephyr/kernel/CMakeFiles/kernel.dir/timeout.c.gcda
  --> fname    /home/rodrigo/zephyrproject/zephyr/kernel/timeout.c
(DEBUG) Check if /home/rodrigo/zephyrproject/zephyr/kernel/timeout.c is included (source file)...
(DEBUG)   No filter matched.
(DEBUG) --> File is excluded.
(DEBUG) Check if /home/rodrigo/zephyr-course_ram/twister-out/arch.h##239ee5cbaf1f4f5309f62049e6f0de61.gcov is included (trace)...
(DEBUG) --> File is excluded.
(DEBUG) Finding source file corresponding to a gcov data file
  gcov_fname   /home/rodrigo/zephyr-course_ram/twister-out/arch.h##239ee5cbaf1f4f5309f62049e6f0de61.gcov
  current_dir  /home/rodrigo/zephyr-course_ram/twister-out
  root         /home/rodrigo/zephyr-course_ram/app/modules/ring_buf
  starting_dir /home/rodrigo/zephyr-course_ram
  obj_dir      /home/rodrigo/zephyr-course_ram/twister-out
  gcda_fname   native_sim_native/host_gnu/zephyr-course_ram/tests/ring_buf/homework.unit.ring_buf/zephyr/kernel/CMakeFiles/kernel.dir/timeout.c.gcda
  --> fname    /home/rodrigo/zephyrproject/zephyr/include/zephyr/arch/posix/arch.h
(DEBUG) Check if /home/rodrigo/zephyrproject/zephyr/include/zephyr/arch/posix/arch.h is included (source file)...
(DEBUG) --> File is excluded.
(DEBUG) Check if /home/rodrigo/zephyr-course_ram/twister-out/dlist.h##3219a21b45bb2c61f5ea102d5482e32e.gcov is included (trace)...
(DEBUG) --> File is excluded.
(DEBUG) Finding source file corresponding to a gcov data file
  gcov_fname   /home/rodrigo/zephyr-course_ram/twister-out/dlist.h##3219a21b45bb2c61f5ea102d5482e32e.gcov
  current_dir  /home/rodrigo/zephyr-course_ram/twister-out
  root         /home/rodrigo/zephyr-course_ram/app/modules/ring_buf
  starting_dir /home/rodrigo/zephyr-course_ram
  obj_dir      /home/rodrigo/zephyr-course_ram/twister-out
  gcda_fname   native_sim_native/host_gnu/zephyr-course_ram/tests/ring_buf/homework.unit.ring_buf/zephyr/kernel/CMakeFiles/kernel.dir/timeout.c.gcda
  --> fname    /home/rodrigo/zephyrproject/zephyr/include/zephyr/sys/dlist.h
(DEBUG) Check if /home/rodrigo/zephyrproject/zephyr/include/zephyr/sys/dlist.h is included (source file)...
(DEBUG) --> File is excluded.
(DEBUG) Check if /home/rodrigo/zephyr-course_ram/twister-out/spinlock.h##d84264fdde7bca8b949809fef8cbefdd.gcov is included (trace)...
(DEBUG) --> File is excluded.
(DEBUG) Finding source file corresponding to a gcov data file
  gcov_fname   /home/rodrigo/zephyr-course_ram/twister-out/spinlock.h##d84264fdde7bca8b949809fef8cbefdd.gcov
  current_dir  /home/rodrigo/zephyr-course_ram/twister-out
  root         /home/rodrigo/zephyr-course_ram/app/modules/ring_buf
  starting_dir /home/rodrigo/zephyr-course_ram
  obj_dir      /home/rodrigo/zephyr-course_ram/twister-out
  gcda_fname   native_sim_native/host_gnu/zephyr-course_ram/tests/ring_buf/homework.unit.ring_buf/zephyr/kernel/CMakeFiles/kernel.dir/timeout.c.gcda
  --> fname    /home/rodrigo/zephyrproject/zephyr/include/zephyr/spinlock.h
(DEBUG) Check if /home/rodrigo/zephyrproject/zephyr/include/zephyr/spinlock.h is included (source file)...
(DEBUG) --> File is excluded.
(DEBUG) Check if /home/rodrigo/zephyr-course_ram/twister-out/native_sim_native/host_gnu/zephyr-course_ram/tests/ring_buf/homework.unit.ring_buf/zephyr/kernel/CMakeFiles/kernel.dir/timer.c.gcda is included (trace)...
(DEBUG)   No filter matched.
(DEBUG) --> File is excluded.
(DEBUG) Check if /home/rodrigo/zephyr-course_ram/twister-out/native_sim_native/host_gnu/zephyr-course_ram/tests/ring_buf/homework.unit.ring_buf/zephyr/kernel/CMakeFiles/kernel.dir/timer.c.gcda is included (trace)...
(DEBUG) --> File is excluded.
(DEBUG) Check if timer.c##3dccccf9a444ca83ecf8bcd5e56d93f4.gcov is included (gcov file)...
(DEBUG)   Filter AlwaysMatchFilter() matched.
(DEBUG) --> File is included.
(DEBUG) Check if wait_q.h##8d032c01ad982a605e65d14d4975cccf.gcov is included (gcov file)...
(DEBUG) --> File is included.
(DEBUG) Check if ksched.h##172c555d5b2e2629e8c5e6360532febc.gcov is included (gcov file)...
(DEBUG) --> File is included.
(DEBUG) Check if timeout_q.h##c6366127490abe4c065d005513ed50b8.gcov is included (gcov file)...
(DEBUG) --> File is included.
(DEBUG) Check if kernel_arch_func.h##580562feec2edfd32c5a873362c5c8d2.gcov is included (gcov file)...
(DEBUG) --> File is included.
(DEBUG) Check if kernel.h##33e25e586cdfb0cc7078a38f16ec62da.gcov is included (gcov file)...
(DEBUG) --> File is included.
(DEBUG) Check if kobject_internal.h##dca6fbe52c3225f96b4d07c0f7f6cb30.gcov is included (gcov file)...
(DEBUG) --> File is included.
(DEBUG) Check if spinlock.h##d84264fdde7bca8b949809fef8cbefdd.gcov is included (gcov file)...
(DEBUG) --> File is included.
(DEBUG) Check if arch.h##239ee5cbaf1f4f5309f62049e6f0de61.gcov is included (gcov file)...
(DEBUG) --> File is included.
(DEBUG) Check if dlist.h##3219a21b45bb2c61f5ea102d5482e32e.gcov is included (gcov file)...
(DEBUG) --> File is included.
(DEBUG) Check if /home/rodrigo/zephyr-course_ram/twister-out/ksched.h##172c555d5b2e2629e8c5e6360532febc.gcov is included (trace)...
(DEBUG) --> File is excluded.
(DEBUG) Finding source file corresponding to a gcov data file
  gcov_fname   /home/rodrigo/zephyr-course_ram/twister-out/ksched.h##172c555d5b2e2629e8c5e6360532febc.gcov
  current_dir  /home/rodrigo/zephyr-course_ram/twister-out
  root         /home/rodrigo/zephyr-course_ram/app/modules/ring_buf
  starting_dir /home/rodrigo/zephyr-course_ram
  obj_dir      /home/rodrigo/zephyr-course_ram/twister-out
  gcda_fname   native_sim_native/host_gnu/zephyr-course_ram/tests/ring_buf/homework.unit.ring_buf/zephyr/kernel/CMakeFiles/kernel.dir/timer.c.gcda
  --> fname    /home/rodrigo/zephyrproject/zephyr/kernel/include/ksched.h
(DEBUG) Check if /home/rodrigo/zephyrproject/zephyr/kernel/include/ksched.h is included (source file)...
(DEBUG) --> File is excluded.
(DEBUG) Check if /home/rodrigo/zephyr-course_ram/twister-out/wait_q.h##8d032c01ad982a605e65d14d4975cccf.gcov is included (trace)...
(DEBUG) --> File is excluded.
(DEBUG) Finding source file corresponding to a gcov data file
  gcov_fname   /home/rodrigo/zephyr-course_ram/twister-out/wait_q.h##8d032c01ad982a605e65d14d4975cccf.gcov
  current_dir  /home/rodrigo/zephyr-course_ram/twister-out
  root         /home/rodrigo/zephyr-course_ram/app/modules/ring_buf
  starting_dir /home/rodrigo/zephyr-course_ram
  obj_dir      /home/rodrigo/zephyr-course_ram/twister-out
  gcda_fname   native_sim_native/host_gnu/zephyr-course_ram/tests/ring_buf/homework.unit.ring_buf/zephyr/kernel/CMakeFiles/kernel.dir/timer.c.gcda
  --> fname    /home/rodrigo/zephyrproject/zephyr/kernel/include/wait_q.h
(DEBUG) Check if /home/rodrigo/zephyrproject/zephyr/kernel/include/wait_q.h is included (source file)...
(DEBUG) --> File is excluded.
(DEBUG) Check if /home/rodrigo/zephyr-course_ram/twister-out/timeout_q.h##c6366127490abe4c065d005513ed50b8.gcov is included (trace)...
(DEBUG) --> File is excluded.
(DEBUG) Finding source file corresponding to a gcov data file
  gcov_fname   /home/rodrigo/zephyr-course_ram/twister-out/timeout_q.h##c6366127490abe4c065d005513ed50b8.gcov
  current_dir  /home/rodrigo/zephyr-course_ram/twister-out
  root         /home/rodrigo/zephyr-course_ram/app/modules/ring_buf
  starting_dir /home/rodrigo/zephyr-course_ram
  obj_dir      /home/rodrigo/zephyr-course_ram/twister-out
  gcda_fname   native_sim_native/host_gnu/zephyr-course_ram/tests/ring_buf/homework.unit.ring_buf/zephyr/kernel/CMakeFiles/kernel.dir/timer.c.gcda
  --> fname    /home/rodrigo/zephyrproject/zephyr/kernel/include/timeout_q.h
(DEBUG) Check if /home/rodrigo/zephyrproject/zephyr/kernel/include/timeout_q.h is included (source file)...
(DEBUG) --> File is excluded.
(DEBUG) Check if /home/rodrigo/zephyr-course_ram/twister-out/kernel.h##33e25e586cdfb0cc7078a38f16ec62da.gcov is included (trace)...
(DEBUG) --> File is excluded.
(DEBUG) Finding source file corresponding to a gcov data file
  gcov_fname   /home/rodrigo/zephyr-course_ram/twister-out/kernel.h##33e25e586cdfb0cc7078a38f16ec62da.gcov
  current_dir  /home/rodrigo/zephyr-course_ram/twister-out
  root         /home/rodrigo/zephyr-course_ram/app/modules/ring_buf
  starting_dir /home/rodrigo/zephyr-course_ram
  obj_dir      /home/rodrigo/zephyr-course_ram/twister-out
  gcda_fname   native_sim_native/host_gnu/zephyr-course_ram/tests/ring_buf/homework.unit.ring_buf/zephyr/kernel/CMakeFiles/kernel.dir/timer.c.gcda
  --> fname    /home/rodrigo/zephyr-course_ram/twister-out/native_sim_native/host_gnu/zephyr-course_ram/tests/ring_buf/homework.unit.ring_buf/zephyr/include/generated/zephyr/syscalls/kernel.h
(DEBUG) Check if /home/rodrigo/zephyr-course_ram/twister-out/native_sim_native/host_gnu/zephyr-course_ram/tests/ring_buf/homework.unit.ring_buf/zephyr/include/generated/zephyr/syscalls/kernel.h is included (source file)...
(DEBUG) --> File is excluded.
(DEBUG) Check if /home/rodrigo/zephyr-course_ram/twister-out/kernel_arch_func.h##580562feec2edfd32c5a873362c5c8d2.gcov is included (trace)...
(DEBUG) --> File is excluded.
(DEBUG) Finding source file corresponding to a gcov data file
  gcov_fname   /home/rodrigo/zephyr-course_ram/twister-out/kernel_arch_func.h##580562feec2edfd32c5a873362c5c8d2.gcov
  current_dir  /home/rodrigo/zephyr-course_ram/twister-out
  root         /home/rodrigo/zephyr-course_ram/app/modules/ring_buf
  starting_dir /home/rodrigo/zephyr-course_ram
  obj_dir      /home/rodrigo/zephyr-course_ram/twister-out
  gcda_fname   native_sim_native/host_gnu/zephyr-course_ram/tests/ring_buf/homework.unit.ring_buf/zephyr/kernel/CMakeFiles/kernel.dir/timer.c.gcda
  --> fname    /home/rodrigo/zephyrproject/zephyr/arch/posix/include/kernel_arch_func.h
(DEBUG) Check if /home/rodrigo/zephyrproject/zephyr/arch/posix/include/kernel_arch_func.h is included (source file)...
(DEBUG) --> File is excluded.
(DEBUG) Check if /home/rodrigo/zephyr-course_ram/twister-out/arch.h##239ee5cbaf1f4f5309f62049e6f0de61.gcov is included (trace)...
(DEBUG) --> File is excluded.
(DEBUG) Finding source file corresponding to a gcov data file
  gcov_fname   /home/rodrigo/zephyr-course_ram/twister-out/arch.h##239ee5cbaf1f4f5309f62049e6f0de61.gcov
  current_dir  /home/rodrigo/zephyr-course_ram/twister-out
  root         /home/rodrigo/zephyr-course_ram/app/modules/ring_buf
  starting_dir /home/rodrigo/zephyr-course_ram
  obj_dir      /home/rodrigo/zephyr-course_ram/twister-out
  gcda_fname   native_sim_native/host_gnu/zephyr-course_ram/tests/ring_buf/homework.unit.ring_buf/zephyr/kernel/CMakeFiles/kernel.dir/timer.c.gcda
  --> fname    /home/rodrigo/zephyrproject/zephyr/include/zephyr/arch/posix/arch.h
(DEBUG) Check if /home/rodrigo/zephyrproject/zephyr/include/zephyr/arch/posix/arch.h is included (source file)...
(DEBUG) --> File is excluded.
(DEBUG) Check if /home/rodrigo/zephyr-course_ram/twister-out/timer.c##3dccccf9a444ca83ecf8bcd5e56d93f4.gcov is included (trace)...
(DEBUG)   No filter matched.
(DEBUG) --> File is excluded.
(DEBUG) Finding source file corresponding to a gcov data file
  gcov_fname   /home/rodrigo/zephyr-course_ram/twister-out/timer.c##3dccccf9a444ca83ecf8bcd5e56d93f4.gcov
  current_dir  /home/rodrigo/zephyr-course_ram/twister-out
  root         /home/rodrigo/zephyr-course_ram/app/modules/ring_buf
  starting_dir /home/rodrigo/zephyr-course_ram
  obj_dir      /home/rodrigo/zephyr-course_ram/twister-out
  gcda_fname   native_sim_native/host_gnu/zephyr-course_ram/tests/ring_buf/homework.unit.ring_buf/zephyr/kernel/CMakeFiles/kernel.dir/timer.c.gcda
  --> fname    /home/rodrigo/zephyrproject/zephyr/kernel/timer.c
(DEBUG) Check if /home/rodrigo/zephyrproject/zephyr/kernel/timer.c is included (source file)...
(DEBUG)   No filter matched.
(DEBUG) --> File is excluded.
(DEBUG) Check if /home/rodrigo/zephyr-course_ram/twister-out/kobject_internal.h##dca6fbe52c3225f96b4d07c0f7f6cb30.gcov is included (trace)...
(DEBUG) --> File is excluded.
(DEBUG) Finding source file corresponding to a gcov data file
  gcov_fname   /home/rodrigo/zephyr-course_ram/twister-out/kobject_internal.h##dca6fbe52c3225f96b4d07c0f7f6cb30.gcov
  current_dir  /home/rodrigo/zephyr-course_ram/twister-out
  root         /home/rodrigo/zephyr-course_ram/app/modules/ring_buf
  starting_dir /home/rodrigo/zephyr-course_ram
  obj_dir      /home/rodrigo/zephyr-course_ram/twister-out
  gcda_fname   native_sim_native/host_gnu/zephyr-course_ram/tests/ring_buf/homework.unit.ring_buf/zephyr/kernel/CMakeFiles/kernel.dir/timer.c.gcda
  --> fname    /home/rodrigo/zephyrproject/zephyr/include/zephyr/sys/internal/kobject_internal.h
(DEBUG) Check if /home/rodrigo/zephyrproject/zephyr/include/zephyr/sys/internal/kobject_internal.h is included (source file)...
(DEBUG) --> File is excluded.
(DEBUG) Check if /home/rodrigo/zephyr-course_ram/twister-out/dlist.h##3219a21b45bb2c61f5ea102d5482e32e.gcov is included (trace)...
(DEBUG) --> File is excluded.
(DEBUG) Finding source file corresponding to a gcov data file
  gcov_fname   /home/rodrigo/zephyr-course_ram/twister-out/dlist.h##3219a21b45bb2c61f5ea102d5482e32e.gcov
  current_dir  /home/rodrigo/zephyr-course_ram/twister-out
  root         /home/rodrigo/zephyr-course_ram/app/modules/ring_buf
  starting_dir /home/rodrigo/zephyr-course_ram
  obj_dir      /home/rodrigo/zephyr-course_ram/twister-out
  gcda_fname   native_sim_native/host_gnu/zephyr-course_ram/tests/ring_buf/homework.unit.ring_buf/zephyr/kernel/CMakeFiles/kernel.dir/timer.c.gcda
  --> fname    /home/rodrigo/zephyrproject/zephyr/include/zephyr/sys/dlist.h
(DEBUG) Check if /home/rodrigo/zephyrproject/zephyr/include/zephyr/sys/dlist.h is included (source file)...
(DEBUG) --> File is excluded.
(DEBUG) Check if /home/rodrigo/zephyr-course_ram/twister-out/spinlock.h##d84264fdde7bca8b949809fef8cbefdd.gcov is included (trace)...
(DEBUG) --> File is excluded.
(DEBUG) Finding source file corresponding to a gcov data file
  gcov_fname   /home/rodrigo/zephyr-course_ram/twister-out/spinlock.h##d84264fdde7bca8b949809fef8cbefdd.gcov
  current_dir  /home/rodrigo/zephyr-course_ram/twister-out
  root         /home/rodrigo/zephyr-course_ram/app/modules/ring_buf
  starting_dir /home/rodrigo/zephyr-course_ram
  obj_dir      /home/rodrigo/zephyr-course_ram/twister-out
  gcda_fname   native_sim_native/host_gnu/zephyr-course_ram/tests/ring_buf/homework.unit.ring_buf/zephyr/kernel/CMakeFiles/kernel.dir/timer.c.gcda
  --> fname    /home/rodrigo/zephyrproject/zephyr/include/zephyr/spinlock.h
(DEBUG) Check if /home/rodrigo/zephyrproject/zephyr/include/zephyr/spinlock.h is included (source file)...
(DEBUG) --> File is excluded.
(DEBUG) Check if /home/rodrigo/zephyr-course_ram/twister-out/native_sim_native/host_gnu/zephyr-course_ram/tests/ring_buf/homework.unit.ring_buf/zephyr/kernel/CMakeFiles/kernel.dir/timeslicing.c.gcda is included (trace)...
(DEBUG)   No filter matched.
(DEBUG) --> File is excluded.
(DEBUG) Check if /home/rodrigo/zephyr-course_ram/twister-out/native_sim_native/host_gnu/zephyr-course_ram/tests/ring_buf/homework.unit.ring_buf/zephyr/kernel/CMakeFiles/kernel.dir/timeslicing.c.gcda is included (trace)...
(DEBUG) --> File is excluded.
(DEBUG) Check if timeslicing.c##050c5cfbfbb33cedfa17c55cd99cef45.gcov is included (gcov file)...
(DEBUG)   Filter AlwaysMatchFilter() matched.
(DEBUG) --> File is included.
(DEBUG) Check if ksched.h##172c555d5b2e2629e8c5e6360532febc.gcov is included (gcov file)...
(DEBUG) --> File is included.
(DEBUG) Check if kthread.h##3887c82394eb1cae4bd9b6e72588a2b1.gcov is included (gcov file)...
(DEBUG) --> File is included.
(DEBUG) Check if spinlock.h##d84264fdde7bca8b949809fef8cbefdd.gcov is included (gcov file)...
(DEBUG) --> File is included.
(DEBUG) Check if arch.h##239ee5cbaf1f4f5309f62049e6f0de61.gcov is included (gcov file)...
(DEBUG) --> File is included.
(DEBUG) Check if /home/rodrigo/zephyr-course_ram/twister-out/ksched.h##172c555d5b2e2629e8c5e6360532febc.gcov is included (trace)...
(DEBUG) --> File is excluded.
(DEBUG) Finding source file corresponding to a gcov data file
  gcov_fname   /home/rodrigo/zephyr-course_ram/twister-out/ksched.h##172c555d5b2e2629e8c5e6360532febc.gcov
  current_dir  /home/rodrigo/zephyr-course_ram/twister-out
  root         /home/rodrigo/zephyr-course_ram/app/modules/ring_buf
  starting_dir /home/rodrigo/zephyr-course_ram
  obj_dir      /home/rodrigo/zephyr-course_ram/twister-out
  gcda_fname   native_sim_native/host_gnu/zephyr-course_ram/tests/ring_buf/homework.unit.ring_buf/zephyr/kernel/CMakeFiles/kernel.dir/timeslicing.c.gcda
  --> fname    /home/rodrigo/zephyrproject/zephyr/kernel/include/ksched.h
(DEBUG) Check if /home/rodrigo/zephyrproject/zephyr/kernel/include/ksched.h is included (source file)...
(DEBUG) --> File is excluded.
(DEBUG) Check if /home/rodrigo/zephyr-course_ram/twister-out/kthread.h##3887c82394eb1cae4bd9b6e72588a2b1.gcov is included (trace)...
(DEBUG) --> File is excluded.
(DEBUG) Finding source file corresponding to a gcov data file
  gcov_fname   /home/rodrigo/zephyr-course_ram/twister-out/kthread.h##3887c82394eb1cae4bd9b6e72588a2b1.gcov
  current_dir  /home/rodrigo/zephyr-course_ram/twister-out
  root         /home/rodrigo/zephyr-course_ram/app/modules/ring_buf
  starting_dir /home/rodrigo/zephyr-course_ram
  obj_dir      /home/rodrigo/zephyr-course_ram/twister-out
  gcda_fname   native_sim_native/host_gnu/zephyr-course_ram/tests/ring_buf/homework.unit.ring_buf/zephyr/kernel/CMakeFiles/kernel.dir/timeslicing.c.gcda
  --> fname    /home/rodrigo/zephyrproject/zephyr/kernel/include/kthread.h
(DEBUG) Check if /home/rodrigo/zephyrproject/zephyr/kernel/include/kthread.h is included (source file)...
(DEBUG) --> File is excluded.
(DEBUG) Check if /home/rodrigo/zephyr-course_ram/twister-out/timeslicing.c##050c5cfbfbb33cedfa17c55cd99cef45.gcov is included (trace)...
(DEBUG)   No filter matched.
(DEBUG) --> File is excluded.
(DEBUG) Finding source file corresponding to a gcov data file
  gcov_fname   /home/rodrigo/zephyr-course_ram/twister-out/timeslicing.c##050c5cfbfbb33cedfa17c55cd99cef45.gcov
  current_dir  /home/rodrigo/zephyr-course_ram/twister-out
  root         /home/rodrigo/zephyr-course_ram/app/modules/ring_buf
  starting_dir /home/rodrigo/zephyr-course_ram
  obj_dir      /home/rodrigo/zephyr-course_ram/twister-out
  gcda_fname   native_sim_native/host_gnu/zephyr-course_ram/tests/ring_buf/homework.unit.ring_buf/zephyr/kernel/CMakeFiles/kernel.dir/timeslicing.c.gcda
  --> fname    /home/rodrigo/zephyrproject/zephyr/kernel/timeslicing.c
(DEBUG) Check if /home/rodrigo/zephyrproject/zephyr/kernel/timeslicing.c is included (source file)...
(DEBUG)   No filter matched.
(DEBUG) --> File is excluded.
(DEBUG) Check if /home/rodrigo/zephyr-course_ram/twister-out/arch.h##239ee5cbaf1f4f5309f62049e6f0de61.gcov is included (trace)...
(DEBUG) --> File is excluded.
(DEBUG) Finding source file corresponding to a gcov data file
  gcov_fname   /home/rodrigo/zephyr-course_ram/twister-out/arch.h##239ee5cbaf1f4f5309f62049e6f0de61.gcov
  current_dir  /home/rodrigo/zephyr-course_ram/twister-out
  root         /home/rodrigo/zephyr-course_ram/app/modules/ring_buf
  starting_dir /home/rodrigo/zephyr-course_ram
  obj_dir      /home/rodrigo/zephyr-course_ram/twister-out
  gcda_fname   native_sim_native/host_gnu/zephyr-course_ram/tests/ring_buf/homework.unit.ring_buf/zephyr/kernel/CMakeFiles/kernel.dir/timeslicing.c.gcda
  --> fname    /home/rodrigo/zephyrproject/zephyr/include/zephyr/arch/posix/arch.h
(DEBUG) Check if /home/rodrigo/zephyrproject/zephyr/include/zephyr/arch/posix/arch.h is included (source file)...
(DEBUG) --> File is excluded.
(DEBUG) Check if /home/rodrigo/zephyr-course_ram/twister-out/spinlock.h##d84264fdde7bca8b949809fef8cbefdd.gcov is included (trace)...
(DEBUG) --> File is excluded.
(DEBUG) Finding source file corresponding to a gcov data file
  gcov_fname   /home/rodrigo/zephyr-course_ram/twister-out/spinlock.h##d84264fdde7bca8b949809fef8cbefdd.gcov
  current_dir  /home/rodrigo/zephyr-course_ram/twister-out
  root         /home/rodrigo/zephyr-course_ram/app/modules/ring_buf
  starting_dir /home/rodrigo/zephyr-course_ram
  obj_dir      /home/rodrigo/zephyr-course_ram/twister-out
  gcda_fname   native_sim_native/host_gnu/zephyr-course_ram/tests/ring_buf/homework.unit.ring_buf/zephyr/kernel/CMakeFiles/kernel.dir/timeslicing.c.gcda
  --> fname    /home/rodrigo/zephyrproject/zephyr/include/zephyr/spinlock.h
(DEBUG) Check if /home/rodrigo/zephyrproject/zephyr/include/zephyr/spinlock.h is included (source file)...
(DEBUG) --> File is excluded.
(DEBUG) Check if /home/rodrigo/zephyr-course_ram/twister-out/native_sim_native/host_gnu/zephyr-course_ram/tests/ring_buf/homework.unit.ring_buf/zephyr/kernel/CMakeFiles/kernel.dir/version.c.gcno is included (trace)...
(DEBUG)   No filter matched.
(DEBUG) --> File is excluded.
(DEBUG) Check if /home/rodrigo/zephyr-course_ram/twister-out/native_sim_native/host_gnu/zephyr-course_ram/tests/ring_buf/homework.unit.ring_buf/zephyr/kernel/CMakeFiles/kernel.dir/version.c.gcno is included (trace)...
(DEBUG) --> File is excluded.
(DEBUG) Check if version.c##80595cbdb98b0bf39bfc32176241e845.gcov is included (gcov file)...
(DEBUG)   Filter AlwaysMatchFilter() matched.
(DEBUG) --> File is included.
(DEBUG) Check if /home/rodrigo/zephyr-course_ram/twister-out/version.c##80595cbdb98b0bf39bfc32176241e845.gcov is included (trace)...
(DEBUG)   No filter matched.
(DEBUG) --> File is excluded.
(DEBUG) Finding source file corresponding to a gcov data file
  gcov_fname   /home/rodrigo/zephyr-course_ram/twister-out/version.c##80595cbdb98b0bf39bfc32176241e845.gcov
  current_dir  /home/rodrigo/zephyr-course_ram/twister-out
  root         /home/rodrigo/zephyr-course_ram/app/modules/ring_buf
  starting_dir /home/rodrigo/zephyr-course_ram
  obj_dir      /home/rodrigo/zephyr-course_ram/twister-out
  gcda_fname   native_sim_native/host_gnu/zephyr-course_ram/tests/ring_buf/homework.unit.ring_buf/zephyr/kernel/CMakeFiles/kernel.dir/version.c.gcno
  --> fname    /home/rodrigo/zephyrproject/zephyr/kernel/version.c
(DEBUG) Check if /home/rodrigo/zephyrproject/zephyr/kernel/version.c is included (source file)...
(DEBUG)   No filter matched.
(DEBUG) --> File is excluded.
(DEBUG) Check if /home/rodrigo/zephyr-course_ram/twister-out/native_sim_native/host_gnu/zephyr-course_ram/tests/ring_buf/homework.unit.ring_buf/zephyr/kernel/CMakeFiles/kernel.dir/work.c.gcno is included (trace)...
(DEBUG)   No filter matched.
(DEBUG) --> File is excluded.
(DEBUG) Check if /home/rodrigo/zephyr-course_ram/twister-out/native_sim_native/host_gnu/zephyr-course_ram/tests/ring_buf/homework.unit.ring_buf/zephyr/kernel/CMakeFiles/kernel.dir/work.c.gcno is included (trace)...
(DEBUG) --> File is excluded.
(DEBUG) Check if work.c##95749998b1544ea03875d84079c52a2c.gcov is included (gcov file)...
(DEBUG)   Filter AlwaysMatchFilter() matched.
(DEBUG) --> File is included.
(DEBUG) Check if ksched.h##172c555d5b2e2629e8c5e6360532febc.gcov is included (gcov file)...
(DEBUG) --> File is included.
(DEBUG) Check if kthread.h##3887c82394eb1cae4bd9b6e72588a2b1.gcov is included (gcov file)...
(DEBUG) --> File is included.
(DEBUG) Check if wait_q.h##8d032c01ad982a605e65d14d4975cccf.gcov is included (gcov file)...
(DEBUG) --> File is included.
(DEBUG) Check if timeout_q.h##c6366127490abe4c065d005513ed50b8.gcov is included (gcov file)...
(DEBUG) --> File is included.
(DEBUG) Check if kernel.h##33e25e586cdfb0cc7078a38f16ec62da.gcov is included (gcov file)...
(DEBUG) --> File is included.
(DEBUG) Check if kernel.h##2d3fbe341137ae796abdfaeb5a853926.gcov is included (gcov file)...
(DEBUG) --> File is included.
(DEBUG) Check if spinlock.h##d84264fdde7bca8b949809fef8cbefdd.gcov is included (gcov file)...
(DEBUG) --> File is included.
(DEBUG) Check if arch.h##239ee5cbaf1f4f5309f62049e6f0de61.gcov is included (gcov file)...
(DEBUG) --> File is included.
(DEBUG) Check if slist.h##48084af0c7a478624712e6629c6036ca.gcov is included (gcov file)...
(DEBUG) --> File is included.
(DEBUG) Check if dlist.h##3219a21b45bb2c61f5ea102d5482e32e.gcov is included (gcov file)...
(DEBUG) --> File is included.
(DEBUG) Check if /home/rodrigo/zephyr-course_ram/twister-out/work.c##95749998b1544ea03875d84079c52a2c.gcov is included (trace)...
(DEBUG)   No filter matched.
(DEBUG) --> File is excluded.
(DEBUG) Finding source file corresponding to a gcov data file
  gcov_fname   /home/rodrigo/zephyr-course_ram/twister-out/work.c##95749998b1544ea03875d84079c52a2c.gcov
  current_dir  /home/rodrigo/zephyr-course_ram/twister-out
  root         /home/rodrigo/zephyr-course_ram/app/modules/ring_buf
  starting_dir /home/rodrigo/zephyr-course_ram
  obj_dir      /home/rodrigo/zephyr-course_ram/twister-out
  gcda_fname   native_sim_native/host_gnu/zephyr-course_ram/tests/ring_buf/homework.unit.ring_buf/zephyr/kernel/CMakeFiles/kernel.dir/work.c.gcno
  --> fname    /home/rodrigo/zephyrproject/zephyr/kernel/work.c
(DEBUG) Check if /home/rodrigo/zephyrproject/zephyr/kernel/work.c is included (source file)...
(DEBUG)   No filter matched.
(DEBUG) --> File is excluded.
(DEBUG) Check if /home/rodrigo/zephyr-course_ram/twister-out/kthread.h##3887c82394eb1cae4bd9b6e72588a2b1.gcov is included (trace)...
(DEBUG) --> File is excluded.
(DEBUG) Finding source file corresponding to a gcov data file
  gcov_fname   /home/rodrigo/zephyr-course_ram/twister-out/kthread.h##3887c82394eb1cae4bd9b6e72588a2b1.gcov
  current_dir  /home/rodrigo/zephyr-course_ram/twister-out
  root         /home/rodrigo/zephyr-course_ram/app/modules/ring_buf
  starting_dir /home/rodrigo/zephyr-course_ram
  obj_dir      /home/rodrigo/zephyr-course_ram/twister-out
  gcda_fname   native_sim_native/host_gnu/zephyr-course_ram/tests/ring_buf/homework.unit.ring_buf/zephyr/kernel/CMakeFiles/kernel.dir/work.c.gcno
  --> fname    /home/rodrigo/zephyrproject/zephyr/kernel/include/kthread.h
(DEBUG) Check if /home/rodrigo/zephyrproject/zephyr/kernel/include/kthread.h is included (source file)...
(DEBUG) --> File is excluded.
(DEBUG) Check if /home/rodrigo/zephyr-course_ram/twister-out/wait_q.h##8d032c01ad982a605e65d14d4975cccf.gcov is included (trace)...
(DEBUG) --> File is excluded.
(DEBUG) Finding source file corresponding to a gcov data file
  gcov_fname   /home/rodrigo/zephyr-course_ram/twister-out/wait_q.h##8d032c01ad982a605e65d14d4975cccf.gcov
  current_dir  /home/rodrigo/zephyr-course_ram/twister-out
  root         /home/rodrigo/zephyr-course_ram/app/modules/ring_buf
  starting_dir /home/rodrigo/zephyr-course_ram
  obj_dir      /home/rodrigo/zephyr-course_ram/twister-out
  gcda_fname   native_sim_native/host_gnu/zephyr-course_ram/tests/ring_buf/homework.unit.ring_buf/zephyr/kernel/CMakeFiles/kernel.dir/work.c.gcno
  --> fname    /home/rodrigo/zephyrproject/zephyr/kernel/include/wait_q.h
(DEBUG) Check if /home/rodrigo/zephyrproject/zephyr/kernel/include/wait_q.h is included (source file)...
(DEBUG) --> File is excluded.
(DEBUG) Check if /home/rodrigo/zephyr-course_ram/twister-out/ksched.h##172c555d5b2e2629e8c5e6360532febc.gcov is included (trace)...
(DEBUG) --> File is excluded.
(DEBUG) Finding source file corresponding to a gcov data file
  gcov_fname   /home/rodrigo/zephyr-course_ram/twister-out/ksched.h##172c555d5b2e2629e8c5e6360532febc.gcov
  current_dir  /home/rodrigo/zephyr-course_ram/twister-out
  root         /home/rodrigo/zephyr-course_ram/app/modules/ring_buf
  starting_dir /home/rodrigo/zephyr-course_ram
  obj_dir      /home/rodrigo/zephyr-course_ram/twister-out
  gcda_fname   native_sim_native/host_gnu/zephyr-course_ram/tests/ring_buf/homework.unit.ring_buf/zephyr/kernel/CMakeFiles/kernel.dir/work.c.gcno
  --> fname    /home/rodrigo/zephyrproject/zephyr/kernel/include/ksched.h
(DEBUG) Check if /home/rodrigo/zephyrproject/zephyr/kernel/include/ksched.h is included (source file)...
(DEBUG) --> File is excluded.
(DEBUG) Check if /home/rodrigo/zephyr-course_ram/twister-out/kernel.h##2d3fbe341137ae796abdfaeb5a853926.gcov is included (trace)...
(DEBUG) --> File is excluded.
(DEBUG) Finding source file corresponding to a gcov data file
  gcov_fname   /home/rodrigo/zephyr-course_ram/twister-out/kernel.h##2d3fbe341137ae796abdfaeb5a853926.gcov
  current_dir  /home/rodrigo/zephyr-course_ram/twister-out
  root         /home/rodrigo/zephyr-course_ram/app/modules/ring_buf
  starting_dir /home/rodrigo/zephyr-course_ram
  obj_dir      /home/rodrigo/zephyr-course_ram/twister-out
  gcda_fname   native_sim_native/host_gnu/zephyr-course_ram/tests/ring_buf/homework.unit.ring_buf/zephyr/kernel/CMakeFiles/kernel.dir/work.c.gcno
  --> fname    /home/rodrigo/zephyrproject/zephyr/include/zephyr/kernel.h
(DEBUG) Check if /home/rodrigo/zephyrproject/zephyr/include/zephyr/kernel.h is included (source file)...
(DEBUG) --> File is excluded.
(DEBUG) Check if /home/rodrigo/zephyr-course_ram/twister-out/timeout_q.h##c6366127490abe4c065d005513ed50b8.gcov is included (trace)...
(DEBUG) --> File is excluded.
(DEBUG) Finding source file corresponding to a gcov data file
  gcov_fname   /home/rodrigo/zephyr-course_ram/twister-out/timeout_q.h##c6366127490abe4c065d005513ed50b8.gcov
  current_dir  /home/rodrigo/zephyr-course_ram/twister-out
  root         /home/rodrigo/zephyr-course_ram/app/modules/ring_buf
  starting_dir /home/rodrigo/zephyr-course_ram
  obj_dir      /home/rodrigo/zephyr-course_ram/twister-out
  gcda_fname   native_sim_native/host_gnu/zephyr-course_ram/tests/ring_buf/homework.unit.ring_buf/zephyr/kernel/CMakeFiles/kernel.dir/work.c.gcno
  --> fname    /home/rodrigo/zephyrproject/zephyr/kernel/include/timeout_q.h
(DEBUG) Check if /home/rodrigo/zephyrproject/zephyr/kernel/include/timeout_q.h is included (source file)...
(DEBUG) --> File is excluded.
(DEBUG) Check if /home/rodrigo/zephyr-course_ram/twister-out/kernel.h##33e25e586cdfb0cc7078a38f16ec62da.gcov is included (trace)...
(DEBUG) --> File is excluded.
(DEBUG) Finding source file corresponding to a gcov data file
  gcov_fname   /home/rodrigo/zephyr-course_ram/twister-out/kernel.h##33e25e586cdfb0cc7078a38f16ec62da.gcov
  current_dir  /home/rodrigo/zephyr-course_ram/twister-out
  root         /home/rodrigo/zephyr-course_ram/app/modules/ring_buf
  starting_dir /home/rodrigo/zephyr-course_ram
  obj_dir      /home/rodrigo/zephyr-course_ram/twister-out
  gcda_fname   native_sim_native/host_gnu/zephyr-course_ram/tests/ring_buf/homework.unit.ring_buf/zephyr/kernel/CMakeFiles/kernel.dir/work.c.gcno
  --> fname    /home/rodrigo/zephyr-course_ram/twister-out/native_sim_native/host_gnu/zephyr-course_ram/tests/ring_buf/homework.unit.ring_buf/zephyr/include/generated/zephyr/syscalls/kernel.h
(DEBUG) Check if /home/rodrigo/zephyr-course_ram/twister-out/native_sim_native/host_gnu/zephyr-course_ram/tests/ring_buf/homework.unit.ring_buf/zephyr/include/generated/zephyr/syscalls/kernel.h is included (source file)...
(DEBUG) --> File is excluded.
(DEBUG) Check if /home/rodrigo/zephyr-course_ram/twister-out/arch.h##239ee5cbaf1f4f5309f62049e6f0de61.gcov is included (trace)...
(DEBUG) --> File is excluded.
(DEBUG) Finding source file corresponding to a gcov data file
  gcov_fname   /home/rodrigo/zephyr-course_ram/twister-out/arch.h##239ee5cbaf1f4f5309f62049e6f0de61.gcov
  current_dir  /home/rodrigo/zephyr-course_ram/twister-out
  root         /home/rodrigo/zephyr-course_ram/app/modules/ring_buf
  starting_dir /home/rodrigo/zephyr-course_ram
  obj_dir      /home/rodrigo/zephyr-course_ram/twister-out
  gcda_fname   native_sim_native/host_gnu/zephyr-course_ram/tests/ring_buf/homework.unit.ring_buf/zephyr/kernel/CMakeFiles/kernel.dir/work.c.gcno
  --> fname    /home/rodrigo/zephyrproject/zephyr/include/zephyr/arch/posix/arch.h
(DEBUG) Check if /home/rodrigo/zephyrproject/zephyr/include/zephyr/arch/posix/arch.h is included (source file)...
(DEBUG) --> File is excluded.
(DEBUG) Check if /home/rodrigo/zephyr-course_ram/twister-out/slist.h##48084af0c7a478624712e6629c6036ca.gcov is included (trace)...
(DEBUG) --> File is excluded.
(DEBUG) Finding source file corresponding to a gcov data file
  gcov_fname   /home/rodrigo/zephyr-course_ram/twister-out/slist.h##48084af0c7a478624712e6629c6036ca.gcov
  current_dir  /home/rodrigo/zephyr-course_ram/twister-out
  root         /home/rodrigo/zephyr-course_ram/app/modules/ring_buf
  starting_dir /home/rodrigo/zephyr-course_ram
  obj_dir      /home/rodrigo/zephyr-course_ram/twister-out
  gcda_fname   native_sim_native/host_gnu/zephyr-course_ram/tests/ring_buf/homework.unit.ring_buf/zephyr/kernel/CMakeFiles/kernel.dir/work.c.gcno
  --> fname    /home/rodrigo/zephyrproject/zephyr/include/zephyr/sys/slist.h
(DEBUG) Check if /home/rodrigo/zephyrproject/zephyr/include/zephyr/sys/slist.h is included (source file)...
(DEBUG) --> File is excluded.
(DEBUG) Check if /home/rodrigo/zephyr-course_ram/twister-out/dlist.h##3219a21b45bb2c61f5ea102d5482e32e.gcov is included (trace)...
(DEBUG) --> File is excluded.
(DEBUG) Finding source file corresponding to a gcov data file
  gcov_fname   /home/rodrigo/zephyr-course_ram/twister-out/dlist.h##3219a21b45bb2c61f5ea102d5482e32e.gcov
  current_dir  /home/rodrigo/zephyr-course_ram/twister-out
  root         /home/rodrigo/zephyr-course_ram/app/modules/ring_buf
  starting_dir /home/rodrigo/zephyr-course_ram
  obj_dir      /home/rodrigo/zephyr-course_ram/twister-out
  gcda_fname   native_sim_native/host_gnu/zephyr-course_ram/tests/ring_buf/homework.unit.ring_buf/zephyr/kernel/CMakeFiles/kernel.dir/work.c.gcno
  --> fname    /home/rodrigo/zephyrproject/zephyr/include/zephyr/sys/dlist.h
(DEBUG) Check if /home/rodrigo/zephyrproject/zephyr/include/zephyr/sys/dlist.h is included (source file)...
(DEBUG) --> File is excluded.
(DEBUG) Check if /home/rodrigo/zephyr-course_ram/twister-out/spinlock.h##d84264fdde7bca8b949809fef8cbefdd.gcov is included (trace)...
(DEBUG) --> File is excluded.
(DEBUG) Finding source file corresponding to a gcov data file
  gcov_fname   /home/rodrigo/zephyr-course_ram/twister-out/spinlock.h##d84264fdde7bca8b949809fef8cbefdd.gcov
  current_dir  /home/rodrigo/zephyr-course_ram/twister-out
  root         /home/rodrigo/zephyr-course_ram/app/modules/ring_buf
  starting_dir /home/rodrigo/zephyr-course_ram
  obj_dir      /home/rodrigo/zephyr-course_ram/twister-out
  gcda_fname   native_sim_native/host_gnu/zephyr-course_ram/tests/ring_buf/homework.unit.ring_buf/zephyr/kernel/CMakeFiles/kernel.dir/work.c.gcno
  --> fname    /home/rodrigo/zephyrproject/zephyr/include/zephyr/spinlock.h
(DEBUG) Check if /home/rodrigo/zephyrproject/zephyr/include/zephyr/spinlock.h is included (source file)...
(DEBUG) --> File is excluded.
(DEBUG) Check if /home/rodrigo/zephyr-course_ram/twister-out/native_sim_native/host_gnu/zephyr-course_ram/tests/ring_buf/homework.unit.ring_buf/zephyr/lib/heap/CMakeFiles/heap_constants.dir/heap_constants.c.gcno is included (trace)...
(DEBUG)   No filter matched.
(DEBUG) --> File is excluded.
(DEBUG) Check if /home/rodrigo/zephyr-course_ram/twister-out/native_sim_native/host_gnu/zephyr-course_ram/tests/ring_buf/homework.unit.ring_buf/zephyr/lib/heap/CMakeFiles/heap_constants.dir/heap_constants.c.gcno is included (trace)...
(DEBUG) --> File is excluded.
(DEBUG) Check if heap_constants.c##f481454dc02d1c9640bc18dc20156d19.gcov is included (gcov file)...
(DEBUG)   Filter AlwaysMatchFilter() matched.
(DEBUG) --> File is included.
(DEBUG) Check if /home/rodrigo/zephyr-course_ram/twister-out/heap_constants.c##f481454dc02d1c9640bc18dc20156d19.gcov is included (trace)...
(DEBUG)   No filter matched.
(DEBUG) --> File is excluded.
(DEBUG) Finding source file corresponding to a gcov data file
  gcov_fname   /home/rodrigo/zephyr-course_ram/twister-out/heap_constants.c##f481454dc02d1c9640bc18dc20156d19.gcov
  current_dir  /home/rodrigo/zephyr-course_ram/twister-out
  root         /home/rodrigo/zephyr-course_ram/app/modules/ring_buf
  starting_dir /home/rodrigo/zephyr-course_ram
  obj_dir      /home/rodrigo/zephyr-course_ram/twister-out
  gcda_fname   native_sim_native/host_gnu/zephyr-course_ram/tests/ring_buf/homework.unit.ring_buf/zephyr/lib/heap/CMakeFiles/heap_constants.dir/heap_constants.c.gcno
  --> fname    /home/rodrigo/zephyrproject/zephyr/lib/heap/heap_constants.c
(DEBUG) Check if /home/rodrigo/zephyrproject/zephyr/lib/heap/heap_constants.c is included (source file)...
(DEBUG)   No filter matched.
(DEBUG) --> File is excluded.
(DEBUG) Check if /home/rodrigo/zephyr-course_ram/twister-out/native_sim_native/host_gnu/zephyr-course_ram/tests/ring_buf/homework.unit.ring_buf/zephyr/soc/soc/native/CMakeFiles/soc__native__inf_clock.dir/native_remap.c.gcda is included (trace)...
(DEBUG)   No filter matched.
(DEBUG) --> File is excluded.
(DEBUG) Check if /home/rodrigo/zephyr-course_ram/twister-out/native_sim_native/host_gnu/zephyr-course_ram/tests/ring_buf/homework.unit.ring_buf/zephyr/soc/soc/native/CMakeFiles/soc__native__inf_clock.dir/native_remap.c.gcda is included (trace)...
(DEBUG) --> File is excluded.
(DEBUG) Check if native_remap.c##d99b290000e0b12059a3e969860ab72b.gcov is included (gcov file)...
(DEBUG)   Filter AlwaysMatchFilter() matched.
(DEBUG) --> File is included.
(DEBUG) Check if /home/rodrigo/zephyr-course_ram/twister-out/native_remap.c##d99b290000e0b12059a3e969860ab72b.gcov is included (trace)...
(DEBUG)   No filter matched.
(DEBUG) --> File is excluded.
(DEBUG) Finding source file corresponding to a gcov data file
  gcov_fname   /home/rodrigo/zephyr-course_ram/twister-out/native_remap.c##d99b290000e0b12059a3e969860ab72b.gcov
  current_dir  /home/rodrigo/zephyr-course_ram/twister-out
  root         /home/rodrigo/zephyr-course_ram/app/modules/ring_buf
  starting_dir /home/rodrigo/zephyr-course_ram
  obj_dir      /home/rodrigo/zephyr-course_ram/twister-out
  gcda_fname   native_sim_native/host_gnu/zephyr-course_ram/tests/ring_buf/homework.unit.ring_buf/zephyr/soc/soc/native/CMakeFiles/soc__native__inf_clock.dir/native_remap.c.gcda
  --> fname    /home/rodrigo/zephyrproject/zephyr/soc/native/inf_clock/native_remap.c
(DEBUG) Check if /home/rodrigo/zephyrproject/zephyr/soc/native/inf_clock/native_remap.c is included (source file)...
(DEBUG)   No filter matched.
(DEBUG) --> File is excluded.
(DEBUG) Check if /home/rodrigo/zephyr-course_ram/twister-out/native_sim_native/host_gnu/zephyr-course_ram/tests/ring_buf/homework.unit.ring_buf/zephyr/soc/soc/native/CMakeFiles/soc__native__inf_clock.dir/native_tasks.c.gcda is included (trace)...
(DEBUG)   No filter matched.
(DEBUG) --> File is excluded.
(DEBUG) Check if /home/rodrigo/zephyr-course_ram/twister-out/native_sim_native/host_gnu/zephyr-course_ram/tests/ring_buf/homework.unit.ring_buf/zephyr/soc/soc/native/CMakeFiles/soc__native__inf_clock.dir/native_tasks.c.gcda is included (trace)...
(DEBUG) --> File is excluded.
(DEBUG) Check if native_tasks.c##9fe0a315adea2ebeb5cd1e568fd7bae2.gcov is included (gcov file)...
(DEBUG)   Filter AlwaysMatchFilter() matched.
(DEBUG) --> File is included.
(DEBUG) Check if /home/rodrigo/zephyr-course_ram/twister-out/native_tasks.c##9fe0a315adea2ebeb5cd1e568fd7bae2.gcov is included (trace)...
(DEBUG)   No filter matched.
(DEBUG) --> File is excluded.
(DEBUG) Finding source file corresponding to a gcov data file
  gcov_fname   /home/rodrigo/zephyr-course_ram/twister-out/native_tasks.c##9fe0a315adea2ebeb5cd1e568fd7bae2.gcov
  current_dir  /home/rodrigo/zephyr-course_ram/twister-out
  root         /home/rodrigo/zephyr-course_ram/app/modules/ring_buf
  starting_dir /home/rodrigo/zephyr-course_ram
  obj_dir      /home/rodrigo/zephyr-course_ram/twister-out
  gcda_fname   native_sim_native/host_gnu/zephyr-course_ram/tests/ring_buf/homework.unit.ring_buf/zephyr/soc/soc/native/CMakeFiles/soc__native__inf_clock.dir/native_tasks.c.gcda
  --> fname    /home/rodrigo/zephyrproject/zephyr/soc/native/inf_clock/native_tasks.c
(DEBUG) Check if /home/rodrigo/zephyrproject/zephyr/soc/native/inf_clock/native_tasks.c is included (source file)...
(DEBUG)   No filter matched.
(DEBUG) --> File is excluded.
(DEBUG) Check if /home/rodrigo/zephyr-course_ram/twister-out/native_sim_native/host_gnu/zephyr-course_ram/tests/ring_buf/homework.unit.ring_buf/zephyr/soc/soc/native/CMakeFiles/soc__native__inf_clock.dir/soc.c.gcda is included (trace)...
(DEBUG)   No filter matched.
(DEBUG) --> File is excluded.
(DEBUG) Check if /home/rodrigo/zephyr-course_ram/twister-out/native_sim_native/host_gnu/zephyr-course_ram/tests/ring_buf/homework.unit.ring_buf/zephyr/soc/soc/native/CMakeFiles/soc__native__inf_clock.dir/soc.c.gcda is included (trace)...
(DEBUG) --> File is excluded.
(DEBUG) Check if soc.c##af06bd7345d4fdc982b3e68c78b758bc.gcov is included (gcov file)...
(DEBUG)   Filter AlwaysMatchFilter() matched.
(DEBUG) --> File is included.
(DEBUG) Check if /home/rodrigo/zephyr-course_ram/twister-out/soc.c##af06bd7345d4fdc982b3e68c78b758bc.gcov is included (trace)...
(DEBUG)   No filter matched.
(DEBUG) --> File is excluded.
(DEBUG) Finding source file corresponding to a gcov data file
  gcov_fname   /home/rodrigo/zephyr-course_ram/twister-out/soc.c##af06bd7345d4fdc982b3e68c78b758bc.gcov
  current_dir  /home/rodrigo/zephyr-course_ram/twister-out
  root         /home/rodrigo/zephyr-course_ram/app/modules/ring_buf
  starting_dir /home/rodrigo/zephyr-course_ram
  obj_dir      /home/rodrigo/zephyr-course_ram/twister-out
  gcda_fname   native_sim_native/host_gnu/zephyr-course_ram/tests/ring_buf/homework.unit.ring_buf/zephyr/soc/soc/native/CMakeFiles/soc__native__inf_clock.dir/soc.c.gcda
  --> fname    /home/rodrigo/zephyrproject/zephyr/soc/native/inf_clock/soc.c
(DEBUG) Check if /home/rodrigo/zephyrproject/zephyr/soc/native/inf_clock/soc.c is included (source file)...
(DEBUG)   No filter matched.
(DEBUG) --> File is excluded.
(DEBUG) Check if /home/rodrigo/zephyr-course_ram/twister-out/native_sim_native/host_gnu/zephyr-course_ram/tests/ring_buf/homework.unit.ring_buf/zephyr/subsys/random/CMakeFiles/subsys__random.dir/random_test_csprng.c.gcda is included (trace)...
(DEBUG)   No filter matched.
(DEBUG) --> File is excluded.
(DEBUG) Check if /home/rodrigo/zephyr-course_ram/twister-out/native_sim_native/host_gnu/zephyr-course_ram/tests/ring_buf/homework.unit.ring_buf/zephyr/subsys/random/CMakeFiles/subsys__random.dir/random_test_csprng.c.gcda is included (trace)...
(DEBUG) --> File is excluded.
(DEBUG) Check if random_test_csprng.c##b9c2c1bd5e15bf18b3686a4b55cce730.gcov is included (gcov file)...
(DEBUG)   Filter AlwaysMatchFilter() matched.
(DEBUG) --> File is included.
(DEBUG) Check if random.h##96f88b45234307e0bf090953dbb7a1c1.gcov is included (gcov file)...
(DEBUG)   Filter AlwaysMatchFilter() matched.
(DEBUG) --> File is included.
(DEBUG) Check if /home/rodrigo/zephyr-course_ram/twister-out/random_test_csprng.c##b9c2c1bd5e15bf18b3686a4b55cce730.gcov is included (trace)...
(DEBUG)   No filter matched.
(DEBUG) --> File is excluded.
(DEBUG) Finding source file corresponding to a gcov data file
  gcov_fname   /home/rodrigo/zephyr-course_ram/twister-out/random_test_csprng.c##b9c2c1bd5e15bf18b3686a4b55cce730.gcov
  current_dir  /home/rodrigo/zephyr-course_ram/twister-out
  root         /home/rodrigo/zephyr-course_ram/app/modules/ring_buf
  starting_dir /home/rodrigo/zephyr-course_ram
  obj_dir      /home/rodrigo/zephyr-course_ram/twister-out
  gcda_fname   native_sim_native/host_gnu/zephyr-course_ram/tests/ring_buf/homework.unit.ring_buf/zephyr/subsys/random/CMakeFiles/subsys__random.dir/random_test_csprng.c.gcda
  --> fname    /home/rodrigo/zephyrproject/zephyr/subsys/random/random_test_csprng.c
(DEBUG) Check if /home/rodrigo/zephyrproject/zephyr/subsys/random/random_test_csprng.c is included (source file)...
(DEBUG)   No filter matched.
(DEBUG) --> File is excluded.
(DEBUG) Check if /home/rodrigo/zephyr-course_ram/twister-out/random.h##96f88b45234307e0bf090953dbb7a1c1.gcov is included (trace)...
(DEBUG)   No filter matched.
(DEBUG) --> File is excluded.
(DEBUG) Finding source file corresponding to a gcov data file
  gcov_fname   /home/rodrigo/zephyr-course_ram/twister-out/random.h##96f88b45234307e0bf090953dbb7a1c1.gcov
  current_dir  /home/rodrigo/zephyr-course_ram/twister-out
  root         /home/rodrigo/zephyr-course_ram/app/modules/ring_buf
  starting_dir /home/rodrigo/zephyr-course_ram
  obj_dir      /home/rodrigo/zephyr-course_ram/twister-out
  gcda_fname   native_sim_native/host_gnu/zephyr-course_ram/tests/ring_buf/homework.unit.ring_buf/zephyr/subsys/random/CMakeFiles/subsys__random.dir/random_test_csprng.c.gcda
  --> fname    /home/rodrigo/zephyr-course_ram/twister-out/native_sim_native/host_gnu/zephyr-course_ram/tests/ring_buf/homework.unit.ring_buf/zephyr/include/generated/zephyr/syscalls/random.h
(DEBUG) Check if /home/rodrigo/zephyr-course_ram/twister-out/native_sim_native/host_gnu/zephyr-course_ram/tests/ring_buf/homework.unit.ring_buf/zephyr/include/generated/zephyr/syscalls/random.h is included (source file)...
(DEBUG)   No filter matched.
(DEBUG) --> File is excluded.
(DEBUG) Check if /home/rodrigo/zephyr-course_ram/twister-out/native_sim_native/host_gnu/zephyr-course_ram/tests/ring_buf/homework.unit.ring_buf/zephyr/subsys/random/CMakeFiles/subsys__random.dir/random_timer.c.gcda is included (trace)...
(DEBUG)   No filter matched.
(DEBUG) --> File is excluded.
(DEBUG) Check if /home/rodrigo/zephyr-course_ram/twister-out/native_sim_native/host_gnu/zephyr-course_ram/tests/ring_buf/homework.unit.ring_buf/zephyr/subsys/random/CMakeFiles/subsys__random.dir/random_timer.c.gcda is included (trace)...
(DEBUG) --> File is excluded.
(DEBUG) Check if random_timer.c##6d9c80f0b79c253fab23f77e5a8dddc5.gcov is included (gcov file)...
(DEBUG)   Filter AlwaysMatchFilter() matched.
(DEBUG) --> File is included.
(DEBUG) Check if kernel.h##2d3fbe341137ae796abdfaeb5a853926.gcov is included (gcov file)...
(DEBUG) --> File is included.
(DEBUG) Check if spinlock.h##d84264fdde7bca8b949809fef8cbefdd.gcov is included (gcov file)...
(DEBUG) --> File is included.
(DEBUG) Check if arch.h##239ee5cbaf1f4f5309f62049e6f0de61.gcov is included (gcov file)...
(DEBUG) --> File is included.
(DEBUG) Check if /home/rodrigo/zephyr-course_ram/twister-out/arch.h##239ee5cbaf1f4f5309f62049e6f0de61.gcov is included (trace)...
(DEBUG) --> File is excluded.
(DEBUG) Finding source file corresponding to a gcov data file
  gcov_fname   /home/rodrigo/zephyr-course_ram/twister-out/arch.h##239ee5cbaf1f4f5309f62049e6f0de61.gcov
  current_dir  /home/rodrigo/zephyr-course_ram/twister-out
  root         /home/rodrigo/zephyr-course_ram/app/modules/ring_buf
  starting_dir /home/rodrigo/zephyr-course_ram
  obj_dir      /home/rodrigo/zephyr-course_ram/twister-out
  gcda_fname   native_sim_native/host_gnu/zephyr-course_ram/tests/ring_buf/homework.unit.ring_buf/zephyr/subsys/random/CMakeFiles/subsys__random.dir/random_timer.c.gcda
  --> fname    /home/rodrigo/zephyrproject/zephyr/include/zephyr/arch/posix/arch.h
(DEBUG) Check if /home/rodrigo/zephyrproject/zephyr/include/zephyr/arch/posix/arch.h is included (source file)...
(DEBUG) --> File is excluded.
(DEBUG) Check if /home/rodrigo/zephyr-course_ram/twister-out/kernel.h##2d3fbe341137ae796abdfaeb5a853926.gcov is included (trace)...
(DEBUG) --> File is excluded.
(DEBUG) Finding source file corresponding to a gcov data file
  gcov_fname   /home/rodrigo/zephyr-course_ram/twister-out/kernel.h##2d3fbe341137ae796abdfaeb5a853926.gcov
  current_dir  /home/rodrigo/zephyr-course_ram/twister-out
  root         /home/rodrigo/zephyr-course_ram/app/modules/ring_buf
  starting_dir /home/rodrigo/zephyr-course_ram
  obj_dir      /home/rodrigo/zephyr-course_ram/twister-out
  gcda_fname   native_sim_native/host_gnu/zephyr-course_ram/tests/ring_buf/homework.unit.ring_buf/zephyr/subsys/random/CMakeFiles/subsys__random.dir/random_timer.c.gcda
  --> fname    /home/rodrigo/zephyrproject/zephyr/include/zephyr/kernel.h
(DEBUG) Check if /home/rodrigo/zephyrproject/zephyr/include/zephyr/kernel.h is included (source file)...
(DEBUG) --> File is excluded.
(DEBUG) Check if /home/rodrigo/zephyr-course_ram/twister-out/random_timer.c##6d9c80f0b79c253fab23f77e5a8dddc5.gcov is included (trace)...
(DEBUG)   No filter matched.
(DEBUG) --> File is excluded.
(DEBUG) Finding source file corresponding to a gcov data file
  gcov_fname   /home/rodrigo/zephyr-course_ram/twister-out/random_timer.c##6d9c80f0b79c253fab23f77e5a8dddc5.gcov
  current_dir  /home/rodrigo/zephyr-course_ram/twister-out
  root         /home/rodrigo/zephyr-course_ram/app/modules/ring_buf
  starting_dir /home/rodrigo/zephyr-course_ram
  obj_dir      /home/rodrigo/zephyr-course_ram/twister-out
  gcda_fname   native_sim_native/host_gnu/zephyr-course_ram/tests/ring_buf/homework.unit.ring_buf/zephyr/subsys/random/CMakeFiles/subsys__random.dir/random_timer.c.gcda
  --> fname    /home/rodrigo/zephyrproject/zephyr/subsys/random/random_timer.c
(DEBUG) Check if /home/rodrigo/zephyrproject/zephyr/subsys/random/random_timer.c is included (source file)...
(DEBUG)   No filter matched.
(DEBUG) --> File is excluded.
(DEBUG) Check if /home/rodrigo/zephyr-course_ram/twister-out/spinlock.h##d84264fdde7bca8b949809fef8cbefdd.gcov is included (trace)...
(DEBUG) --> File is excluded.
(DEBUG) Finding source file corresponding to a gcov data file
  gcov_fname   /home/rodrigo/zephyr-course_ram/twister-out/spinlock.h##d84264fdde7bca8b949809fef8cbefdd.gcov
  current_dir  /home/rodrigo/zephyr-course_ram/twister-out
  root         /home/rodrigo/zephyr-course_ram/app/modules/ring_buf
  starting_dir /home/rodrigo/zephyr-course_ram
  obj_dir      /home/rodrigo/zephyr-course_ram/twister-out
  gcda_fname   native_sim_native/host_gnu/zephyr-course_ram/tests/ring_buf/homework.unit.ring_buf/zephyr/subsys/random/CMakeFiles/subsys__random.dir/random_timer.c.gcda
  --> fname    /home/rodrigo/zephyrproject/zephyr/include/zephyr/spinlock.h
(DEBUG) Check if /home/rodrigo/zephyrproject/zephyr/include/zephyr/spinlock.h is included (source file)...
(DEBUG) --> File is excluded.
(DEBUG) Check if /home/rodrigo/zephyr-course_ram/twister-out/native_sim_native/host_gnu/zephyr-course_ram/tests/ring_buf/homework.unit.ring_buf/zephyr/subsys/testsuite/ztest/CMakeFiles/subsys__testsuite__ztest.dir/src/ztest.c.gcda is included (trace)...
(DEBUG)   No filter matched.
(DEBUG) --> File is excluded.
(DEBUG) Check if /home/rodrigo/zephyr-course_ram/twister-out/native_sim_native/host_gnu/zephyr-course_ram/tests/ring_buf/homework.unit.ring_buf/zephyr/subsys/testsuite/ztest/CMakeFiles/subsys__testsuite__ztest.dir/src/ztest.c.gcda is included (trace)...
(DEBUG) --> File is excluded.
(DEBUG) Check if ztest.c##a52cb00b7b43b380add9bbf18295f671.gcov is included (gcov file)...
(DEBUG)   Filter AlwaysMatchFilter() matched.
(DEBUG) --> File is included.
(DEBUG) Check if random.h##96f88b45234307e0bf090953dbb7a1c1.gcov is included (gcov file)...
(DEBUG) --> File is included.
(DEBUG) Check if random.h##83c245e8646c6a717d724188b4ea2f22.gcov is included (gcov file)...
(DEBUG)   Filter AlwaysMatchFilter() matched.
(DEBUG) --> File is included.
(DEBUG) Check if ztest_test.h##a0e72ff7c9427e2c7c23d7d7e20f0c54.gcov is included (gcov file)...
(DEBUG)   Filter AlwaysMatchFilter() matched.
(DEBUG) --> File is included.
(DEBUG) Check if log_ctrl.h##2da9817abb95ef06e14010bef9dae56e.gcov is included (gcov file)...
(DEBUG) --> File is included.
(DEBUG) Check if log_ctrl.h##f9b30b78031934c4cdc27e3bf6e093fa.gcov is included (gcov file)...
(DEBUG)   Filter AlwaysMatchFilter() matched.
(DEBUG) --> File is included.
(DEBUG) Check if tc_util.h##e4500a9e59fd2c60124609c42eb9b964.gcov is included (gcov file)...
(DEBUG)   Filter AlwaysMatchFilter() matched.
(DEBUG) --> File is included.
(DEBUG) Check if kernel.h##33e25e586cdfb0cc7078a38f16ec62da.gcov is included (gcov file)...
(DEBUG) --> File is included.
(DEBUG) Check if kernel.h##2d3fbe341137ae796abdfaeb5a853926.gcov is included (gcov file)...
(DEBUG) --> File is included.
(DEBUG) Check if kobject.h##1987ad84ad10c87daf5cf55572a0710d.gcov is included (gcov file)...
(DEBUG)   Filter AlwaysMatchFilter() matched.
(DEBUG) --> File is included.
(DEBUG) Check if kobject.h##c18d17e2704cb1bd18004c4873aeed4a.gcov is included (gcov file)...
(DEBUG)   Filter AlwaysMatchFilter() matched.
(DEBUG) --> File is included.
(DEBUG) Check if arch.h##239ee5cbaf1f4f5309f62049e6f0de61.gcov is included (gcov file)...
(DEBUG) --> File is included.
(DEBUG) Check if syscall.h##f78b8447055080e06b9c6a9c432569e6.gcov is included (gcov file)...
(DEBUG) --> File is included.
(DEBUG) Check if /home/rodrigo/zephyr-course_ram/twister-out/ztest.c##a52cb00b7b43b380add9bbf18295f671.gcov is included (trace)...
(DEBUG)   No filter matched.
(DEBUG) --> File is excluded.
(DEBUG) Finding source file corresponding to a gcov data file
  gcov_fname   /home/rodrigo/zephyr-course_ram/twister-out/ztest.c##a52cb00b7b43b380add9bbf18295f671.gcov
  current_dir  /home/rodrigo/zephyr-course_ram/twister-out
  root         /home/rodrigo/zephyr-course_ram/app/modules/ring_buf
  starting_dir /home/rodrigo/zephyr-course_ram
  obj_dir      /home/rodrigo/zephyr-course_ram/twister-out
  gcda_fname   native_sim_native/host_gnu/zephyr-course_ram/tests/ring_buf/homework.unit.ring_buf/zephyr/subsys/testsuite/ztest/CMakeFiles/subsys__testsuite__ztest.dir/src/ztest.c.gcda
  --> fname    /home/rodrigo/zephyrproject/zephyr/subsys/testsuite/ztest/src/ztest.c
(DEBUG) Check if /home/rodrigo/zephyrproject/zephyr/subsys/testsuite/ztest/src/ztest.c is included (source file)...
(DEBUG)   No filter matched.
(DEBUG) --> File is excluded.
(DEBUG) Check if /home/rodrigo/zephyr-course_ram/twister-out/kernel.h##2d3fbe341137ae796abdfaeb5a853926.gcov is included (trace)...
(DEBUG) --> File is excluded.
(DEBUG) Finding source file corresponding to a gcov data file
  gcov_fname   /home/rodrigo/zephyr-course_ram/twister-out/kernel.h##2d3fbe341137ae796abdfaeb5a853926.gcov
  current_dir  /home/rodrigo/zephyr-course_ram/twister-out
  root         /home/rodrigo/zephyr-course_ram/app/modules/ring_buf
  starting_dir /home/rodrigo/zephyr-course_ram
  obj_dir      /home/rodrigo/zephyr-course_ram/twister-out
  gcda_fname   native_sim_native/host_gnu/zephyr-course_ram/tests/ring_buf/homework.unit.ring_buf/zephyr/subsys/testsuite/ztest/CMakeFiles/subsys__testsuite__ztest.dir/src/ztest.c.gcda
  --> fname    /home/rodrigo/zephyrproject/zephyr/include/zephyr/kernel.h
(DEBUG) Check if /home/rodrigo/zephyrproject/zephyr/include/zephyr/kernel.h is included (source file)...
(DEBUG) --> File is excluded.
(DEBUG) Check if /home/rodrigo/zephyr-course_ram/twister-out/kobject.h##c18d17e2704cb1bd18004c4873aeed4a.gcov is included (trace)...
(DEBUG)   No filter matched.
(DEBUG) --> File is excluded.
(DEBUG) Finding source file corresponding to a gcov data file
  gcov_fname   /home/rodrigo/zephyr-course_ram/twister-out/kobject.h##c18d17e2704cb1bd18004c4873aeed4a.gcov
  current_dir  /home/rodrigo/zephyr-course_ram/twister-out
  root         /home/rodrigo/zephyr-course_ram/app/modules/ring_buf
  starting_dir /home/rodrigo/zephyr-course_ram
  obj_dir      /home/rodrigo/zephyr-course_ram/twister-out
  gcda_fname   native_sim_native/host_gnu/zephyr-course_ram/tests/ring_buf/homework.unit.ring_buf/zephyr/subsys/testsuite/ztest/CMakeFiles/subsys__testsuite__ztest.dir/src/ztest.c.gcda
  --> fname    /home/rodrigo/zephyrproject/zephyr/include/zephyr/sys/kobject.h
(DEBUG) Check if /home/rodrigo/zephyrproject/zephyr/include/zephyr/sys/kobject.h is included (source file)...
(DEBUG)   No filter matched.
(DEBUG) --> File is excluded.
(DEBUG) Check if /home/rodrigo/zephyr-course_ram/twister-out/log_ctrl.h##f9b30b78031934c4cdc27e3bf6e093fa.gcov is included (trace)...
(DEBUG)   No filter matched.
(DEBUG) --> File is excluded.
(DEBUG) Finding source file corresponding to a gcov data file
  gcov_fname   /home/rodrigo/zephyr-course_ram/twister-out/log_ctrl.h##f9b30b78031934c4cdc27e3bf6e093fa.gcov
  current_dir  /home/rodrigo/zephyr-course_ram/twister-out
  root         /home/rodrigo/zephyr-course_ram/app/modules/ring_buf
  starting_dir /home/rodrigo/zephyr-course_ram
  obj_dir      /home/rodrigo/zephyr-course_ram/twister-out
  gcda_fname   native_sim_native/host_gnu/zephyr-course_ram/tests/ring_buf/homework.unit.ring_buf/zephyr/subsys/testsuite/ztest/CMakeFiles/subsys__testsuite__ztest.dir/src/ztest.c.gcda
  --> fname    /home/rodrigo/zephyrproject/zephyr/include/zephyr/logging/log_ctrl.h
(DEBUG) Check if /home/rodrigo/zephyrproject/zephyr/include/zephyr/logging/log_ctrl.h is included (source file)...
(DEBUG)   No filter matched.
(DEBUG) --> File is excluded.
(DEBUG) Check if /home/rodrigo/zephyr-course_ram/twister-out/tc_util.h##e4500a9e59fd2c60124609c42eb9b964.gcov is included (trace)...
(DEBUG)   No filter matched.
(DEBUG) --> File is excluded.
(DEBUG) Finding source file corresponding to a gcov data file
  gcov_fname   /home/rodrigo/zephyr-course_ram/twister-out/tc_util.h##e4500a9e59fd2c60124609c42eb9b964.gcov
  current_dir  /home/rodrigo/zephyr-course_ram/twister-out
  root         /home/rodrigo/zephyr-course_ram/app/modules/ring_buf
  starting_dir /home/rodrigo/zephyr-course_ram
  obj_dir      /home/rodrigo/zephyr-course_ram/twister-out
  gcda_fname   native_sim_native/host_gnu/zephyr-course_ram/tests/ring_buf/homework.unit.ring_buf/zephyr/subsys/testsuite/ztest/CMakeFiles/subsys__testsuite__ztest.dir/src/ztest.c.gcda
  --> fname    /home/rodrigo/zephyrproject/zephyr/subsys/testsuite/include/zephyr/tc_util.h
(DEBUG) Check if /home/rodrigo/zephyrproject/zephyr/subsys/testsuite/include/zephyr/tc_util.h is included (source file)...
(DEBUG)   No filter matched.
(DEBUG) --> File is excluded.
(DEBUG) Check if /home/rodrigo/zephyr-course_ram/twister-out/kernel.h##33e25e586cdfb0cc7078a38f16ec62da.gcov is included (trace)...
(DEBUG) --> File is excluded.
(DEBUG) Finding source file corresponding to a gcov data file
  gcov_fname   /home/rodrigo/zephyr-course_ram/twister-out/kernel.h##33e25e586cdfb0cc7078a38f16ec62da.gcov
  current_dir  /home/rodrigo/zephyr-course_ram/twister-out
  root         /home/rodrigo/zephyr-course_ram/app/modules/ring_buf
  starting_dir /home/rodrigo/zephyr-course_ram
  obj_dir      /home/rodrigo/zephyr-course_ram/twister-out
  gcda_fname   native_sim_native/host_gnu/zephyr-course_ram/tests/ring_buf/homework.unit.ring_buf/zephyr/subsys/testsuite/ztest/CMakeFiles/subsys__testsuite__ztest.dir/src/ztest.c.gcda
  --> fname    /home/rodrigo/zephyr-course_ram/twister-out/native_sim_native/host_gnu/zephyr-course_ram/tests/ring_buf/homework.unit.ring_buf/zephyr/include/generated/zephyr/syscalls/kernel.h
(DEBUG) Check if /home/rodrigo/zephyr-course_ram/twister-out/native_sim_native/host_gnu/zephyr-course_ram/tests/ring_buf/homework.unit.ring_buf/zephyr/include/generated/zephyr/syscalls/kernel.h is included (source file)...
(DEBUG) --> File is excluded.
(DEBUG) Check if /home/rodrigo/zephyr-course_ram/twister-out/kobject.h##1987ad84ad10c87daf5cf55572a0710d.gcov is included (trace)...
(DEBUG)   No filter matched.
(DEBUG) --> File is excluded.
(DEBUG) Finding source file corresponding to a gcov data file
  gcov_fname   /home/rodrigo/zephyr-course_ram/twister-out/kobject.h##1987ad84ad10c87daf5cf55572a0710d.gcov
  current_dir  /home/rodrigo/zephyr-course_ram/twister-out
  root         /home/rodrigo/zephyr-course_ram/app/modules/ring_buf
  starting_dir /home/rodrigo/zephyr-course_ram
  obj_dir      /home/rodrigo/zephyr-course_ram/twister-out
  gcda_fname   native_sim_native/host_gnu/zephyr-course_ram/tests/ring_buf/homework.unit.ring_buf/zephyr/subsys/testsuite/ztest/CMakeFiles/subsys__testsuite__ztest.dir/src/ztest.c.gcda
  --> fname    /home/rodrigo/zephyr-course_ram/twister-out/native_sim_native/host_gnu/zephyr-course_ram/tests/ring_buf/homework.unit.ring_buf/zephyr/include/generated/zephyr/syscalls/kobject.h
(DEBUG) Check if /home/rodrigo/zephyr-course_ram/twister-out/native_sim_native/host_gnu/zephyr-course_ram/tests/ring_buf/homework.unit.ring_buf/zephyr/include/generated/zephyr/syscalls/kobject.h is included (source file)...
(DEBUG)   No filter matched.
(DEBUG) --> File is excluded.
(DEBUG) Check if /home/rodrigo/zephyr-course_ram/twister-out/ztest_test.h##a0e72ff7c9427e2c7c23d7d7e20f0c54.gcov is included (trace)...
(DEBUG)   No filter matched.
(DEBUG) --> File is excluded.
(DEBUG) Finding source file corresponding to a gcov data file
  gcov_fname   /home/rodrigo/zephyr-course_ram/twister-out/ztest_test.h##a0e72ff7c9427e2c7c23d7d7e20f0c54.gcov
  current_dir  /home/rodrigo/zephyr-course_ram/twister-out
  root         /home/rodrigo/zephyr-course_ram/app/modules/ring_buf
  starting_dir /home/rodrigo/zephyr-course_ram
  obj_dir      /home/rodrigo/zephyr-course_ram/twister-out
  gcda_fname   native_sim_native/host_gnu/zephyr-course_ram/tests/ring_buf/homework.unit.ring_buf/zephyr/subsys/testsuite/ztest/CMakeFiles/subsys__testsuite__ztest.dir/src/ztest.c.gcda
  --> fname    /home/rodrigo/zephyr-course_ram/twister-out/native_sim_native/host_gnu/zephyr-course_ram/tests/ring_buf/homework.unit.ring_buf/zephyr/include/generated/zephyr/syscalls/ztest_test.h
(DEBUG) Check if /home/rodrigo/zephyr-course_ram/twister-out/native_sim_native/host_gnu/zephyr-course_ram/tests/ring_buf/homework.unit.ring_buf/zephyr/include/generated/zephyr/syscalls/ztest_test.h is included (source file)...
(DEBUG)   No filter matched.
(DEBUG) --> File is excluded.
(DEBUG) Check if /home/rodrigo/zephyr-course_ram/twister-out/random.h##83c245e8646c6a717d724188b4ea2f22.gcov is included (trace)...
(DEBUG)   No filter matched.
(DEBUG) --> File is excluded.
(DEBUG) Finding source file corresponding to a gcov data file
  gcov_fname   /home/rodrigo/zephyr-course_ram/twister-out/random.h##83c245e8646c6a717d724188b4ea2f22.gcov
  current_dir  /home/rodrigo/zephyr-course_ram/twister-out
  root         /home/rodrigo/zephyr-course_ram/app/modules/ring_buf
  starting_dir /home/rodrigo/zephyr-course_ram
  obj_dir      /home/rodrigo/zephyr-course_ram/twister-out
  gcda_fname   native_sim_native/host_gnu/zephyr-course_ram/tests/ring_buf/homework.unit.ring_buf/zephyr/subsys/testsuite/ztest/CMakeFiles/subsys__testsuite__ztest.dir/src/ztest.c.gcda
  --> fname    /home/rodrigo/zephyrproject/zephyr/include/zephyr/random/random.h
(DEBUG) Check if /home/rodrigo/zephyrproject/zephyr/include/zephyr/random/random.h is included (source file)...
(DEBUG)   No filter matched.
(DEBUG) --> File is excluded.
(DEBUG) Check if /home/rodrigo/zephyr-course_ram/twister-out/log_ctrl.h##2da9817abb95ef06e14010bef9dae56e.gcov is included (trace)...
(DEBUG) --> File is excluded.
(DEBUG) Finding source file corresponding to a gcov data file
  gcov_fname   /home/rodrigo/zephyr-course_ram/twister-out/log_ctrl.h##2da9817abb95ef06e14010bef9dae56e.gcov
  current_dir  /home/rodrigo/zephyr-course_ram/twister-out
  root         /home/rodrigo/zephyr-course_ram/app/modules/ring_buf
  starting_dir /home/rodrigo/zephyr-course_ram
  obj_dir      /home/rodrigo/zephyr-course_ram/twister-out
  gcda_fname   native_sim_native/host_gnu/zephyr-course_ram/tests/ring_buf/homework.unit.ring_buf/zephyr/subsys/testsuite/ztest/CMakeFiles/subsys__testsuite__ztest.dir/src/ztest.c.gcda
  --> fname    /home/rodrigo/zephyr-course_ram/twister-out/native_sim_native/host_gnu/zephyr-course_ram/tests/ring_buf/homework.unit.ring_buf/zephyr/include/generated/zephyr/syscalls/log_ctrl.h
(DEBUG) Check if /home/rodrigo/zephyr-course_ram/twister-out/native_sim_native/host_gnu/zephyr-course_ram/tests/ring_buf/homework.unit.ring_buf/zephyr/include/generated/zephyr/syscalls/log_ctrl.h is included (source file)...
(DEBUG) --> File is excluded.
(DEBUG) Check if /home/rodrigo/zephyr-course_ram/twister-out/random.h##96f88b45234307e0bf090953dbb7a1c1.gcov is included (trace)...
(DEBUG) --> File is excluded.
(DEBUG) Finding source file corresponding to a gcov data file
  gcov_fname   /home/rodrigo/zephyr-course_ram/twister-out/random.h##96f88b45234307e0bf090953dbb7a1c1.gcov
  current_dir  /home/rodrigo/zephyr-course_ram/twister-out
  root         /home/rodrigo/zephyr-course_ram/app/modules/ring_buf
  starting_dir /home/rodrigo/zephyr-course_ram
  obj_dir      /home/rodrigo/zephyr-course_ram/twister-out
  gcda_fname   native_sim_native/host_gnu/zephyr-course_ram/tests/ring_buf/homework.unit.ring_buf/zephyr/subsys/testsuite/ztest/CMakeFiles/subsys__testsuite__ztest.dir/src/ztest.c.gcda
  --> fname    /home/rodrigo/zephyr-course_ram/twister-out/native_sim_native/host_gnu/zephyr-course_ram/tests/ring_buf/homework.unit.ring_buf/zephyr/include/generated/zephyr/syscalls/random.h
(DEBUG) Check if /home/rodrigo/zephyr-course_ram/twister-out/native_sim_native/host_gnu/zephyr-course_ram/tests/ring_buf/homework.unit.ring_buf/zephyr/include/generated/zephyr/syscalls/random.h is included (source file)...
(DEBUG) --> File is excluded.
(DEBUG) Check if /home/rodrigo/zephyr-course_ram/twister-out/arch.h##239ee5cbaf1f4f5309f62049e6f0de61.gcov is included (trace)...
(DEBUG) --> File is excluded.
(DEBUG) Finding source file corresponding to a gcov data file
  gcov_fname   /home/rodrigo/zephyr-course_ram/twister-out/arch.h##239ee5cbaf1f4f5309f62049e6f0de61.gcov
  current_dir  /home/rodrigo/zephyr-course_ram/twister-out
  root         /home/rodrigo/zephyr-course_ram/app/modules/ring_buf
  starting_dir /home/rodrigo/zephyr-course_ram
  obj_dir      /home/rodrigo/zephyr-course_ram/twister-out
  gcda_fname   native_sim_native/host_gnu/zephyr-course_ram/tests/ring_buf/homework.unit.ring_buf/zephyr/subsys/testsuite/ztest/CMakeFiles/subsys__testsuite__ztest.dir/src/ztest.c.gcda
  --> fname    /home/rodrigo/zephyrproject/zephyr/include/zephyr/arch/posix/arch.h
(DEBUG) Check if /home/rodrigo/zephyrproject/zephyr/include/zephyr/arch/posix/arch.h is included (source file)...
(DEBUG) --> File is excluded.
(DEBUG) Check if /home/rodrigo/zephyr-course_ram/twister-out/syscall.h##f78b8447055080e06b9c6a9c432569e6.gcov is included (trace)...
(DEBUG) --> File is excluded.
(DEBUG) Finding source file corresponding to a gcov data file
  gcov_fname   /home/rodrigo/zephyr-course_ram/twister-out/syscall.h##f78b8447055080e06b9c6a9c432569e6.gcov
  current_dir  /home/rodrigo/zephyr-course_ram/twister-out
  root         /home/rodrigo/zephyr-course_ram/app/modules/ring_buf
  starting_dir /home/rodrigo/zephyr-course_ram
  obj_dir      /home/rodrigo/zephyr-course_ram/twister-out
  gcda_fname   native_sim_native/host_gnu/zephyr-course_ram/tests/ring_buf/homework.unit.ring_buf/zephyr/subsys/testsuite/ztest/CMakeFiles/subsys__testsuite__ztest.dir/src/ztest.c.gcda
  --> fname    /home/rodrigo/zephyrproject/zephyr/include/zephyr/syscall.h
(DEBUG) Check if /home/rodrigo/zephyrproject/zephyr/include/zephyr/syscall.h is included (source file)...
(DEBUG) --> File is excluded.
(DEBUG) Check if /home/rodrigo/zephyr-course_ram/twister-out/native_sim_native/host_gnu/zephyr-course_ram/tests/ring_buf/homework.unit.ring_buf/zephyr/subsys/testsuite/ztest/CMakeFiles/subsys__testsuite__ztest.dir/src/ztest_error_hook.c.gcno is included (trace)...
(DEBUG)   No filter matched.
(DEBUG) --> File is excluded.
(DEBUG) Check if /home/rodrigo/zephyr-course_ram/twister-out/native_sim_native/host_gnu/zephyr-course_ram/tests/ring_buf/homework.unit.ring_buf/zephyr/subsys/testsuite/ztest/CMakeFiles/subsys__testsuite__ztest.dir/src/ztest_error_hook.c.gcno is included (trace)...
(DEBUG) --> File is excluded.
(DEBUG) Check if /home/rodrigo/zephyr-course_ram/twister-out/native_sim_native/host_gnu/zephyr-course_ram/tests/ring_buf/homework.unit.ring_buf/zephyr/subsys/testsuite/ztest/CMakeFiles/subsys__testsuite__ztest.dir/src/ztest_posix.c.gcda is included (trace)...
(DEBUG)   No filter matched.
(DEBUG) --> File is excluded.
(DEBUG) Check if /home/rodrigo/zephyr-course_ram/twister-out/native_sim_native/host_gnu/zephyr-course_ram/tests/ring_buf/homework.unit.ring_buf/zephyr/subsys/testsuite/ztest/CMakeFiles/subsys__testsuite__ztest.dir/src/ztest_posix.c.gcda is included (trace)...
(DEBUG) --> File is excluded.
(DEBUG) Check if ztest_posix.c##8132dca2ac3edfb5c6d5ee339a6bbea3.gcov is included (gcov file)...
(DEBUG)   Filter AlwaysMatchFilter() matched.
(DEBUG) --> File is included.
(DEBUG) Check if ztest_test.h##a0e72ff7c9427e2c7c23d7d7e20f0c54.gcov is included (gcov file)...
(DEBUG) --> File is included.
(DEBUG) Check if /home/rodrigo/zephyr-course_ram/twister-out/ztest_test.h##a0e72ff7c9427e2c7c23d7d7e20f0c54.gcov is included (trace)...
(DEBUG) --> File is excluded.
(DEBUG) Finding source file corresponding to a gcov data file
  gcov_fname   /home/rodrigo/zephyr-course_ram/twister-out/ztest_test.h##a0e72ff7c9427e2c7c23d7d7e20f0c54.gcov
  current_dir  /home/rodrigo/zephyr-course_ram/twister-out
  root         /home/rodrigo/zephyr-course_ram/app/modules/ring_buf
  starting_dir /home/rodrigo/zephyr-course_ram
  obj_dir      /home/rodrigo/zephyr-course_ram/twister-out
  gcda_fname   native_sim_native/host_gnu/zephyr-course_ram/tests/ring_buf/homework.unit.ring_buf/zephyr/subsys/testsuite/ztest/CMakeFiles/subsys__testsuite__ztest.dir/src/ztest_posix.c.gcda
  --> fname    /home/rodrigo/zephyr-course_ram/twister-out/native_sim_native/host_gnu/zephyr-course_ram/tests/ring_buf/homework.unit.ring_buf/zephyr/include/generated/zephyr/syscalls/ztest_test.h
(DEBUG) Check if /home/rodrigo/zephyr-course_ram/twister-out/native_sim_native/host_gnu/zephyr-course_ram/tests/ring_buf/homework.unit.ring_buf/zephyr/include/generated/zephyr/syscalls/ztest_test.h is included (source file)...
(DEBUG) --> File is excluded.
(DEBUG) Check if /home/rodrigo/zephyr-course_ram/twister-out/ztest_posix.c##8132dca2ac3edfb5c6d5ee339a6bbea3.gcov is included (trace)...
(DEBUG)   No filter matched.
(DEBUG) --> File is excluded.
(DEBUG) Finding source file corresponding to a gcov data file
  gcov_fname   /home/rodrigo/zephyr-course_ram/twister-out/ztest_posix.c##8132dca2ac3edfb5c6d5ee339a6bbea3.gcov
  current_dir  /home/rodrigo/zephyr-course_ram/twister-out
  root         /home/rodrigo/zephyr-course_ram/app/modules/ring_buf
  starting_dir /home/rodrigo/zephyr-course_ram
  obj_dir      /home/rodrigo/zephyr-course_ram/twister-out
  gcda_fname   native_sim_native/host_gnu/zephyr-course_ram/tests/ring_buf/homework.unit.ring_buf/zephyr/subsys/testsuite/ztest/CMakeFiles/subsys__testsuite__ztest.dir/src/ztest_posix.c.gcda
  --> fname    /home/rodrigo/zephyrproject/zephyr/subsys/testsuite/ztest/src/ztest_posix.c
(DEBUG) Check if /home/rodrigo/zephyrproject/zephyr/subsys/testsuite/ztest/src/ztest_posix.c is included (source file)...
(DEBUG)   No filter matched.
(DEBUG) --> File is excluded.
(DEBUG) Check if /home/rodrigo/zephyr-course_ram/twister-out/native_sim_native/host_gnu/zephyr-course_ram/tests/ring_buf/homework.unit.ring_buf/zephyr/subsys/testsuite/ztest/CMakeFiles/subsys__testsuite__ztest.dir/src/ztest_rules.c.gcno is included (trace)...
(DEBUG)   No filter matched.
(DEBUG) --> File is excluded.
(DEBUG) Check if /home/rodrigo/zephyr-course_ram/twister-out/native_sim_native/host_gnu/zephyr-course_ram/tests/ring_buf/homework.unit.ring_buf/zephyr/subsys/testsuite/ztest/CMakeFiles/subsys__testsuite__ztest.dir/src/ztest_rules.c.gcno is included (trace)...
(DEBUG) --> File is excluded.
(INFO) Writing coverage report...
Running: gcovr -r /home/rodrigo/zephyr-course_ram/app/modules/ring_buf -v --merge-mode-functions=separate --gcov-executable gcov -f tests/ztest -e tests/ztest/test/* --json -o /home/rodrigo/zephyr-course_ram/twister-out/ztest.json /home/rodrigo/zephyr-course_ram/twister-out --gcov-object-directory /home/rodrigo/zephyr-course_ram/twister-out
(DEBUG) gcovr version 8.6
(DEBUG) File system is case sensitive.
(DEBUG) Filters for --filter: (1)
(DEBUG)  - RelativeFilter(tests/ztest root=/home/rodrigo/zephyr-course_ram)
(DEBUG) Filters for --exclude: (1)
(DEBUG)  - RelativeFilter(tests/ztest/test/* root=/home/rodrigo/zephyr-course_ram)
(DEBUG) Filters for --include: (0)
(DEBUG) Filters for --gcov-filter: (1)
(DEBUG)  - AlwaysMatchFilter()
(DEBUG) Filters for --gcov-exclude: (0)
(DEBUG) Filters for --exclude-directory: (0)
(DEBUG) Filters for --trace-include: (0)
(DEBUG) Filters for --trace-exclude: (0)
(DEBUG) Patterns for --exclude-function: (0)
(DEBUG) Patterns for --exclude-lines-by-pattern: (0)
(DEBUG) Patterns for --exclude-branches-by-pattern: (0)
(INFO) Reading coverage data...
(DEBUG) Scanning directory twister-out for gcda/gcno files...
(DEBUG) Found 188 files (and will process 106)
(DEBUG) Using 1 workers.
(DEBUG) Pool started with 1 threads
(DEBUG) Check if /home/rodrigo/zephyr-course_ram/twister-out/native_sim_native/host_gnu/zephyr-course_ram/tests/ring_buf/homework.unit.ring_buf/CMakeFiles/app.dir/home/rodrigo/zephyr-course_ram/app/modules/ring_buf/src/ring_buf.c.gcda is included (trace)...
(DEBUG)   No filter matched.
(DEBUG) --> File is excluded.
(DEBUG) GCOV capabilities: Unsupported JSON format detected.
(DEBUG) GCOV capabilities: Demangled names available.
(DEBUG) GCOV capabilities: Hashing of filenames available.
(DEBUG) Check if /home/rodrigo/zephyr-course_ram/twister-out/native_sim_native/host_gnu/zephyr-course_ram/tests/ring_buf/homework.unit.ring_buf/CMakeFiles/app.dir/home/rodrigo/zephyr-course_ram/app/modules/ring_buf/src/ring_buf.c.gcda is included (trace)...
(DEBUG) --> File is excluded.
(DEBUG) Check if ring_buf.c##ae95dccbf5efbd0dbd0e122eac9ebfd3.gcov is included (gcov file)...
(DEBUG)   Filter AlwaysMatchFilter() matched.
(DEBUG) --> File is included.
(DEBUG) Check if log_msg.h##fe60156c532143d1e30e21c32299f503.gcov is included (gcov file)...
(DEBUG)   Filter AlwaysMatchFilter() matched.
(DEBUG) --> File is included.
(DEBUG) Check if /home/rodrigo/zephyr-course_ram/twister-out/ring_buf.c##ae95dccbf5efbd0dbd0e122eac9ebfd3.gcov is included (trace)...
(DEBUG)   No filter matched.
(DEBUG) --> File is excluded.
(DEBUG) Finding source file corresponding to a gcov data file
  gcov_fname   /home/rodrigo/zephyr-course_ram/twister-out/ring_buf.c##ae95dccbf5efbd0dbd0e122eac9ebfd3.gcov
  current_dir  /home/rodrigo/zephyr-course_ram/twister-out
  root         /home/rodrigo/zephyr-course_ram/app/modules/ring_buf
  starting_dir /home/rodrigo/zephyr-course_ram
  obj_dir      /home/rodrigo/zephyr-course_ram/twister-out
  gcda_fname   native_sim_native/host_gnu/zephyr-course_ram/tests/ring_buf/homework.unit.ring_buf/CMakeFiles/app.dir/home/rodrigo/zephyr-course_ram/app/modules/ring_buf/src/ring_buf.c.gcda
  --> fname    /home/rodrigo/zephyr-course_ram/app/modules/ring_buf/src/ring_buf.c
(DEBUG) Check if /home/rodrigo/zephyr-course_ram/app/modules/ring_buf/src/ring_buf.c is included (source file)...
(DEBUG)   No filter matched.
(DEBUG) --> File is excluded.
(DEBUG) Check if /home/rodrigo/zephyr-course_ram/twister-out/log_msg.h##fe60156c532143d1e30e21c32299f503.gcov is included (trace)...
(DEBUG)   No filter matched.
(DEBUG) --> File is excluded.
(DEBUG) Finding source file corresponding to a gcov data file
  gcov_fname   /home/rodrigo/zephyr-course_ram/twister-out/log_msg.h##fe60156c532143d1e30e21c32299f503.gcov
  current_dir  /home/rodrigo/zephyr-course_ram/twister-out
  root         /home/rodrigo/zephyr-course_ram/app/modules/ring_buf
  starting_dir /home/rodrigo/zephyr-course_ram
  obj_dir      /home/rodrigo/zephyr-course_ram/twister-out
  gcda_fname   native_sim_native/host_gnu/zephyr-course_ram/tests/ring_buf/homework.unit.ring_buf/CMakeFiles/app.dir/home/rodrigo/zephyr-course_ram/app/modules/ring_buf/src/ring_buf.c.gcda
  --> fname    /home/rodrigo/zephyrproject/zephyr/include/zephyr/logging/log_msg.h
(DEBUG) Check if /home/rodrigo/zephyrproject/zephyr/include/zephyr/logging/log_msg.h is included (source file)...
(DEBUG)   No filter matched.
(DEBUG) --> File is excluded.
(DEBUG) Check if /home/rodrigo/zephyr-course_ram/twister-out/native_sim_native/host_gnu/zephyr-course_ram/tests/ring_buf/homework.unit.ring_buf/CMakeFiles/app.dir/src/test_ring_buf.c.gcda is included (trace)...
(DEBUG)   No filter matched.
(DEBUG) --> File is excluded.
(DEBUG) Check if /home/rodrigo/zephyr-course_ram/twister-out/native_sim_native/host_gnu/zephyr-course_ram/tests/ring_buf/homework.unit.ring_buf/CMakeFiles/app.dir/src/test_ring_buf.c.gcda is included (trace)...
(DEBUG) --> File is excluded.
(DEBUG) Check if test_ring_buf.c##491c66b266eaf85932b524122ea73f1c.gcov is included (gcov file)...
(DEBUG)   Filter AlwaysMatchFilter() matched.
(DEBUG) --> File is included.
(DEBUG) Check if ztest_assert.h##94db20efa4789869863612b36962752e.gcov is included (gcov file)...
(DEBUG)   Filter AlwaysMatchFilter() matched.
(DEBUG) --> File is included.
(DEBUG) Check if /home/rodrigo/zephyr-course_ram/twister-out/ztest_assert.h##94db20efa4789869863612b36962752e.gcov is included (trace)...
(DEBUG)   No filter matched.
(DEBUG) --> File is excluded.
(DEBUG) Finding source file corresponding to a gcov data file
  gcov_fname   /home/rodrigo/zephyr-course_ram/twister-out/ztest_assert.h##94db20efa4789869863612b36962752e.gcov
  current_dir  /home/rodrigo/zephyr-course_ram/twister-out
  root         /home/rodrigo/zephyr-course_ram/app/modules/ring_buf
  starting_dir /home/rodrigo/zephyr-course_ram
  obj_dir      /home/rodrigo/zephyr-course_ram/twister-out
  gcda_fname   native_sim_native/host_gnu/zephyr-course_ram/tests/ring_buf/homework.unit.ring_buf/CMakeFiles/app.dir/src/test_ring_buf.c.gcda
  --> fname    /home/rodrigo/zephyrproject/zephyr/subsys/testsuite/ztest/include/zephyr/ztest_assert.h
(DEBUG) Check if /home/rodrigo/zephyrproject/zephyr/subsys/testsuite/ztest/include/zephyr/ztest_assert.h is included (source file)...
(DEBUG)   No filter matched.
(DEBUG) --> File is excluded.
(DEBUG) Check if /home/rodrigo/zephyr-course_ram/twister-out/test_ring_buf.c##491c66b266eaf85932b524122ea73f1c.gcov is included (trace)...
(DEBUG)   No filter matched.
(DEBUG) --> File is excluded.
(DEBUG) Finding source file corresponding to a gcov data file
  gcov_fname   /home/rodrigo/zephyr-course_ram/twister-out/test_ring_buf.c##491c66b266eaf85932b524122ea73f1c.gcov
  current_dir  /home/rodrigo/zephyr-course_ram/twister-out
  root         /home/rodrigo/zephyr-course_ram/app/modules/ring_buf
  starting_dir /home/rodrigo/zephyr-course_ram
  obj_dir      /home/rodrigo/zephyr-course_ram/twister-out
  gcda_fname   native_sim_native/host_gnu/zephyr-course_ram/tests/ring_buf/homework.unit.ring_buf/CMakeFiles/app.dir/src/test_ring_buf.c.gcda
  --> fname    /home/rodrigo/zephyr-course_ram/tests/ring_buf/src/test_ring_buf.c
(DEBUG) Check if /home/rodrigo/zephyr-course_ram/tests/ring_buf/src/test_ring_buf.c is included (source file)...
(DEBUG)   No filter matched.
(DEBUG) --> File is excluded.
(DEBUG) Check if /home/rodrigo/zephyr-course_ram/twister-out/native_sim_native/host_gnu/zephyr-course_ram/tests/ring_buf/homework.unit.ring_buf/zephyr/CMakeFiles/offsets.dir/arch/posix/core/offsets/offsets.c.gcda is included (trace)...
(DEBUG)   No filter matched.
(DEBUG) --> File is excluded.
(DEBUG) Check if /home/rodrigo/zephyr-course_ram/twister-out/native_sim_native/host_gnu/zephyr-course_ram/tests/ring_buf/homework.unit.ring_buf/zephyr/CMakeFiles/offsets.dir/arch/posix/core/offsets/offsets.c.gcda is included (trace)...
(DEBUG) --> File is excluded.
(DEBUG) Check if kernel_offsets.h##f495fbe388390815fa17047c83ac3250.gcov is included (gcov file)...
(DEBUG)   Filter AlwaysMatchFilter() matched.
(DEBUG) --> File is included.
(DEBUG) Check if offsets.c##ecf58dd5220058cf9317278136b58d6f.gcov is included (gcov file)...
(DEBUG)   Filter AlwaysMatchFilter() matched.
(DEBUG) --> File is included.
(DEBUG) Check if /home/rodrigo/zephyr-course_ram/twister-out/offsets.c##ecf58dd5220058cf9317278136b58d6f.gcov is included (trace)...
(DEBUG)   No filter matched.
(DEBUG) --> File is excluded.
(DEBUG) Finding source file corresponding to a gcov data file
  gcov_fname   /home/rodrigo/zephyr-course_ram/twister-out/offsets.c##ecf58dd5220058cf9317278136b58d6f.gcov
  current_dir  /home/rodrigo/zephyr-course_ram/twister-out
  root         /home/rodrigo/zephyr-course_ram/app/modules/ring_buf
  starting_dir /home/rodrigo/zephyr-course_ram
  obj_dir      /home/rodrigo/zephyr-course_ram/twister-out
  gcda_fname   native_sim_native/host_gnu/zephyr-course_ram/tests/ring_buf/homework.unit.ring_buf/zephyr/CMakeFiles/offsets.dir/arch/posix/core/offsets/offsets.c.gcda
  --> fname    /home/rodrigo/zephyrproject/zephyr/arch/posix/core/offsets/offsets.c
(DEBUG) Check if /home/rodrigo/zephyrproject/zephyr/arch/posix/core/offsets/offsets.c is included (source file)...
(DEBUG)   No filter matched.
(DEBUG) --> File is excluded.
(DEBUG) Check if /home/rodrigo/zephyr-course_ram/twister-out/kernel_offsets.h##f495fbe388390815fa17047c83ac3250.gcov is included (trace)...
(DEBUG)   No filter matched.
(DEBUG) --> File is excluded.
(DEBUG) Finding source file corresponding to a gcov data file
  gcov_fname   /home/rodrigo/zephyr-course_ram/twister-out/kernel_offsets.h##f495fbe388390815fa17047c83ac3250.gcov
  current_dir  /home/rodrigo/zephyr-course_ram/twister-out
  root         /home/rodrigo/zephyr-course_ram/app/modules/ring_buf
  starting_dir /home/rodrigo/zephyr-course_ram
  obj_dir      /home/rodrigo/zephyr-course_ram/twister-out
  gcda_fname   native_sim_native/host_gnu/zephyr-course_ram/tests/ring_buf/homework.unit.ring_buf/zephyr/CMakeFiles/offsets.dir/arch/posix/core/offsets/offsets.c.gcda
  --> fname    /home/rodrigo/zephyrproject/zephyr/kernel/include/kernel_offsets.h
(DEBUG) Check if /home/rodrigo/zephyrproject/zephyr/kernel/include/kernel_offsets.h is included (source file)...
(DEBUG)   No filter matched.
(DEBUG) --> File is excluded.
(DEBUG) Check if /home/rodrigo/zephyr-course_ram/twister-out/native_sim_native/host_gnu/zephyr-course_ram/tests/ring_buf/homework.unit.ring_buf/zephyr/CMakeFiles/zephyr.dir/lib/heap/heap.c.gcda is included (trace)...
(DEBUG)   No filter matched.
(DEBUG) --> File is excluded.
(DEBUG) Check if /home/rodrigo/zephyr-course_ram/twister-out/native_sim_native/host_gnu/zephyr-course_ram/tests/ring_buf/homework.unit.ring_buf/zephyr/CMakeFiles/zephyr.dir/lib/heap/heap.c.gcda is included (trace)...
(DEBUG) --> File is excluded.
(DEBUG) Check if heap.c##82a79b9522179bad8d4c0265381d9fc4.gcov is included (gcov file)...
(DEBUG)   Filter AlwaysMatchFilter() matched.
(DEBUG) --> File is included.
(DEBUG) Check if heap.h##222b892a6c6c084fd614c8e7c9e39b44.gcov is included (gcov file)...
(DEBUG)   Filter AlwaysMatchFilter() matched.
(DEBUG) --> File is included.
(DEBUG) Check if log_msg.h##fe60156c532143d1e30e21c32299f503.gcov is included (gcov file)...
(DEBUG) --> File is included.
(DEBUG) Check if /home/rodrigo/zephyr-course_ram/twister-out/heap.c##82a79b9522179bad8d4c0265381d9fc4.gcov is included (trace)...
(DEBUG)   No filter matched.
(DEBUG) --> File is excluded.
(DEBUG) Finding source file corresponding to a gcov data file
  gcov_fname   /home/rodrigo/zephyr-course_ram/twister-out/heap.c##82a79b9522179bad8d4c0265381d9fc4.gcov
  current_dir  /home/rodrigo/zephyr-course_ram/twister-out
  root         /home/rodrigo/zephyr-course_ram/app/modules/ring_buf
  starting_dir /home/rodrigo/zephyr-course_ram
  obj_dir      /home/rodrigo/zephyr-course_ram/twister-out
  gcda_fname   native_sim_native/host_gnu/zephyr-course_ram/tests/ring_buf/homework.unit.ring_buf/zephyr/CMakeFiles/zephyr.dir/lib/heap/heap.c.gcda
  --> fname    /home/rodrigo/zephyrproject/zephyr/lib/heap/heap.c
(DEBUG) Check if /home/rodrigo/zephyrproject/zephyr/lib/heap/heap.c is included (source file)...
(DEBUG)   No filter matched.
(DEBUG) --> File is excluded.
(DEBUG) Check if /home/rodrigo/zephyr-course_ram/twister-out/heap.h##222b892a6c6c084fd614c8e7c9e39b44.gcov is included (trace)...
(DEBUG)   No filter matched.
(DEBUG) --> File is excluded.
(DEBUG) Finding source file corresponding to a gcov data file
  gcov_fname   /home/rodrigo/zephyr-course_ram/twister-out/heap.h##222b892a6c6c084fd614c8e7c9e39b44.gcov
  current_dir  /home/rodrigo/zephyr-course_ram/twister-out
  root         /home/rodrigo/zephyr-course_ram/app/modules/ring_buf
  starting_dir /home/rodrigo/zephyr-course_ram
  obj_dir      /home/rodrigo/zephyr-course_ram/twister-out
  gcda_fname   native_sim_native/host_gnu/zephyr-course_ram/tests/ring_buf/homework.unit.ring_buf/zephyr/CMakeFiles/zephyr.dir/lib/heap/heap.c.gcda
  --> fname    /home/rodrigo/zephyrproject/zephyr/lib/heap/heap.h
(DEBUG) Check if /home/rodrigo/zephyrproject/zephyr/lib/heap/heap.h is included (source file)...
(DEBUG)   No filter matched.
(DEBUG) --> File is excluded.
(DEBUG) Check if /home/rodrigo/zephyr-course_ram/twister-out/log_msg.h##fe60156c532143d1e30e21c32299f503.gcov is included (trace)...
(DEBUG) --> File is excluded.
(DEBUG) Finding source file corresponding to a gcov data file
  gcov_fname   /home/rodrigo/zephyr-course_ram/twister-out/log_msg.h##fe60156c532143d1e30e21c32299f503.gcov
  current_dir  /home/rodrigo/zephyr-course_ram/twister-out
  root         /home/rodrigo/zephyr-course_ram/app/modules/ring_buf
  starting_dir /home/rodrigo/zephyr-course_ram
  obj_dir      /home/rodrigo/zephyr-course_ram/twister-out
  gcda_fname   native_sim_native/host_gnu/zephyr-course_ram/tests/ring_buf/homework.unit.ring_buf/zephyr/CMakeFiles/zephyr.dir/lib/heap/heap.c.gcda
  --> fname    /home/rodrigo/zephyrproject/zephyr/include/zephyr/logging/log_msg.h
(DEBUG) Check if /home/rodrigo/zephyrproject/zephyr/include/zephyr/logging/log_msg.h is included (source file)...
(DEBUG) --> File is excluded.
(DEBUG) Check if /home/rodrigo/zephyr-course_ram/twister-out/native_sim_native/host_gnu/zephyr-course_ram/tests/ring_buf/homework.unit.ring_buf/zephyr/CMakeFiles/zephyr.dir/lib/libc/validate_libc.c.gcno is included (trace)...
(DEBUG)   No filter matched.
(DEBUG) --> File is excluded.
(DEBUG) Check if /home/rodrigo/zephyr-course_ram/twister-out/native_sim_native/host_gnu/zephyr-course_ram/tests/ring_buf/homework.unit.ring_buf/zephyr/CMakeFiles/zephyr.dir/lib/libc/validate_libc.c.gcno is included (trace)...
(DEBUG) --> File is excluded.
(DEBUG) Check if /home/rodrigo/zephyr-course_ram/twister-out/native_sim_native/host_gnu/zephyr-course_ram/tests/ring_buf/homework.unit.ring_buf/zephyr/CMakeFiles/zephyr.dir/lib/os/assert.c.gcda is included (trace)...
(DEBUG)   No filter matched.
(DEBUG) --> File is excluded.
(DEBUG) Check if /home/rodrigo/zephyr-course_ram/twister-out/native_sim_native/host_gnu/zephyr-course_ram/tests/ring_buf/homework.unit.ring_buf/zephyr/CMakeFiles/zephyr.dir/lib/os/assert.c.gcda is included (trace)...
(DEBUG) --> File is excluded.
(DEBUG) Check if assert.c##892a4865b23d84a3fb2ecd9a529c35cc.gcov is included (gcov file)...
(DEBUG)   Filter AlwaysMatchFilter() matched.
(DEBUG) --> File is included.
(DEBUG) Check if /home/rodrigo/zephyr-course_ram/twister-out/assert.c##892a4865b23d84a3fb2ecd9a529c35cc.gcov is included (trace)...
(DEBUG)   No filter matched.
(DEBUG) --> File is excluded.
(DEBUG) Finding source file corresponding to a gcov data file
  gcov_fname   /home/rodrigo/zephyr-course_ram/twister-out/assert.c##892a4865b23d84a3fb2ecd9a529c35cc.gcov
  current_dir  /home/rodrigo/zephyr-course_ram/twister-out
  root         /home/rodrigo/zephyr-course_ram/app/modules/ring_buf
  starting_dir /home/rodrigo/zephyr-course_ram
  obj_dir      /home/rodrigo/zephyr-course_ram/twister-out
  gcda_fname   native_sim_native/host_gnu/zephyr-course_ram/tests/ring_buf/homework.unit.ring_buf/zephyr/CMakeFiles/zephyr.dir/lib/os/assert.c.gcda
  --> fname    /home/rodrigo/zephyrproject/zephyr/lib/os/assert.c
(DEBUG) Check if /home/rodrigo/zephyrproject/zephyr/lib/os/assert.c is included (source file)...
(DEBUG)   No filter matched.
(DEBUG) --> File is excluded.
(DEBUG) Check if /home/rodrigo/zephyr-course_ram/twister-out/native_sim_native/host_gnu/zephyr-course_ram/tests/ring_buf/homework.unit.ring_buf/zephyr/CMakeFiles/zephyr.dir/lib/os/cbprintf.c.gcda is included (trace)...
(DEBUG)   No filter matched.
(DEBUG) --> File is excluded.
(DEBUG) Check if /home/rodrigo/zephyr-course_ram/twister-out/native_sim_native/host_gnu/zephyr-course_ram/tests/ring_buf/homework.unit.ring_buf/zephyr/CMakeFiles/zephyr.dir/lib/os/cbprintf.c.gcda is included (trace)...
(DEBUG) --> File is excluded.
(DEBUG) Check if cbprintf.c##54257516e0b13ebe745301773bd6ed17.gcov is included (gcov file)...
(DEBUG)   Filter AlwaysMatchFilter() matched.
(DEBUG) --> File is included.
(DEBUG) Check if cbprintf.h##861664753c94dde883f49830f3034215.gcov is included (gcov file)...
(DEBUG)   Filter AlwaysMatchFilter() matched.
(DEBUG) --> File is included.
(DEBUG) Check if /home/rodrigo/zephyr-course_ram/twister-out/cbprintf.h##861664753c94dde883f49830f3034215.gcov is included (trace)...
(DEBUG)   No filter matched.
(DEBUG) --> File is excluded.
(DEBUG) Finding source file corresponding to a gcov data file
  gcov_fname   /home/rodrigo/zephyr-course_ram/twister-out/cbprintf.h##861664753c94dde883f49830f3034215.gcov
  current_dir  /home/rodrigo/zephyr-course_ram/twister-out
  root         /home/rodrigo/zephyr-course_ram/app/modules/ring_buf
  starting_dir /home/rodrigo/zephyr-course_ram
  obj_dir      /home/rodrigo/zephyr-course_ram/twister-out
  gcda_fname   native_sim_native/host_gnu/zephyr-course_ram/tests/ring_buf/homework.unit.ring_buf/zephyr/CMakeFiles/zephyr.dir/lib/os/cbprintf.c.gcda
  --> fname    /home/rodrigo/zephyrproject/zephyr/include/zephyr/sys/cbprintf.h
(DEBUG) Check if /home/rodrigo/zephyrproject/zephyr/include/zephyr/sys/cbprintf.h is included (source file)...
(DEBUG)   No filter matched.
(DEBUG) --> File is excluded.
(DEBUG) Check if /home/rodrigo/zephyr-course_ram/twister-out/cbprintf.c##54257516e0b13ebe745301773bd6ed17.gcov is included (trace)...
(DEBUG)   No filter matched.
(DEBUG) --> File is excluded.
(DEBUG) Finding source file corresponding to a gcov data file
  gcov_fname   /home/rodrigo/zephyr-course_ram/twister-out/cbprintf.c##54257516e0b13ebe745301773bd6ed17.gcov
  current_dir  /home/rodrigo/zephyr-course_ram/twister-out
  root         /home/rodrigo/zephyr-course_ram/app/modules/ring_buf
  starting_dir /home/rodrigo/zephyr-course_ram
  obj_dir      /home/rodrigo/zephyr-course_ram/twister-out
  gcda_fname   native_sim_native/host_gnu/zephyr-course_ram/tests/ring_buf/homework.unit.ring_buf/zephyr/CMakeFiles/zephyr.dir/lib/os/cbprintf.c.gcda
  --> fname    /home/rodrigo/zephyrproject/zephyr/lib/os/cbprintf.c
(DEBUG) Check if /home/rodrigo/zephyrproject/zephyr/lib/os/cbprintf.c is included (source file)...
(DEBUG)   No filter matched.
(DEBUG) --> File is excluded.
(DEBUG) Check if /home/rodrigo/zephyr-course_ram/twister-out/native_sim_native/host_gnu/zephyr-course_ram/tests/ring_buf/homework.unit.ring_buf/zephyr/CMakeFiles/zephyr.dir/lib/os/cbprintf_complete.c.gcda is included (trace)...
(DEBUG)   No filter matched.
(DEBUG) --> File is excluded.
(DEBUG) Check if /home/rodrigo/zephyr-course_ram/twister-out/native_sim_native/host_gnu/zephyr-course_ram/tests/ring_buf/homework.unit.ring_buf/zephyr/CMakeFiles/zephyr.dir/lib/os/cbprintf_complete.c.gcda is included (trace)...
(DEBUG) --> File is excluded.
(DEBUG) Check if cbprintf_complete.c##2551f0eb75be24078b1c9046da356c42.gcov is included (gcov file)...
(DEBUG)   Filter AlwaysMatchFilter() matched.
(DEBUG) --> File is included.
(DEBUG) Check if /home/rodrigo/zephyr-course_ram/twister-out/cbprintf_complete.c##2551f0eb75be24078b1c9046da356c42.gcov is included (trace)...
(DEBUG)   No filter matched.
(DEBUG) --> File is excluded.
(DEBUG) Finding source file corresponding to a gcov data file
  gcov_fname   /home/rodrigo/zephyr-course_ram/twister-out/cbprintf_complete.c##2551f0eb75be24078b1c9046da356c42.gcov
  current_dir  /home/rodrigo/zephyr-course_ram/twister-out
  root         /home/rodrigo/zephyr-course_ram/app/modules/ring_buf
  starting_dir /home/rodrigo/zephyr-course_ram
  obj_dir      /home/rodrigo/zephyr-course_ram/twister-out
  gcda_fname   native_sim_native/host_gnu/zephyr-course_ram/tests/ring_buf/homework.unit.ring_buf/zephyr/CMakeFiles/zephyr.dir/lib/os/cbprintf_complete.c.gcda
  --> fname    /home/rodrigo/zephyrproject/zephyr/lib/os/cbprintf_complete.c
(DEBUG) Check if /home/rodrigo/zephyrproject/zephyr/lib/os/cbprintf_complete.c is included (source file)...
(DEBUG)   No filter matched.
(DEBUG) --> File is excluded.
(DEBUG) Check if /home/rodrigo/zephyr-course_ram/twister-out/native_sim_native/host_gnu/zephyr-course_ram/tests/ring_buf/homework.unit.ring_buf/zephyr/CMakeFiles/zephyr.dir/lib/os/cbprintf_packaged.c.gcda is included (trace)...
(DEBUG)   No filter matched.
(DEBUG) --> File is excluded.
(DEBUG) Check if /home/rodrigo/zephyr-course_ram/twister-out/native_sim_native/host_gnu/zephyr-course_ram/tests/ring_buf/homework.unit.ring_buf/zephyr/CMakeFiles/zephyr.dir/lib/os/cbprintf_packaged.c.gcda is included (trace)...
(DEBUG) --> File is excluded.
(DEBUG) Check if cbprintf_packaged.c##6939462cde227133c37f0f9c8c6a7570.gcov is included (gcov file)...
(DEBUG)   Filter AlwaysMatchFilter() matched.
(DEBUG) --> File is included.
(DEBUG) Check if log_msg.h##fe60156c532143d1e30e21c32299f503.gcov is included (gcov file)...
(DEBUG) --> File is included.
(DEBUG) Check if utils.h##026c673ca219ccad4f29d7f5633285c6.gcov is included (gcov file)...
(DEBUG)   Filter AlwaysMatchFilter() matched.
(DEBUG) --> File is included.
(DEBUG) Check if /home/rodrigo/zephyr-course_ram/twister-out/utils.h##026c673ca219ccad4f29d7f5633285c6.gcov is included (trace)...
(DEBUG)   No filter matched.
(DEBUG) --> File is excluded.
(DEBUG) Finding source file corresponding to a gcov data file
  gcov_fname   /home/rodrigo/zephyr-course_ram/twister-out/utils.h##026c673ca219ccad4f29d7f5633285c6.gcov
  current_dir  /home/rodrigo/zephyr-course_ram/twister-out
  root         /home/rodrigo/zephyr-course_ram/app/modules/ring_buf
  starting_dir /home/rodrigo/zephyr-course_ram
  obj_dir      /home/rodrigo/zephyr-course_ram/twister-out
  gcda_fname   native_sim_native/host_gnu/zephyr-course_ram/tests/ring_buf/homework.unit.ring_buf/zephyr/CMakeFiles/zephyr.dir/lib/os/cbprintf_packaged.c.gcda
  --> fname    /home/rodrigo/zephyrproject/zephyr/include/zephyr/linker/utils.h
(DEBUG) Check if /home/rodrigo/zephyrproject/zephyr/include/zephyr/linker/utils.h is included (source file)...
(DEBUG)   No filter matched.
(DEBUG) --> File is excluded.
(DEBUG) Check if /home/rodrigo/zephyr-course_ram/twister-out/cbprintf_packaged.c##6939462cde227133c37f0f9c8c6a7570.gcov is included (trace)...
(DEBUG)   No filter matched.
(DEBUG) --> File is excluded.
(DEBUG) Finding source file corresponding to a gcov data file
  gcov_fname   /home/rodrigo/zephyr-course_ram/twister-out/cbprintf_packaged.c##6939462cde227133c37f0f9c8c6a7570.gcov
  current_dir  /home/rodrigo/zephyr-course_ram/twister-out
  root         /home/rodrigo/zephyr-course_ram/app/modules/ring_buf
  starting_dir /home/rodrigo/zephyr-course_ram
  obj_dir      /home/rodrigo/zephyr-course_ram/twister-out
  gcda_fname   native_sim_native/host_gnu/zephyr-course_ram/tests/ring_buf/homework.unit.ring_buf/zephyr/CMakeFiles/zephyr.dir/lib/os/cbprintf_packaged.c.gcda
  --> fname    /home/rodrigo/zephyrproject/zephyr/lib/os/cbprintf_packaged.c
(DEBUG) Check if /home/rodrigo/zephyrproject/zephyr/lib/os/cbprintf_packaged.c is included (source file)...
(DEBUG)   No filter matched.
(DEBUG) --> File is excluded.
(DEBUG) Check if /home/rodrigo/zephyr-course_ram/twister-out/log_msg.h##fe60156c532143d1e30e21c32299f503.gcov is included (trace)...
(DEBUG) --> File is excluded.
(DEBUG) Finding source file corresponding to a gcov data file
  gcov_fname   /home/rodrigo/zephyr-course_ram/twister-out/log_msg.h##fe60156c532143d1e30e21c32299f503.gcov
  current_dir  /home/rodrigo/zephyr-course_ram/twister-out
  root         /home/rodrigo/zephyr-course_ram/app/modules/ring_buf
  starting_dir /home/rodrigo/zephyr-course_ram
  obj_dir      /home/rodrigo/zephyr-course_ram/twister-out
  gcda_fname   native_sim_native/host_gnu/zephyr-course_ram/tests/ring_buf/homework.unit.ring_buf/zephyr/CMakeFiles/zephyr.dir/lib/os/cbprintf_packaged.c.gcda
  --> fname    /home/rodrigo/zephyrproject/zephyr/include/zephyr/logging/log_msg.h
(DEBUG) Check if /home/rodrigo/zephyrproject/zephyr/include/zephyr/logging/log_msg.h is included (source file)...
(DEBUG) --> File is excluded.
(DEBUG) Check if /home/rodrigo/zephyr-course_ram/twister-out/native_sim_native/host_gnu/zephyr-course_ram/tests/ring_buf/homework.unit.ring_buf/zephyr/CMakeFiles/zephyr.dir/lib/os/clock.c.gcda is included (trace)...
(DEBUG)   No filter matched.
(DEBUG) --> File is excluded.
(DEBUG) Check if /home/rodrigo/zephyr-course_ram/twister-out/native_sim_native/host_gnu/zephyr-course_ram/tests/ring_buf/homework.unit.ring_buf/zephyr/CMakeFiles/zephyr.dir/lib/os/clock.c.gcda is included (trace)...
(DEBUG) --> File is excluded.
(DEBUG) Check if clock.c##4375587244d38d4e591d46359fee8094.gcov is included (gcov file)...
(DEBUG)   Filter AlwaysMatchFilter() matched.
(DEBUG) --> File is included.
(DEBUG) Check if timeutil.h##dfc847820c07d87f3c94a563fa8d7cc9.gcov is included (gcov file)...
(DEBUG)   Filter AlwaysMatchFilter() matched.
(DEBUG) --> File is included.
(DEBUG) Check if kernel.h##33e25e586cdfb0cc7078a38f16ec62da.gcov is included (gcov file)...
(DEBUG)   Filter AlwaysMatchFilter() matched.
(DEBUG) --> File is included.
(DEBUG) Check if spinlock.h##d84264fdde7bca8b949809fef8cbefdd.gcov is included (gcov file)...
(DEBUG)   Filter AlwaysMatchFilter() matched.
(DEBUG) --> File is included.
(DEBUG) Check if clock.h##d424ac4c50652587dc4de64dcb45f429.gcov is included (gcov file)...
(DEBUG)   Filter AlwaysMatchFilter() matched.
(DEBUG) --> File is included.
(DEBUG) Check if arch.h##239ee5cbaf1f4f5309f62049e6f0de61.gcov is included (gcov file)...
(DEBUG)   Filter AlwaysMatchFilter() matched.
(DEBUG) --> File is included.
(DEBUG) Check if /home/rodrigo/zephyr-course_ram/twister-out/arch.h##239ee5cbaf1f4f5309f62049e6f0de61.gcov is included (trace)...
(DEBUG)   No filter matched.
(DEBUG) --> File is excluded.
(DEBUG) Finding source file corresponding to a gcov data file
  gcov_fname   /home/rodrigo/zephyr-course_ram/twister-out/arch.h##239ee5cbaf1f4f5309f62049e6f0de61.gcov
  current_dir  /home/rodrigo/zephyr-course_ram/twister-out
  root         /home/rodrigo/zephyr-course_ram/app/modules/ring_buf
  starting_dir /home/rodrigo/zephyr-course_ram
  obj_dir      /home/rodrigo/zephyr-course_ram/twister-out
  gcda_fname   native_sim_native/host_gnu/zephyr-course_ram/tests/ring_buf/homework.unit.ring_buf/zephyr/CMakeFiles/zephyr.dir/lib/os/clock.c.gcda
  --> fname    /home/rodrigo/zephyrproject/zephyr/include/zephyr/arch/posix/arch.h
(DEBUG) Check if /home/rodrigo/zephyrproject/zephyr/include/zephyr/arch/posix/arch.h is included (source file)...
(DEBUG)   No filter matched.
(DEBUG) --> File is excluded.
(DEBUG) Check if /home/rodrigo/zephyr-course_ram/twister-out/clock.h##d424ac4c50652587dc4de64dcb45f429.gcov is included (trace)...
(DEBUG)   No filter matched.
(DEBUG) --> File is excluded.
(DEBUG) Finding source file corresponding to a gcov data file
  gcov_fname   /home/rodrigo/zephyr-course_ram/twister-out/clock.h##d424ac4c50652587dc4de64dcb45f429.gcov
  current_dir  /home/rodrigo/zephyr-course_ram/twister-out
  root         /home/rodrigo/zephyr-course_ram/app/modules/ring_buf
  starting_dir /home/rodrigo/zephyr-course_ram
  obj_dir      /home/rodrigo/zephyr-course_ram/twister-out
  gcda_fname   native_sim_native/host_gnu/zephyr-course_ram/tests/ring_buf/homework.unit.ring_buf/zephyr/CMakeFiles/zephyr.dir/lib/os/clock.c.gcda
  --> fname    /home/rodrigo/zephyr-course_ram/twister-out/native_sim_native/host_gnu/zephyr-course_ram/tests/ring_buf/homework.unit.ring_buf/zephyr/include/generated/zephyr/syscalls/clock.h
(DEBUG) Check if /home/rodrigo/zephyr-course_ram/twister-out/native_sim_native/host_gnu/zephyr-course_ram/tests/ring_buf/homework.unit.ring_buf/zephyr/include/generated/zephyr/syscalls/clock.h is included (source file)...
(DEBUG)   No filter matched.
(DEBUG) --> File is excluded.
(DEBUG) Check if /home/rodrigo/zephyr-course_ram/twister-out/timeutil.h##dfc847820c07d87f3c94a563fa8d7cc9.gcov is included (trace)...
(DEBUG)   No filter matched.
(DEBUG) --> File is excluded.
(DEBUG) Finding source file corresponding to a gcov data file
  gcov_fname   /home/rodrigo/zephyr-course_ram/twister-out/timeutil.h##dfc847820c07d87f3c94a563fa8d7cc9.gcov
  current_dir  /home/rodrigo/zephyr-course_ram/twister-out
  root         /home/rodrigo/zephyr-course_ram/app/modules/ring_buf
  starting_dir /home/rodrigo/zephyr-course_ram
  obj_dir      /home/rodrigo/zephyr-course_ram/twister-out
  gcda_fname   native_sim_native/host_gnu/zephyr-course_ram/tests/ring_buf/homework.unit.ring_buf/zephyr/CMakeFiles/zephyr.dir/lib/os/clock.c.gcda
  --> fname    /home/rodrigo/zephyrproject/zephyr/include/zephyr/sys/timeutil.h
(DEBUG) Check if /home/rodrigo/zephyrproject/zephyr/include/zephyr/sys/timeutil.h is included (source file)...
(DEBUG)   No filter matched.
(DEBUG) --> File is excluded.
(DEBUG) Check if /home/rodrigo/zephyr-course_ram/twister-out/spinlock.h##d84264fdde7bca8b949809fef8cbefdd.gcov is included (trace)...
(DEBUG)   No filter matched.
(DEBUG) --> File is excluded.
(DEBUG) Finding source file corresponding to a gcov data file
  gcov_fname   /home/rodrigo/zephyr-course_ram/twister-out/spinlock.h##d84264fdde7bca8b949809fef8cbefdd.gcov
  current_dir  /home/rodrigo/zephyr-course_ram/twister-out
  root         /home/rodrigo/zephyr-course_ram/app/modules/ring_buf
  starting_dir /home/rodrigo/zephyr-course_ram
  obj_dir      /home/rodrigo/zephyr-course_ram/twister-out
  gcda_fname   native_sim_native/host_gnu/zephyr-course_ram/tests/ring_buf/homework.unit.ring_buf/zephyr/CMakeFiles/zephyr.dir/lib/os/clock.c.gcda
  --> fname    /home/rodrigo/zephyrproject/zephyr/include/zephyr/spinlock.h
(DEBUG) Check if /home/rodrigo/zephyrproject/zephyr/include/zephyr/spinlock.h is included (source file)...
(DEBUG)   No filter matched.
(DEBUG) --> File is excluded.
(DEBUG) Check if /home/rodrigo/zephyr-course_ram/twister-out/kernel.h##33e25e586cdfb0cc7078a38f16ec62da.gcov is included (trace)...
(DEBUG)   No filter matched.
(DEBUG) --> File is excluded.
(DEBUG) Finding source file corresponding to a gcov data file
  gcov_fname   /home/rodrigo/zephyr-course_ram/twister-out/kernel.h##33e25e586cdfb0cc7078a38f16ec62da.gcov
  current_dir  /home/rodrigo/zephyr-course_ram/twister-out
  root         /home/rodrigo/zephyr-course_ram/app/modules/ring_buf
  starting_dir /home/rodrigo/zephyr-course_ram
  obj_dir      /home/rodrigo/zephyr-course_ram/twister-out
  gcda_fname   native_sim_native/host_gnu/zephyr-course_ram/tests/ring_buf/homework.unit.ring_buf/zephyr/CMakeFiles/zephyr.dir/lib/os/clock.c.gcda
  --> fname    /home/rodrigo/zephyr-course_ram/twister-out/native_sim_native/host_gnu/zephyr-course_ram/tests/ring_buf/homework.unit.ring_buf/zephyr/include/generated/zephyr/syscalls/kernel.h
(DEBUG) Check if /home/rodrigo/zephyr-course_ram/twister-out/native_sim_native/host_gnu/zephyr-course_ram/tests/ring_buf/homework.unit.ring_buf/zephyr/include/generated/zephyr/syscalls/kernel.h is included (source file)...
(DEBUG)   No filter matched.
(DEBUG) --> File is excluded.
(DEBUG) Check if /home/rodrigo/zephyr-course_ram/twister-out/clock.c##4375587244d38d4e591d46359fee8094.gcov is included (trace)...
(DEBUG)   No filter matched.
(DEBUG) --> File is excluded.
(DEBUG) Finding source file corresponding to a gcov data file
  gcov_fname   /home/rodrigo/zephyr-course_ram/twister-out/clock.c##4375587244d38d4e591d46359fee8094.gcov
  current_dir  /home/rodrigo/zephyr-course_ram/twister-out
  root         /home/rodrigo/zephyr-course_ram/app/modules/ring_buf
  starting_dir /home/rodrigo/zephyr-course_ram
  obj_dir      /home/rodrigo/zephyr-course_ram/twister-out
  gcda_fname   native_sim_native/host_gnu/zephyr-course_ram/tests/ring_buf/homework.unit.ring_buf/zephyr/CMakeFiles/zephyr.dir/lib/os/clock.c.gcda
  --> fname    /home/rodrigo/zephyrproject/zephyr/lib/os/clock.c
(DEBUG) Check if /home/rodrigo/zephyrproject/zephyr/lib/os/clock.c is included (source file)...
(DEBUG)   No filter matched.
(DEBUG) --> File is excluded.
(DEBUG) Check if /home/rodrigo/zephyr-course_ram/twister-out/native_sim_native/host_gnu/zephyr-course_ram/tests/ring_buf/homework.unit.ring_buf/zephyr/CMakeFiles/zephyr.dir/lib/os/printk.c.gcda is included (trace)...
(DEBUG)   No filter matched.
(DEBUG) --> File is excluded.
(DEBUG) Check if /home/rodrigo/zephyr-course_ram/twister-out/native_sim_native/host_gnu/zephyr-course_ram/tests/ring_buf/homework.unit.ring_buf/zephyr/CMakeFiles/zephyr.dir/lib/os/printk.c.gcda is included (trace)...
(DEBUG) --> File is excluded.
(DEBUG) Check if printk.c##eba7f3f077ed198ccf1ddec238bcde40.gcov is included (gcov file)...
(DEBUG)   Filter AlwaysMatchFilter() matched.
(DEBUG) --> File is included.
(DEBUG) Check if cbprintf.h##861664753c94dde883f49830f3034215.gcov is included (gcov file)...
(DEBUG) --> File is included.
(DEBUG) Check if kernel.h##33e25e586cdfb0cc7078a38f16ec62da.gcov is included (gcov file)...
(DEBUG) --> File is included.
(DEBUG) Check if /home/rodrigo/zephyr-course_ram/twister-out/cbprintf.h##861664753c94dde883f49830f3034215.gcov is included (trace)...
(DEBUG) --> File is excluded.
(DEBUG) Finding source file corresponding to a gcov data file
  gcov_fname   /home/rodrigo/zephyr-course_ram/twister-out/cbprintf.h##861664753c94dde883f49830f3034215.gcov
  current_dir  /home/rodrigo/zephyr-course_ram/twister-out
  root         /home/rodrigo/zephyr-course_ram/app/modules/ring_buf
  starting_dir /home/rodrigo/zephyr-course_ram
  obj_dir      /home/rodrigo/zephyr-course_ram/twister-out
  gcda_fname   native_sim_native/host_gnu/zephyr-course_ram/tests/ring_buf/homework.unit.ring_buf/zephyr/CMakeFiles/zephyr.dir/lib/os/printk.c.gcda
  --> fname    /home/rodrigo/zephyrproject/zephyr/include/zephyr/sys/cbprintf.h
(DEBUG) Check if /home/rodrigo/zephyrproject/zephyr/include/zephyr/sys/cbprintf.h is included (source file)...
(DEBUG) --> File is excluded.
(DEBUG) Check if /home/rodrigo/zephyr-course_ram/twister-out/kernel.h##33e25e586cdfb0cc7078a38f16ec62da.gcov is included (trace)...
(DEBUG) --> File is excluded.
(DEBUG) Finding source file corresponding to a gcov data file
  gcov_fname   /home/rodrigo/zephyr-course_ram/twister-out/kernel.h##33e25e586cdfb0cc7078a38f16ec62da.gcov
  current_dir  /home/rodrigo/zephyr-course_ram/twister-out
  root         /home/rodrigo/zephyr-course_ram/app/modules/ring_buf
  starting_dir /home/rodrigo/zephyr-course_ram
  obj_dir      /home/rodrigo/zephyr-course_ram/twister-out
  gcda_fname   native_sim_native/host_gnu/zephyr-course_ram/tests/ring_buf/homework.unit.ring_buf/zephyr/CMakeFiles/zephyr.dir/lib/os/printk.c.gcda
  --> fname    /home/rodrigo/zephyr-course_ram/twister-out/native_sim_native/host_gnu/zephyr-course_ram/tests/ring_buf/homework.unit.ring_buf/zephyr/include/generated/zephyr/syscalls/kernel.h
(DEBUG) Check if /home/rodrigo/zephyr-course_ram/twister-out/native_sim_native/host_gnu/zephyr-course_ram/tests/ring_buf/homework.unit.ring_buf/zephyr/include/generated/zephyr/syscalls/kernel.h is included (source file)...
(DEBUG) --> File is excluded.
(DEBUG) Check if /home/rodrigo/zephyr-course_ram/twister-out/printk.c##eba7f3f077ed198ccf1ddec238bcde40.gcov is included (trace)...
(DEBUG)   No filter matched.
(DEBUG) --> File is excluded.
(DEBUG) Finding source file corresponding to a gcov data file
  gcov_fname   /home/rodrigo/zephyr-course_ram/twister-out/printk.c##eba7f3f077ed198ccf1ddec238bcde40.gcov
  current_dir  /home/rodrigo/zephyr-course_ram/twister-out
  root         /home/rodrigo/zephyr-course_ram/app/modules/ring_buf
  starting_dir /home/rodrigo/zephyr-course_ram
  obj_dir      /home/rodrigo/zephyr-course_ram/twister-out
  gcda_fname   native_sim_native/host_gnu/zephyr-course_ram/tests/ring_buf/homework.unit.ring_buf/zephyr/CMakeFiles/zephyr.dir/lib/os/printk.c.gcda
  --> fname    /home/rodrigo/zephyrproject/zephyr/lib/os/printk.c
(DEBUG) Check if /home/rodrigo/zephyrproject/zephyr/lib/os/printk.c is included (source file)...
(DEBUG)   No filter matched.
(DEBUG) --> File is excluded.
(DEBUG) Check if /home/rodrigo/zephyr-course_ram/twister-out/native_sim_native/host_gnu/zephyr-course_ram/tests/ring_buf/homework.unit.ring_buf/zephyr/CMakeFiles/zephyr.dir/lib/os/sem.c.gcda is included (trace)...
(DEBUG)   No filter matched.
(DEBUG) --> File is excluded.
(DEBUG) Check if /home/rodrigo/zephyr-course_ram/twister-out/native_sim_native/host_gnu/zephyr-course_ram/tests/ring_buf/homework.unit.ring_buf/zephyr/CMakeFiles/zephyr.dir/lib/os/sem.c.gcda is included (trace)...
(DEBUG) --> File is excluded.
(DEBUG) Check if sem.c##086fa72ba4dba52b4142294e4576d7fb.gcov is included (gcov file)...
(DEBUG)   Filter AlwaysMatchFilter() matched.
(DEBUG) --> File is included.
(DEBUG) Check if kernel.h##33e25e586cdfb0cc7078a38f16ec62da.gcov is included (gcov file)...
(DEBUG) --> File is included.
(DEBUG) Check if kernel.h##2d3fbe341137ae796abdfaeb5a853926.gcov is included (gcov file)...
(DEBUG)   Filter AlwaysMatchFilter() matched.
(DEBUG) --> File is included.
(DEBUG) Check if /home/rodrigo/zephyr-course_ram/twister-out/kernel.h##2d3fbe341137ae796abdfaeb5a853926.gcov is included (trace)...
(DEBUG)   No filter matched.
(DEBUG) --> File is excluded.
(DEBUG) Finding source file corresponding to a gcov data file
  gcov_fname   /home/rodrigo/zephyr-course_ram/twister-out/kernel.h##2d3fbe341137ae796abdfaeb5a853926.gcov
  current_dir  /home/rodrigo/zephyr-course_ram/twister-out
  root         /home/rodrigo/zephyr-course_ram/app/modules/ring_buf
  starting_dir /home/rodrigo/zephyr-course_ram
  obj_dir      /home/rodrigo/zephyr-course_ram/twister-out
  gcda_fname   native_sim_native/host_gnu/zephyr-course_ram/tests/ring_buf/homework.unit.ring_buf/zephyr/CMakeFiles/zephyr.dir/lib/os/sem.c.gcda
  --> fname    /home/rodrigo/zephyrproject/zephyr/include/zephyr/kernel.h
(DEBUG) Check if /home/rodrigo/zephyrproject/zephyr/include/zephyr/kernel.h is included (source file)...
(DEBUG)   No filter matched.
(DEBUG) --> File is excluded.
(DEBUG) Check if /home/rodrigo/zephyr-course_ram/twister-out/kernel.h##33e25e586cdfb0cc7078a38f16ec62da.gcov is included (trace)...
(DEBUG) --> File is excluded.
(DEBUG) Finding source file corresponding to a gcov data file
  gcov_fname   /home/rodrigo/zephyr-course_ram/twister-out/kernel.h##33e25e586cdfb0cc7078a38f16ec62da.gcov
  current_dir  /home/rodrigo/zephyr-course_ram/twister-out
  root         /home/rodrigo/zephyr-course_ram/app/modules/ring_buf
  starting_dir /home/rodrigo/zephyr-course_ram
  obj_dir      /home/rodrigo/zephyr-course_ram/twister-out
  gcda_fname   native_sim_native/host_gnu/zephyr-course_ram/tests/ring_buf/homework.unit.ring_buf/zephyr/CMakeFiles/zephyr.dir/lib/os/sem.c.gcda
  --> fname    /home/rodrigo/zephyr-course_ram/twister-out/native_sim_native/host_gnu/zephyr-course_ram/tests/ring_buf/homework.unit.ring_buf/zephyr/include/generated/zephyr/syscalls/kernel.h
(DEBUG) Check if /home/rodrigo/zephyr-course_ram/twister-out/native_sim_native/host_gnu/zephyr-course_ram/tests/ring_buf/homework.unit.ring_buf/zephyr/include/generated/zephyr/syscalls/kernel.h is included (source file)...
(DEBUG) --> File is excluded.
(DEBUG) Check if /home/rodrigo/zephyr-course_ram/twister-out/sem.c##086fa72ba4dba52b4142294e4576d7fb.gcov is included (trace)...
(DEBUG)   No filter matched.
(DEBUG) --> File is excluded.
(DEBUG) Finding source file corresponding to a gcov data file
  gcov_fname   /home/rodrigo/zephyr-course_ram/twister-out/sem.c##086fa72ba4dba52b4142294e4576d7fb.gcov
  current_dir  /home/rodrigo/zephyr-course_ram/twister-out
  root         /home/rodrigo/zephyr-course_ram/app/modules/ring_buf
  starting_dir /home/rodrigo/zephyr-course_ram
  obj_dir      /home/rodrigo/zephyr-course_ram/twister-out
  gcda_fname   native_sim_native/host_gnu/zephyr-course_ram/tests/ring_buf/homework.unit.ring_buf/zephyr/CMakeFiles/zephyr.dir/lib/os/sem.c.gcda
  --> fname    /home/rodrigo/zephyrproject/zephyr/lib/os/sem.c
(DEBUG) Check if /home/rodrigo/zephyrproject/zephyr/lib/os/sem.c is included (source file)...
(DEBUG)   No filter matched.
(DEBUG) --> File is excluded.
(DEBUG) Check if /home/rodrigo/zephyr-course_ram/twister-out/native_sim_native/host_gnu/zephyr-course_ram/tests/ring_buf/homework.unit.ring_buf/zephyr/CMakeFiles/zephyr.dir/lib/os/thread_entry.c.gcda is included (trace)...
(DEBUG)   No filter matched.
(DEBUG) --> File is excluded.
(DEBUG) Check if /home/rodrigo/zephyr-course_ram/twister-out/native_sim_native/host_gnu/zephyr-course_ram/tests/ring_buf/homework.unit.ring_buf/zephyr/CMakeFiles/zephyr.dir/lib/os/thread_entry.c.gcda is included (trace)...
(DEBUG) --> File is excluded.
(DEBUG) Check if thread_entry.c##882517637e5595f659956a7042b921d5.gcov is included (gcov file)...
(DEBUG)   Filter AlwaysMatchFilter() matched.
(DEBUG) --> File is included.
(DEBUG) Check if kernel.h##33e25e586cdfb0cc7078a38f16ec62da.gcov is included (gcov file)...
(DEBUG) --> File is included.
(DEBUG) Check if kernel.h##2d3fbe341137ae796abdfaeb5a853926.gcov is included (gcov file)...
(DEBUG) --> File is included.
(DEBUG) Check if syscall.h##f78b8447055080e06b9c6a9c432569e6.gcov is included (gcov file)...
(DEBUG)   Filter AlwaysMatchFilter() matched.
(DEBUG) --> File is included.
(DEBUG) Check if /home/rodrigo/zephyr-course_ram/twister-out/syscall.h##f78b8447055080e06b9c6a9c432569e6.gcov is included (trace)...
(DEBUG)   No filter matched.
(DEBUG) --> File is excluded.
(DEBUG) Finding source file corresponding to a gcov data file
  gcov_fname   /home/rodrigo/zephyr-course_ram/twister-out/syscall.h##f78b8447055080e06b9c6a9c432569e6.gcov
  current_dir  /home/rodrigo/zephyr-course_ram/twister-out
  root         /home/rodrigo/zephyr-course_ram/app/modules/ring_buf
  starting_dir /home/rodrigo/zephyr-course_ram
  obj_dir      /home/rodrigo/zephyr-course_ram/twister-out
  gcda_fname   native_sim_native/host_gnu/zephyr-course_ram/tests/ring_buf/homework.unit.ring_buf/zephyr/CMakeFiles/zephyr.dir/lib/os/thread_entry.c.gcda
  --> fname    /home/rodrigo/zephyrproject/zephyr/include/zephyr/syscall.h
(DEBUG) Check if /home/rodrigo/zephyrproject/zephyr/include/zephyr/syscall.h is included (source file)...
(DEBUG)   No filter matched.
(DEBUG) --> File is excluded.
(DEBUG) Check if /home/rodrigo/zephyr-course_ram/twister-out/kernel.h##2d3fbe341137ae796abdfaeb5a853926.gcov is included (trace)...
(DEBUG) --> File is excluded.
(DEBUG) Finding source file corresponding to a gcov data file
  gcov_fname   /home/rodrigo/zephyr-course_ram/twister-out/kernel.h##2d3fbe341137ae796abdfaeb5a853926.gcov
  current_dir  /home/rodrigo/zephyr-course_ram/twister-out
  root         /home/rodrigo/zephyr-course_ram/app/modules/ring_buf
  starting_dir /home/rodrigo/zephyr-course_ram
  obj_dir      /home/rodrigo/zephyr-course_ram/twister-out
  gcda_fname   native_sim_native/host_gnu/zephyr-course_ram/tests/ring_buf/homework.unit.ring_buf/zephyr/CMakeFiles/zephyr.dir/lib/os/thread_entry.c.gcda
  --> fname    /home/rodrigo/zephyrproject/zephyr/include/zephyr/kernel.h
(DEBUG) Check if /home/rodrigo/zephyrproject/zephyr/include/zephyr/kernel.h is included (source file)...
(DEBUG) --> File is excluded.
(DEBUG) Check if /home/rodrigo/zephyr-course_ram/twister-out/kernel.h##33e25e586cdfb0cc7078a38f16ec62da.gcov is included (trace)...
(DEBUG) --> File is excluded.
(DEBUG) Finding source file corresponding to a gcov data file
  gcov_fname   /home/rodrigo/zephyr-course_ram/twister-out/kernel.h##33e25e586cdfb0cc7078a38f16ec62da.gcov
  current_dir  /home/rodrigo/zephyr-course_ram/twister-out
  root         /home/rodrigo/zephyr-course_ram/app/modules/ring_buf
  starting_dir /home/rodrigo/zephyr-course_ram
  obj_dir      /home/rodrigo/zephyr-course_ram/twister-out
  gcda_fname   native_sim_native/host_gnu/zephyr-course_ram/tests/ring_buf/homework.unit.ring_buf/zephyr/CMakeFiles/zephyr.dir/lib/os/thread_entry.c.gcda
  --> fname    /home/rodrigo/zephyr-course_ram/twister-out/native_sim_native/host_gnu/zephyr-course_ram/tests/ring_buf/homework.unit.ring_buf/zephyr/include/generated/zephyr/syscalls/kernel.h
(DEBUG) Check if /home/rodrigo/zephyr-course_ram/twister-out/native_sim_native/host_gnu/zephyr-course_ram/tests/ring_buf/homework.unit.ring_buf/zephyr/include/generated/zephyr/syscalls/kernel.h is included (source file)...
(DEBUG) --> File is excluded.
(DEBUG) Check if /home/rodrigo/zephyr-course_ram/twister-out/thread_entry.c##882517637e5595f659956a7042b921d5.gcov is included (trace)...
(DEBUG)   No filter matched.
(DEBUG) --> File is excluded.
(DEBUG) Finding source file corresponding to a gcov data file
  gcov_fname   /home/rodrigo/zephyr-course_ram/twister-out/thread_entry.c##882517637e5595f659956a7042b921d5.gcov
  current_dir  /home/rodrigo/zephyr-course_ram/twister-out
  root         /home/rodrigo/zephyr-course_ram/app/modules/ring_buf
  starting_dir /home/rodrigo/zephyr-course_ram
  obj_dir      /home/rodrigo/zephyr-course_ram/twister-out
  gcda_fname   native_sim_native/host_gnu/zephyr-course_ram/tests/ring_buf/homework.unit.ring_buf/zephyr/CMakeFiles/zephyr.dir/lib/os/thread_entry.c.gcda
  --> fname    /home/rodrigo/zephyrproject/zephyr/lib/os/thread_entry.c
(DEBUG) Check if /home/rodrigo/zephyrproject/zephyr/lib/os/thread_entry.c is included (source file)...
(DEBUG)   No filter matched.
(DEBUG) --> File is excluded.
(DEBUG) Check if /home/rodrigo/zephyr-course_ram/twister-out/native_sim_native/host_gnu/zephyr-course_ram/tests/ring_buf/homework.unit.ring_buf/zephyr/CMakeFiles/zephyr.dir/lib/utils/bitarray.c.gcda is included (trace)...
(DEBUG)   No filter matched.
(DEBUG) --> File is excluded.
(DEBUG) Check if /home/rodrigo/zephyr-course_ram/twister-out/native_sim_native/host_gnu/zephyr-course_ram/tests/ring_buf/homework.unit.ring_buf/zephyr/CMakeFiles/zephyr.dir/lib/utils/bitarray.c.gcda is included (trace)...
(DEBUG) --> File is excluded.
(DEBUG) Check if bitarray.c##7edf3b57334ed688a5e03ca282e61831.gcov is included (gcov file)...
(DEBUG)   Filter AlwaysMatchFilter() matched.
(DEBUG) --> File is included.
(DEBUG) Check if spinlock.h##d84264fdde7bca8b949809fef8cbefdd.gcov is included (gcov file)...
(DEBUG) --> File is included.
(DEBUG) Check if arch.h##239ee5cbaf1f4f5309f62049e6f0de61.gcov is included (gcov file)...
(DEBUG) --> File is included.
(DEBUG) Check if ffs.h##39c0ecb66859ccc85929c43e17c24c56.gcov is included (gcov file)...
(DEBUG)   Filter AlwaysMatchFilter() matched.
(DEBUG) --> File is included.
(DEBUG) Check if /home/rodrigo/zephyr-course_ram/twister-out/arch.h##239ee5cbaf1f4f5309f62049e6f0de61.gcov is included (trace)...
(DEBUG) --> File is excluded.
(DEBUG) Finding source file corresponding to a gcov data file
  gcov_fname   /home/rodrigo/zephyr-course_ram/twister-out/arch.h##239ee5cbaf1f4f5309f62049e6f0de61.gcov
  current_dir  /home/rodrigo/zephyr-course_ram/twister-out
  root         /home/rodrigo/zephyr-course_ram/app/modules/ring_buf
  starting_dir /home/rodrigo/zephyr-course_ram
  obj_dir      /home/rodrigo/zephyr-course_ram/twister-out
  gcda_fname   native_sim_native/host_gnu/zephyr-course_ram/tests/ring_buf/homework.unit.ring_buf/zephyr/CMakeFiles/zephyr.dir/lib/utils/bitarray.c.gcda
  --> fname    /home/rodrigo/zephyrproject/zephyr/include/zephyr/arch/posix/arch.h
(DEBUG) Check if /home/rodrigo/zephyrproject/zephyr/include/zephyr/arch/posix/arch.h is included (source file)...
(DEBUG) --> File is excluded.
(DEBUG) Check if /home/rodrigo/zephyr-course_ram/twister-out/bitarray.c##7edf3b57334ed688a5e03ca282e61831.gcov is included (trace)...
(DEBUG)   No filter matched.
(DEBUG) --> File is excluded.
(DEBUG) Finding source file corresponding to a gcov data file
  gcov_fname   /home/rodrigo/zephyr-course_ram/twister-out/bitarray.c##7edf3b57334ed688a5e03ca282e61831.gcov
  current_dir  /home/rodrigo/zephyr-course_ram/twister-out
  root         /home/rodrigo/zephyr-course_ram/app/modules/ring_buf
  starting_dir /home/rodrigo/zephyr-course_ram
  obj_dir      /home/rodrigo/zephyr-course_ram/twister-out
  gcda_fname   native_sim_native/host_gnu/zephyr-course_ram/tests/ring_buf/homework.unit.ring_buf/zephyr/CMakeFiles/zephyr.dir/lib/utils/bitarray.c.gcda
  --> fname    /home/rodrigo/zephyrproject/zephyr/lib/utils/bitarray.c
(DEBUG) Check if /home/rodrigo/zephyrproject/zephyr/lib/utils/bitarray.c is included (source file)...
(DEBUG)   No filter matched.
(DEBUG) --> File is excluded.
(DEBUG) Check if /home/rodrigo/zephyr-course_ram/twister-out/spinlock.h##d84264fdde7bca8b949809fef8cbefdd.gcov is included (trace)...
(DEBUG) --> File is excluded.
(DEBUG) Finding source file corresponding to a gcov data file
  gcov_fname   /home/rodrigo/zephyr-course_ram/twister-out/spinlock.h##d84264fdde7bca8b949809fef8cbefdd.gcov
  current_dir  /home/rodrigo/zephyr-course_ram/twister-out
  root         /home/rodrigo/zephyr-course_ram/app/modules/ring_buf
  starting_dir /home/rodrigo/zephyr-course_ram
  obj_dir      /home/rodrigo/zephyr-course_ram/twister-out
  gcda_fname   native_sim_native/host_gnu/zephyr-course_ram/tests/ring_buf/homework.unit.ring_buf/zephyr/CMakeFiles/zephyr.dir/lib/utils/bitarray.c.gcda
  --> fname    /home/rodrigo/zephyrproject/zephyr/include/zephyr/spinlock.h
(DEBUG) Check if /home/rodrigo/zephyrproject/zephyr/include/zephyr/spinlock.h is included (source file)...
(DEBUG) --> File is excluded.
(DEBUG) Check if /home/rodrigo/zephyr-course_ram/twister-out/ffs.h##39c0ecb66859ccc85929c43e17c24c56.gcov is included (trace)...
(DEBUG)   No filter matched.
(DEBUG) --> File is excluded.
(DEBUG) Finding source file corresponding to a gcov data file
  gcov_fname   /home/rodrigo/zephyr-course_ram/twister-out/ffs.h##39c0ecb66859ccc85929c43e17c24c56.gcov
  current_dir  /home/rodrigo/zephyr-course_ram/twister-out
  root         /home/rodrigo/zephyr-course_ram/app/modules/ring_buf
  starting_dir /home/rodrigo/zephyr-course_ram
  obj_dir      /home/rodrigo/zephyr-course_ram/twister-out
  gcda_fname   native_sim_native/host_gnu/zephyr-course_ram/tests/ring_buf/homework.unit.ring_buf/zephyr/CMakeFiles/zephyr.dir/lib/utils/bitarray.c.gcda
  --> fname    /home/rodrigo/zephyrproject/zephyr/include/zephyr/arch/common/ffs.h
(DEBUG) Check if /home/rodrigo/zephyrproject/zephyr/include/zephyr/arch/common/ffs.h is included (source file)...
(DEBUG)   No filter matched.
(DEBUG) --> File is excluded.
(DEBUG) Check if /home/rodrigo/zephyr-course_ram/twister-out/native_sim_native/host_gnu/zephyr-course_ram/tests/ring_buf/homework.unit.ring_buf/zephyr/CMakeFiles/zephyr.dir/lib/utils/bitmask.c.gcda is included (trace)...
(DEBUG)   No filter matched.
(DEBUG) --> File is excluded.
(DEBUG) Check if /home/rodrigo/zephyr-course_ram/twister-out/native_sim_native/host_gnu/zephyr-course_ram/tests/ring_buf/homework.unit.ring_buf/zephyr/CMakeFiles/zephyr.dir/lib/utils/bitmask.c.gcda is included (trace)...
(DEBUG) --> File is excluded.
(DEBUG) Check if bitmask.c##426793c8e18925279a296941abf06963.gcov is included (gcov file)...
(DEBUG)   Filter AlwaysMatchFilter() matched.
(DEBUG) --> File is included.
(DEBUG) Check if math_extras_impl.h##2563a8d28efffc0e643dbd8634325f21.gcov is included (gcov file)...
(DEBUG)   Filter AlwaysMatchFilter() matched.
(DEBUG) --> File is included.
(DEBUG) Check if /home/rodrigo/zephyr-course_ram/twister-out/bitmask.c##426793c8e18925279a296941abf06963.gcov is included (trace)...
(DEBUG)   No filter matched.
(DEBUG) --> File is excluded.
(DEBUG) Finding source file corresponding to a gcov data file
  gcov_fname   /home/rodrigo/zephyr-course_ram/twister-out/bitmask.c##426793c8e18925279a296941abf06963.gcov
  current_dir  /home/rodrigo/zephyr-course_ram/twister-out
  root         /home/rodrigo/zephyr-course_ram/app/modules/ring_buf
  starting_dir /home/rodrigo/zephyr-course_ram
  obj_dir      /home/rodrigo/zephyr-course_ram/twister-out
  gcda_fname   native_sim_native/host_gnu/zephyr-course_ram/tests/ring_buf/homework.unit.ring_buf/zephyr/CMakeFiles/zephyr.dir/lib/utils/bitmask.c.gcda
  --> fname    /home/rodrigo/zephyrproject/zephyr/lib/utils/bitmask.c
(DEBUG) Check if /home/rodrigo/zephyrproject/zephyr/lib/utils/bitmask.c is included (source file)...
(DEBUG)   No filter matched.
(DEBUG) --> File is excluded.
(DEBUG) Check if /home/rodrigo/zephyr-course_ram/twister-out/math_extras_impl.h##2563a8d28efffc0e643dbd8634325f21.gcov is included (trace)...
(DEBUG)   No filter matched.
(DEBUG) --> File is excluded.
(DEBUG) Finding source file corresponding to a gcov data file
  gcov_fname   /home/rodrigo/zephyr-course_ram/twister-out/math_extras_impl.h##2563a8d28efffc0e643dbd8634325f21.gcov
  current_dir  /home/rodrigo/zephyr-course_ram/twister-out
  root         /home/rodrigo/zephyr-course_ram/app/modules/ring_buf
  starting_dir /home/rodrigo/zephyr-course_ram
  obj_dir      /home/rodrigo/zephyr-course_ram/twister-out
  gcda_fname   native_sim_native/host_gnu/zephyr-course_ram/tests/ring_buf/homework.unit.ring_buf/zephyr/CMakeFiles/zephyr.dir/lib/utils/bitmask.c.gcda
  --> fname    /home/rodrigo/zephyrproject/zephyr/include/zephyr/sys/math_extras_impl.h
(DEBUG) Check if /home/rodrigo/zephyrproject/zephyr/include/zephyr/sys/math_extras_impl.h is included (source file)...
(DEBUG)   No filter matched.
(DEBUG) --> File is excluded.
(DEBUG) Check if /home/rodrigo/zephyr-course_ram/twister-out/native_sim_native/host_gnu/zephyr-course_ram/tests/ring_buf/homework.unit.ring_buf/zephyr/CMakeFiles/zephyr.dir/lib/utils/dec.c.gcda is included (trace)...
(DEBUG)   No filter matched.
(DEBUG) --> File is excluded.
(DEBUG) Check if /home/rodrigo/zephyr-course_ram/twister-out/native_sim_native/host_gnu/zephyr-course_ram/tests/ring_buf/homework.unit.ring_buf/zephyr/CMakeFiles/zephyr.dir/lib/utils/dec.c.gcda is included (trace)...
(DEBUG) --> File is excluded.
(DEBUG) Check if dec.c##34cc7d322630c8de46e7ff7ee881e609.gcov is included (gcov file)...
(DEBUG)   Filter AlwaysMatchFilter() matched.
(DEBUG) --> File is included.
(DEBUG) Check if /home/rodrigo/zephyr-course_ram/twister-out/dec.c##34cc7d322630c8de46e7ff7ee881e609.gcov is included (trace)...
(DEBUG)   No filter matched.
(DEBUG) --> File is excluded.
(DEBUG) Finding source file corresponding to a gcov data file
  gcov_fname   /home/rodrigo/zephyr-course_ram/twister-out/dec.c##34cc7d322630c8de46e7ff7ee881e609.gcov
  current_dir  /home/rodrigo/zephyr-course_ram/twister-out
  root         /home/rodrigo/zephyr-course_ram/app/modules/ring_buf
  starting_dir /home/rodrigo/zephyr-course_ram
  obj_dir      /home/rodrigo/zephyr-course_ram/twister-out
  gcda_fname   native_sim_native/host_gnu/zephyr-course_ram/tests/ring_buf/homework.unit.ring_buf/zephyr/CMakeFiles/zephyr.dir/lib/utils/dec.c.gcda
  --> fname    /home/rodrigo/zephyrproject/zephyr/lib/utils/dec.c
(DEBUG) Check if /home/rodrigo/zephyrproject/zephyr/lib/utils/dec.c is included (source file)...
(DEBUG)   No filter matched.
(DEBUG) --> File is excluded.
(DEBUG) Check if /home/rodrigo/zephyr-course_ram/twister-out/native_sim_native/host_gnu/zephyr-course_ram/tests/ring_buf/homework.unit.ring_buf/zephyr/CMakeFiles/zephyr.dir/lib/utils/getopt/getopt.c.gcda is included (trace)...
(DEBUG)   No filter matched.
(DEBUG) --> File is excluded.
(DEBUG) Check if /home/rodrigo/zephyr-course_ram/twister-out/native_sim_native/host_gnu/zephyr-course_ram/tests/ring_buf/homework.unit.ring_buf/zephyr/CMakeFiles/zephyr.dir/lib/utils/getopt/getopt.c.gcda is included (trace)...
(DEBUG) --> File is excluded.
(DEBUG) Check if getopt.c##79dff70f2cac312ee97e53eae90c26ad.gcov is included (gcov file)...
(DEBUG)   Filter AlwaysMatchFilter() matched.
(DEBUG) --> File is included.
(DEBUG) Check if log_msg.h##fe60156c532143d1e30e21c32299f503.gcov is included (gcov file)...
(DEBUG) --> File is included.
(DEBUG) Check if /home/rodrigo/zephyr-course_ram/twister-out/getopt.c##79dff70f2cac312ee97e53eae90c26ad.gcov is included (trace)...
(DEBUG)   No filter matched.
(DEBUG) --> File is excluded.
(DEBUG) Finding source file corresponding to a gcov data file
  gcov_fname   /home/rodrigo/zephyr-course_ram/twister-out/getopt.c##79dff70f2cac312ee97e53eae90c26ad.gcov
  current_dir  /home/rodrigo/zephyr-course_ram/twister-out
  root         /home/rodrigo/zephyr-course_ram/app/modules/ring_buf
  starting_dir /home/rodrigo/zephyr-course_ram
  obj_dir      /home/rodrigo/zephyr-course_ram/twister-out
  gcda_fname   native_sim_native/host_gnu/zephyr-course_ram/tests/ring_buf/homework.unit.ring_buf/zephyr/CMakeFiles/zephyr.dir/lib/utils/getopt/getopt.c.gcda
  --> fname    /home/rodrigo/zephyrproject/zephyr/lib/utils/getopt/getopt.c
(DEBUG) Check if /home/rodrigo/zephyrproject/zephyr/lib/utils/getopt/getopt.c is included (source file)...
(DEBUG)   No filter matched.
(DEBUG) --> File is excluded.
(DEBUG) Check if /home/rodrigo/zephyr-course_ram/twister-out/log_msg.h##fe60156c532143d1e30e21c32299f503.gcov is included (trace)...
(DEBUG) --> File is excluded.
(DEBUG) Finding source file corresponding to a gcov data file
  gcov_fname   /home/rodrigo/zephyr-course_ram/twister-out/log_msg.h##fe60156c532143d1e30e21c32299f503.gcov
  current_dir  /home/rodrigo/zephyr-course_ram/twister-out
  root         /home/rodrigo/zephyr-course_ram/app/modules/ring_buf
  starting_dir /home/rodrigo/zephyr-course_ram
  obj_dir      /home/rodrigo/zephyr-course_ram/twister-out
  gcda_fname   native_sim_native/host_gnu/zephyr-course_ram/tests/ring_buf/homework.unit.ring_buf/zephyr/CMakeFiles/zephyr.dir/lib/utils/getopt/getopt.c.gcda
  --> fname    /home/rodrigo/zephyrproject/zephyr/include/zephyr/logging/log_msg.h
(DEBUG) Check if /home/rodrigo/zephyrproject/zephyr/include/zephyr/logging/log_msg.h is included (source file)...
(DEBUG) --> File is excluded.
(DEBUG) Check if /home/rodrigo/zephyr-course_ram/twister-out/native_sim_native/host_gnu/zephyr-course_ram/tests/ring_buf/homework.unit.ring_buf/zephyr/CMakeFiles/zephyr.dir/lib/utils/getopt/getopt_common.c.gcda is included (trace)...
(DEBUG)   No filter matched.
(DEBUG) --> File is excluded.
(DEBUG) Check if /home/rodrigo/zephyr-course_ram/twister-out/native_sim_native/host_gnu/zephyr-course_ram/tests/ring_buf/homework.unit.ring_buf/zephyr/CMakeFiles/zephyr.dir/lib/utils/getopt/getopt_common.c.gcda is included (trace)...
(DEBUG) --> File is excluded.
(DEBUG) Check if getopt_common.c##3389bead2bef50029ac638bdac6b09ac.gcov is included (gcov file)...
(DEBUG)   Filter AlwaysMatchFilter() matched.
(DEBUG) --> File is included.
(DEBUG) Check if /home/rodrigo/zephyr-course_ram/twister-out/getopt_common.c##3389bead2bef50029ac638bdac6b09ac.gcov is included (trace)...
(DEBUG)   No filter matched.
(DEBUG) --> File is excluded.
(DEBUG) Finding source file corresponding to a gcov data file
  gcov_fname   /home/rodrigo/zephyr-course_ram/twister-out/getopt_common.c##3389bead2bef50029ac638bdac6b09ac.gcov
  current_dir  /home/rodrigo/zephyr-course_ram/twister-out
  root         /home/rodrigo/zephyr-course_ram/app/modules/ring_buf
  starting_dir /home/rodrigo/zephyr-course_ram
  obj_dir      /home/rodrigo/zephyr-course_ram/twister-out
  gcda_fname   native_sim_native/host_gnu/zephyr-course_ram/tests/ring_buf/homework.unit.ring_buf/zephyr/CMakeFiles/zephyr.dir/lib/utils/getopt/getopt_common.c.gcda
  --> fname    /home/rodrigo/zephyrproject/zephyr/lib/utils/getopt/getopt_common.c
(DEBUG) Check if /home/rodrigo/zephyrproject/zephyr/lib/utils/getopt/getopt_common.c is included (source file)...
(DEBUG)   No filter matched.
(DEBUG) --> File is excluded.
(DEBUG) Check if /home/rodrigo/zephyr-course_ram/twister-out/native_sim_native/host_gnu/zephyr-course_ram/tests/ring_buf/homework.unit.ring_buf/zephyr/CMakeFiles/zephyr.dir/lib/utils/hex.c.gcda is included (trace)...
(DEBUG)   No filter matched.
(DEBUG) --> File is excluded.
(DEBUG) Check if /home/rodrigo/zephyr-course_ram/twister-out/native_sim_native/host_gnu/zephyr-course_ram/tests/ring_buf/homework.unit.ring_buf/zephyr/CMakeFiles/zephyr.dir/lib/utils/hex.c.gcda is included (trace)...
(DEBUG) --> File is excluded.
(DEBUG) Check if hex.c##48d2f0efe74b22cc21462486c29b5d32.gcov is included (gcov file)...
(DEBUG)   Filter AlwaysMatchFilter() matched.
(DEBUG) --> File is included.
(DEBUG) Check if /home/rodrigo/zephyr-course_ram/twister-out/hex.c##48d2f0efe74b22cc21462486c29b5d32.gcov is included (trace)...
(DEBUG)   No filter matched.
(DEBUG) --> File is excluded.
(DEBUG) Finding source file corresponding to a gcov data file
  gcov_fname   /home/rodrigo/zephyr-course_ram/twister-out/hex.c##48d2f0efe74b22cc21462486c29b5d32.gcov
  current_dir  /home/rodrigo/zephyr-course_ram/twister-out
  root         /home/rodrigo/zephyr-course_ram/app/modules/ring_buf
  starting_dir /home/rodrigo/zephyr-course_ram
  obj_dir      /home/rodrigo/zephyr-course_ram/twister-out
  gcda_fname   native_sim_native/host_gnu/zephyr-course_ram/tests/ring_buf/homework.unit.ring_buf/zephyr/CMakeFiles/zephyr.dir/lib/utils/hex.c.gcda
  --> fname    /home/rodrigo/zephyrproject/zephyr/lib/utils/hex.c
(DEBUG) Check if /home/rodrigo/zephyrproject/zephyr/lib/utils/hex.c is included (source file)...
(DEBUG)   No filter matched.
(DEBUG) --> File is excluded.
(DEBUG) Check if /home/rodrigo/zephyr-course_ram/twister-out/native_sim_native/host_gnu/zephyr-course_ram/tests/ring_buf/homework.unit.ring_buf/zephyr/CMakeFiles/zephyr.dir/lib/utils/rb.c.gcda is included (trace)...
(DEBUG)   No filter matched.
(DEBUG) --> File is excluded.
(DEBUG) Check if /home/rodrigo/zephyr-course_ram/twister-out/native_sim_native/host_gnu/zephyr-course_ram/tests/ring_buf/homework.unit.ring_buf/zephyr/CMakeFiles/zephyr.dir/lib/utils/rb.c.gcda is included (trace)...
(DEBUG) --> File is excluded.
(DEBUG) Check if rb.c##25477ea80150b6b1209993fa4e051340.gcov is included (gcov file)...
(DEBUG)   Filter AlwaysMatchFilter() matched.
(DEBUG) --> File is included.
(DEBUG) Check if /home/rodrigo/zephyr-course_ram/twister-out/rb.c##25477ea80150b6b1209993fa4e051340.gcov is included (trace)...
(DEBUG)   No filter matched.
(DEBUG) --> File is excluded.
(DEBUG) Finding source file corresponding to a gcov data file
  gcov_fname   /home/rodrigo/zephyr-course_ram/twister-out/rb.c##25477ea80150b6b1209993fa4e051340.gcov
  current_dir  /home/rodrigo/zephyr-course_ram/twister-out
  root         /home/rodrigo/zephyr-course_ram/app/modules/ring_buf
  starting_dir /home/rodrigo/zephyr-course_ram
  obj_dir      /home/rodrigo/zephyr-course_ram/twister-out
  gcda_fname   native_sim_native/host_gnu/zephyr-course_ram/tests/ring_buf/homework.unit.ring_buf/zephyr/CMakeFiles/zephyr.dir/lib/utils/rb.c.gcda
  --> fname    /home/rodrigo/zephyrproject/zephyr/lib/utils/rb.c
(DEBUG) Check if /home/rodrigo/zephyrproject/zephyr/lib/utils/rb.c is included (source file)...
(DEBUG)   No filter matched.
(DEBUG) --> File is excluded.
(DEBUG) Check if /home/rodrigo/zephyr-course_ram/twister-out/native_sim_native/host_gnu/zephyr-course_ram/tests/ring_buf/homework.unit.ring_buf/zephyr/CMakeFiles/zephyr.dir/lib/utils/ring_buffer.c.gcda is included (trace)...
(DEBUG)   No filter matched.
(DEBUG) --> File is excluded.
(DEBUG) Check if /home/rodrigo/zephyr-course_ram/twister-out/native_sim_native/host_gnu/zephyr-course_ram/tests/ring_buf/homework.unit.ring_buf/zephyr/CMakeFiles/zephyr.dir/lib/utils/ring_buffer.c.gcda is included (trace)...
(DEBUG) --> File is excluded.
(DEBUG) Check if ring_buffer.c##01a664c14ecfffc23c987a246e7b5c1f.gcov is included (gcov file)...
(DEBUG)   Filter AlwaysMatchFilter() matched.
(DEBUG) --> File is included.
(DEBUG) Check if ring_buffer.h##8fa5bcb86fec24a9d5114ae8b797c0ba.gcov is included (gcov file)...
(DEBUG)   Filter AlwaysMatchFilter() matched.
(DEBUG) --> File is included.
(DEBUG) Check if /home/rodrigo/zephyr-course_ram/twister-out/ring_buffer.c##01a664c14ecfffc23c987a246e7b5c1f.gcov is included (trace)...
(DEBUG)   No filter matched.
(DEBUG) --> File is excluded.
(DEBUG) Finding source file corresponding to a gcov data file
  gcov_fname   /home/rodrigo/zephyr-course_ram/twister-out/ring_buffer.c##01a664c14ecfffc23c987a246e7b5c1f.gcov
  current_dir  /home/rodrigo/zephyr-course_ram/twister-out
  root         /home/rodrigo/zephyr-course_ram/app/modules/ring_buf
  starting_dir /home/rodrigo/zephyr-course_ram
  obj_dir      /home/rodrigo/zephyr-course_ram/twister-out
  gcda_fname   native_sim_native/host_gnu/zephyr-course_ram/tests/ring_buf/homework.unit.ring_buf/zephyr/CMakeFiles/zephyr.dir/lib/utils/ring_buffer.c.gcda
  --> fname    /home/rodrigo/zephyrproject/zephyr/lib/utils/ring_buffer.c
(DEBUG) Check if /home/rodrigo/zephyrproject/zephyr/lib/utils/ring_buffer.c is included (source file)...
(DEBUG)   No filter matched.
(DEBUG) --> File is excluded.
(DEBUG) Check if /home/rodrigo/zephyr-course_ram/twister-out/ring_buffer.h##8fa5bcb86fec24a9d5114ae8b797c0ba.gcov is included (trace)...
(DEBUG)   No filter matched.
(DEBUG) --> File is excluded.
(DEBUG) Finding source file corresponding to a gcov data file
  gcov_fname   /home/rodrigo/zephyr-course_ram/twister-out/ring_buffer.h##8fa5bcb86fec24a9d5114ae8b797c0ba.gcov
  current_dir  /home/rodrigo/zephyr-course_ram/twister-out
  root         /home/rodrigo/zephyr-course_ram/app/modules/ring_buf
  starting_dir /home/rodrigo/zephyr-course_ram
  obj_dir      /home/rodrigo/zephyr-course_ram/twister-out
  gcda_fname   native_sim_native/host_gnu/zephyr-course_ram/tests/ring_buf/homework.unit.ring_buf/zephyr/CMakeFiles/zephyr.dir/lib/utils/ring_buffer.c.gcda
  --> fname    /home/rodrigo/zephyrproject/zephyr/include/zephyr/sys/ring_buffer.h
(DEBUG) Check if /home/rodrigo/zephyrproject/zephyr/include/zephyr/sys/ring_buffer.h is included (source file)...
(DEBUG)   No filter matched.
(DEBUG) --> File is excluded.
(DEBUG) Check if /home/rodrigo/zephyr-course_ram/twister-out/native_sim_native/host_gnu/zephyr-course_ram/tests/ring_buf/homework.unit.ring_buf/zephyr/CMakeFiles/zephyr.dir/lib/utils/set.c.gcda is included (trace)...
(DEBUG)   No filter matched.
(DEBUG) --> File is excluded.
(DEBUG) Check if /home/rodrigo/zephyr-course_ram/twister-out/native_sim_native/host_gnu/zephyr-course_ram/tests/ring_buf/homework.unit.ring_buf/zephyr/CMakeFiles/zephyr.dir/lib/utils/set.c.gcda is included (trace)...
(DEBUG) --> File is excluded.
(DEBUG) Check if set.c##d95210379f07c6716fe2b78dfd63eb27.gcov is included (gcov file)...
(DEBUG)   Filter AlwaysMatchFilter() matched.
(DEBUG) --> File is included.
(DEBUG) Check if /home/rodrigo/zephyr-course_ram/twister-out/set.c##d95210379f07c6716fe2b78dfd63eb27.gcov is included (trace)...
(DEBUG)   No filter matched.
(DEBUG) --> File is excluded.
(DEBUG) Finding source file corresponding to a gcov data file
  gcov_fname   /home/rodrigo/zephyr-course_ram/twister-out/set.c##d95210379f07c6716fe2b78dfd63eb27.gcov
  current_dir  /home/rodrigo/zephyr-course_ram/twister-out
  root         /home/rodrigo/zephyr-course_ram/app/modules/ring_buf
  starting_dir /home/rodrigo/zephyr-course_ram
  obj_dir      /home/rodrigo/zephyr-course_ram/twister-out
  gcda_fname   native_sim_native/host_gnu/zephyr-course_ram/tests/ring_buf/homework.unit.ring_buf/zephyr/CMakeFiles/zephyr.dir/lib/utils/set.c.gcda
  --> fname    /home/rodrigo/zephyrproject/zephyr/lib/utils/set.c
(DEBUG) Check if /home/rodrigo/zephyrproject/zephyr/lib/utils/set.c is included (source file)...
(DEBUG)   No filter matched.
(DEBUG) --> File is excluded.
(DEBUG) Check if /home/rodrigo/zephyr-course_ram/twister-out/native_sim_native/host_gnu/zephyr-course_ram/tests/ring_buf/homework.unit.ring_buf/zephyr/CMakeFiles/zephyr.dir/lib/utils/timeutil.c.gcda is included (trace)...
(DEBUG)   No filter matched.
(DEBUG) --> File is excluded.
(DEBUG) Check if /home/rodrigo/zephyr-course_ram/twister-out/native_sim_native/host_gnu/zephyr-course_ram/tests/ring_buf/homework.unit.ring_buf/zephyr/CMakeFiles/zephyr.dir/lib/utils/timeutil.c.gcda is included (trace)...
(DEBUG) --> File is excluded.
(DEBUG) Check if timeutil.c##343c145189eb9ae60236aa10c32dc3d1.gcov is included (gcov file)...
(DEBUG)   Filter AlwaysMatchFilter() matched.
(DEBUG) --> File is included.
(DEBUG) Check if timeutil.h##dfc847820c07d87f3c94a563fa8d7cc9.gcov is included (gcov file)...
(DEBUG) --> File is included.
(DEBUG) Check if /home/rodrigo/zephyr-course_ram/twister-out/timeutil.h##dfc847820c07d87f3c94a563fa8d7cc9.gcov is included (trace)...
(DEBUG) --> File is excluded.
(DEBUG) Finding source file corresponding to a gcov data file
  gcov_fname   /home/rodrigo/zephyr-course_ram/twister-out/timeutil.h##dfc847820c07d87f3c94a563fa8d7cc9.gcov
  current_dir  /home/rodrigo/zephyr-course_ram/twister-out
  root         /home/rodrigo/zephyr-course_ram/app/modules/ring_buf
  starting_dir /home/rodrigo/zephyr-course_ram
  obj_dir      /home/rodrigo/zephyr-course_ram/twister-out
  gcda_fname   native_sim_native/host_gnu/zephyr-course_ram/tests/ring_buf/homework.unit.ring_buf/zephyr/CMakeFiles/zephyr.dir/lib/utils/timeutil.c.gcda
  --> fname    /home/rodrigo/zephyrproject/zephyr/include/zephyr/sys/timeutil.h
(DEBUG) Check if /home/rodrigo/zephyrproject/zephyr/include/zephyr/sys/timeutil.h is included (source file)...
(DEBUG) --> File is excluded.
(DEBUG) Check if /home/rodrigo/zephyr-course_ram/twister-out/timeutil.c##343c145189eb9ae60236aa10c32dc3d1.gcov is included (trace)...
(DEBUG)   No filter matched.
(DEBUG) --> File is excluded.
(DEBUG) Finding source file corresponding to a gcov data file
  gcov_fname   /home/rodrigo/zephyr-course_ram/twister-out/timeutil.c##343c145189eb9ae60236aa10c32dc3d1.gcov
  current_dir  /home/rodrigo/zephyr-course_ram/twister-out
  root         /home/rodrigo/zephyr-course_ram/app/modules/ring_buf
  starting_dir /home/rodrigo/zephyr-course_ram
  obj_dir      /home/rodrigo/zephyr-course_ram/twister-out
  gcda_fname   native_sim_native/host_gnu/zephyr-course_ram/tests/ring_buf/homework.unit.ring_buf/zephyr/CMakeFiles/zephyr.dir/lib/utils/timeutil.c.gcda
  --> fname    /home/rodrigo/zephyrproject/zephyr/lib/utils/timeutil.c
(DEBUG) Check if /home/rodrigo/zephyrproject/zephyr/lib/utils/timeutil.c is included (source file)...
(DEBUG)   No filter matched.
(DEBUG) --> File is excluded.
(DEBUG) Check if /home/rodrigo/zephyr-course_ram/twister-out/native_sim_native/host_gnu/zephyr-course_ram/tests/ring_buf/homework.unit.ring_buf/zephyr/CMakeFiles/zephyr.dir/misc/generated/configs.c.gcda is included (trace)...
(DEBUG)   No filter matched.
(DEBUG) --> File is excluded.
(DEBUG) Check if /home/rodrigo/zephyr-course_ram/twister-out/native_sim_native/host_gnu/zephyr-course_ram/tests/ring_buf/homework.unit.ring_buf/zephyr/CMakeFiles/zephyr.dir/misc/generated/configs.c.gcda is included (trace)...
(DEBUG) --> File is excluded.
(DEBUG) Check if configs.c##3356bb072e255173641e57a30919a97a.gcov is included (gcov file)...
(DEBUG)   Filter AlwaysMatchFilter() matched.
(DEBUG) --> File is included.
(DEBUG) Check if /home/rodrigo/zephyr-course_ram/twister-out/configs.c##3356bb072e255173641e57a30919a97a.gcov is included (trace)...
(DEBUG)   No filter matched.
(DEBUG) --> File is excluded.
(DEBUG) Finding source file corresponding to a gcov data file
  gcov_fname   /home/rodrigo/zephyr-course_ram/twister-out/configs.c##3356bb072e255173641e57a30919a97a.gcov
  current_dir  /home/rodrigo/zephyr-course_ram/twister-out
  root         /home/rodrigo/zephyr-course_ram/app/modules/ring_buf
  starting_dir /home/rodrigo/zephyr-course_ram
  obj_dir      /home/rodrigo/zephyr-course_ram/twister-out
  gcda_fname   native_sim_native/host_gnu/zephyr-course_ram/tests/ring_buf/homework.unit.ring_buf/zephyr/CMakeFiles/zephyr.dir/misc/generated/configs.c.gcda
  --> fname    /home/rodrigo/zephyr-course_ram/twister-out/native_sim_native/host_gnu/zephyr-course_ram/tests/ring_buf/homework.unit.ring_buf/zephyr/misc/generated/configs.c
(DEBUG) Check if /home/rodrigo/zephyr-course_ram/twister-out/native_sim_native/host_gnu/zephyr-course_ram/tests/ring_buf/homework.unit.ring_buf/zephyr/misc/generated/configs.c is included (source file)...
(DEBUG)   No filter matched.
(DEBUG) --> File is excluded.
(DEBUG) Check if /home/rodrigo/zephyr-course_ram/twister-out/native_sim_native/host_gnu/zephyr-course_ram/tests/ring_buf/homework.unit.ring_buf/zephyr/CMakeFiles/zephyr.dir/subsys/logging/backends/log_backend_native_posix.c.gcda is included (trace)...
(DEBUG)   No filter matched.
(DEBUG) --> File is excluded.
(DEBUG) Check if /home/rodrigo/zephyr-course_ram/twister-out/native_sim_native/host_gnu/zephyr-course_ram/tests/ring_buf/homework.unit.ring_buf/zephyr/CMakeFiles/zephyr.dir/subsys/logging/backends/log_backend_native_posix.c.gcda is included (trace)...
(DEBUG) --> File is excluded.
(DEBUG) Check if log_backend_native_posix.c##b21f935e83d015bbc0340394858d467f.gcov is included (gcov file)...
(DEBUG)   Filter AlwaysMatchFilter() matched.
(DEBUG) --> File is included.
(DEBUG) Check if log_backend_std.h##82f254cecf3580810957ee54e23927ed.gcov is included (gcov file)...
(DEBUG)   Filter AlwaysMatchFilter() matched.
(DEBUG) --> File is included.
(DEBUG) Check if log_output.h##d7c74775aa6ec680a2084101274e2263.gcov is included (gcov file)...
(DEBUG)   Filter AlwaysMatchFilter() matched.
(DEBUG) --> File is included.
(DEBUG) Check if /home/rodrigo/zephyr-course_ram/twister-out/log_output.h##d7c74775aa6ec680a2084101274e2263.gcov is included (trace)...
(DEBUG)   No filter matched.
(DEBUG) --> File is excluded.
(DEBUG) Finding source file corresponding to a gcov data file
  gcov_fname   /home/rodrigo/zephyr-course_ram/twister-out/log_output.h##d7c74775aa6ec680a2084101274e2263.gcov
  current_dir  /home/rodrigo/zephyr-course_ram/twister-out
  root         /home/rodrigo/zephyr-course_ram/app/modules/ring_buf
  starting_dir /home/rodrigo/zephyr-course_ram
  obj_dir      /home/rodrigo/zephyr-course_ram/twister-out
  gcda_fname   native_sim_native/host_gnu/zephyr-course_ram/tests/ring_buf/homework.unit.ring_buf/zephyr/CMakeFiles/zephyr.dir/subsys/logging/backends/log_backend_native_posix.c.gcda
  --> fname    /home/rodrigo/zephyrproject/zephyr/include/zephyr/logging/log_output.h
(DEBUG) Check if /home/rodrigo/zephyrproject/zephyr/include/zephyr/logging/log_output.h is included (source file)...
(DEBUG)   No filter matched.
(DEBUG) --> File is excluded.
(DEBUG) Check if /home/rodrigo/zephyr-course_ram/twister-out/log_backend_std.h##82f254cecf3580810957ee54e23927ed.gcov is included (trace)...
(DEBUG)   No filter matched.
(DEBUG) --> File is excluded.
(DEBUG) Finding source file corresponding to a gcov data file
  gcov_fname   /home/rodrigo/zephyr-course_ram/twister-out/log_backend_std.h##82f254cecf3580810957ee54e23927ed.gcov
  current_dir  /home/rodrigo/zephyr-course_ram/twister-out
  root         /home/rodrigo/zephyr-course_ram/app/modules/ring_buf
  starting_dir /home/rodrigo/zephyr-course_ram
  obj_dir      /home/rodrigo/zephyr-course_ram/twister-out
  gcda_fname   native_sim_native/host_gnu/zephyr-course_ram/tests/ring_buf/homework.unit.ring_buf/zephyr/CMakeFiles/zephyr.dir/subsys/logging/backends/log_backend_native_posix.c.gcda
  --> fname    /home/rodrigo/zephyrproject/zephyr/include/zephyr/logging/log_backend_std.h
(DEBUG) Check if /home/rodrigo/zephyrproject/zephyr/include/zephyr/logging/log_backend_std.h is included (source file)...
(DEBUG)   No filter matched.
(DEBUG) --> File is excluded.
(DEBUG) Check if /home/rodrigo/zephyr-course_ram/twister-out/log_backend_native_posix.c##b21f935e83d015bbc0340394858d467f.gcov is included (trace)...
(DEBUG)   No filter matched.
(DEBUG) --> File is excluded.
(DEBUG) Finding source file corresponding to a gcov data file
  gcov_fname   /home/rodrigo/zephyr-course_ram/twister-out/log_backend_native_posix.c##b21f935e83d015bbc0340394858d467f.gcov
  current_dir  /home/rodrigo/zephyr-course_ram/twister-out
  root         /home/rodrigo/zephyr-course_ram/app/modules/ring_buf
  starting_dir /home/rodrigo/zephyr-course_ram
  obj_dir      /home/rodrigo/zephyr-course_ram/twister-out
  gcda_fname   native_sim_native/host_gnu/zephyr-course_ram/tests/ring_buf/homework.unit.ring_buf/zephyr/CMakeFiles/zephyr.dir/subsys/logging/backends/log_backend_native_posix.c.gcda
  --> fname    /home/rodrigo/zephyrproject/zephyr/subsys/logging/backends/log_backend_native_posix.c
(DEBUG) Check if /home/rodrigo/zephyrproject/zephyr/subsys/logging/backends/log_backend_native_posix.c is included (source file)...
(DEBUG)   No filter matched.
(DEBUG) --> File is excluded.
(DEBUG) Check if /home/rodrigo/zephyr-course_ram/twister-out/native_sim_native/host_gnu/zephyr-course_ram/tests/ring_buf/homework.unit.ring_buf/zephyr/CMakeFiles/zephyr.dir/subsys/logging/log_cache.c.gcda is included (trace)...
(DEBUG)   No filter matched.
(DEBUG) --> File is excluded.
(DEBUG) Check if /home/rodrigo/zephyr-course_ram/twister-out/native_sim_native/host_gnu/zephyr-course_ram/tests/ring_buf/homework.unit.ring_buf/zephyr/CMakeFiles/zephyr.dir/subsys/logging/log_cache.c.gcda is included (trace)...
(DEBUG) --> File is excluded.
(DEBUG) Check if log_cache.c##05464e59afcff3bfcf18d363e4a19ec1.gcov is included (gcov file)...
(DEBUG)   Filter AlwaysMatchFilter() matched.
(DEBUG) --> File is included.
(DEBUG) Check if slist.h##48084af0c7a478624712e6629c6036ca.gcov is included (gcov file)...
(DEBUG)   Filter AlwaysMatchFilter() matched.
(DEBUG) --> File is included.
(DEBUG) Check if /home/rodrigo/zephyr-course_ram/twister-out/log_cache.c##05464e59afcff3bfcf18d363e4a19ec1.gcov is included (trace)...
(DEBUG)   No filter matched.
(DEBUG) --> File is excluded.
(DEBUG) Finding source file corresponding to a gcov data file
  gcov_fname   /home/rodrigo/zephyr-course_ram/twister-out/log_cache.c##05464e59afcff3bfcf18d363e4a19ec1.gcov
  current_dir  /home/rodrigo/zephyr-course_ram/twister-out
  root         /home/rodrigo/zephyr-course_ram/app/modules/ring_buf
  starting_dir /home/rodrigo/zephyr-course_ram
  obj_dir      /home/rodrigo/zephyr-course_ram/twister-out
  gcda_fname   native_sim_native/host_gnu/zephyr-course_ram/tests/ring_buf/homework.unit.ring_buf/zephyr/CMakeFiles/zephyr.dir/subsys/logging/log_cache.c.gcda
  --> fname    /home/rodrigo/zephyrproject/zephyr/subsys/logging/log_cache.c
(DEBUG) Check if /home/rodrigo/zephyrproject/zephyr/subsys/logging/log_cache.c is included (source file)...
(DEBUG)   No filter matched.
(DEBUG) --> File is excluded.
(DEBUG) Check if /home/rodrigo/zephyr-course_ram/twister-out/slist.h##48084af0c7a478624712e6629c6036ca.gcov is included (trace)...
(DEBUG)   No filter matched.
(DEBUG) --> File is excluded.
(DEBUG) Finding source file corresponding to a gcov data file
  gcov_fname   /home/rodrigo/zephyr-course_ram/twister-out/slist.h##48084af0c7a478624712e6629c6036ca.gcov
  current_dir  /home/rodrigo/zephyr-course_ram/twister-out
  root         /home/rodrigo/zephyr-course_ram/app/modules/ring_buf
  starting_dir /home/rodrigo/zephyr-course_ram
  obj_dir      /home/rodrigo/zephyr-course_ram/twister-out
  gcda_fname   native_sim_native/host_gnu/zephyr-course_ram/tests/ring_buf/homework.unit.ring_buf/zephyr/CMakeFiles/zephyr.dir/subsys/logging/log_cache.c.gcda
  --> fname    /home/rodrigo/zephyrproject/zephyr/include/zephyr/sys/slist.h
(DEBUG) Check if /home/rodrigo/zephyrproject/zephyr/include/zephyr/sys/slist.h is included (source file)...
(DEBUG)   No filter matched.
(DEBUG) --> File is excluded.
(DEBUG) Check if /home/rodrigo/zephyr-course_ram/twister-out/native_sim_native/host_gnu/zephyr-course_ram/tests/ring_buf/homework.unit.ring_buf/zephyr/CMakeFiles/zephyr.dir/subsys/logging/log_core.c.gcda is included (trace)...
(DEBUG)   No filter matched.
(DEBUG) --> File is excluded.
(DEBUG) Check if /home/rodrigo/zephyr-course_ram/twister-out/native_sim_native/host_gnu/zephyr-course_ram/tests/ring_buf/homework.unit.ring_buf/zephyr/CMakeFiles/zephyr.dir/subsys/logging/log_core.c.gcda is included (trace)...
(DEBUG) --> File is excluded.
(DEBUG) Check if log_core.c##b8e8fec14398afcf22925f71eb1addd0.gcov is included (gcov file)...
(DEBUG)   Filter AlwaysMatchFilter() matched.
(DEBUG) --> File is included.
(DEBUG) Check if log_ctrl.h##2da9817abb95ef06e14010bef9dae56e.gcov is included (gcov file)...
(DEBUG)   Filter AlwaysMatchFilter() matched.
(DEBUG) --> File is included.
(DEBUG) Check if log_backend.h##d67999ebc60a28b05e53ce907e03ce75.gcov is included (gcov file)...
(DEBUG)   Filter AlwaysMatchFilter() matched.
(DEBUG) --> File is included.
(DEBUG) Check if kernel.h##33e25e586cdfb0cc7078a38f16ec62da.gcov is included (gcov file)...
(DEBUG) --> File is included.
(DEBUG) Check if kernel.h##2d3fbe341137ae796abdfaeb5a853926.gcov is included (gcov file)...
(DEBUG) --> File is included.
(DEBUG) Check if spinlock.h##d84264fdde7bca8b949809fef8cbefdd.gcov is included (gcov file)...
(DEBUG) --> File is included.
(DEBUG) Check if log_msg.h##fe60156c532143d1e30e21c32299f503.gcov is included (gcov file)...
(DEBUG) --> File is included.
(DEBUG) Check if arch.h##239ee5cbaf1f4f5309f62049e6f0de61.gcov is included (gcov file)...
(DEBUG) --> File is included.
(DEBUG) Check if syscall.h##f78b8447055080e06b9c6a9c432569e6.gcov is included (gcov file)...
(DEBUG) --> File is included.
(DEBUG) Check if atomic_builtin.h##79da073a889296c4fcd3179c020012a3.gcov is included (gcov file)...
(DEBUG)   Filter AlwaysMatchFilter() matched.
(DEBUG) --> File is included.
(DEBUG) Check if /home/rodrigo/zephyr-course_ram/twister-out/arch.h##239ee5cbaf1f4f5309f62049e6f0de61.gcov is included (trace)...
(DEBUG) --> File is excluded.
(DEBUG) Finding source file corresponding to a gcov data file
  gcov_fname   /home/rodrigo/zephyr-course_ram/twister-out/arch.h##239ee5cbaf1f4f5309f62049e6f0de61.gcov
  current_dir  /home/rodrigo/zephyr-course_ram/twister-out
  root         /home/rodrigo/zephyr-course_ram/app/modules/ring_buf
  starting_dir /home/rodrigo/zephyr-course_ram
  obj_dir      /home/rodrigo/zephyr-course_ram/twister-out
  gcda_fname   native_sim_native/host_gnu/zephyr-course_ram/tests/ring_buf/homework.unit.ring_buf/zephyr/CMakeFiles/zephyr.dir/subsys/logging/log_core.c.gcda
  --> fname    /home/rodrigo/zephyrproject/zephyr/include/zephyr/arch/posix/arch.h
(DEBUG) Check if /home/rodrigo/zephyrproject/zephyr/include/zephyr/arch/posix/arch.h is included (source file)...
(DEBUG) --> File is excluded.
(DEBUG) Check if /home/rodrigo/zephyr-course_ram/twister-out/log_msg.h##fe60156c532143d1e30e21c32299f503.gcov is included (trace)...
(DEBUG) --> File is excluded.
(DEBUG) Finding source file corresponding to a gcov data file
  gcov_fname   /home/rodrigo/zephyr-course_ram/twister-out/log_msg.h##fe60156c532143d1e30e21c32299f503.gcov
  current_dir  /home/rodrigo/zephyr-course_ram/twister-out
  root         /home/rodrigo/zephyr-course_ram/app/modules/ring_buf
  starting_dir /home/rodrigo/zephyr-course_ram
  obj_dir      /home/rodrigo/zephyr-course_ram/twister-out
  gcda_fname   native_sim_native/host_gnu/zephyr-course_ram/tests/ring_buf/homework.unit.ring_buf/zephyr/CMakeFiles/zephyr.dir/subsys/logging/log_core.c.gcda
  --> fname    /home/rodrigo/zephyrproject/zephyr/include/zephyr/logging/log_msg.h
(DEBUG) Check if /home/rodrigo/zephyrproject/zephyr/include/zephyr/logging/log_msg.h is included (source file)...
(DEBUG) --> File is excluded.
(DEBUG) Check if /home/rodrigo/zephyr-course_ram/twister-out/syscall.h##f78b8447055080e06b9c6a9c432569e6.gcov is included (trace)...
(DEBUG) --> File is excluded.
(DEBUG) Finding source file corresponding to a gcov data file
  gcov_fname   /home/rodrigo/zephyr-course_ram/twister-out/syscall.h##f78b8447055080e06b9c6a9c432569e6.gcov
  current_dir  /home/rodrigo/zephyr-course_ram/twister-out
  root         /home/rodrigo/zephyr-course_ram/app/modules/ring_buf
  starting_dir /home/rodrigo/zephyr-course_ram
  obj_dir      /home/rodrigo/zephyr-course_ram/twister-out
  gcda_fname   native_sim_native/host_gnu/zephyr-course_ram/tests/ring_buf/homework.unit.ring_buf/zephyr/CMakeFiles/zephyr.dir/subsys/logging/log_core.c.gcda
  --> fname    /home/rodrigo/zephyrproject/zephyr/include/zephyr/syscall.h
(DEBUG) Check if /home/rodrigo/zephyrproject/zephyr/include/zephyr/syscall.h is included (source file)...
(DEBUG) --> File is excluded.
(DEBUG) Check if /home/rodrigo/zephyr-course_ram/twister-out/atomic_builtin.h##79da073a889296c4fcd3179c020012a3.gcov is included (trace)...
(DEBUG)   No filter matched.
(DEBUG) --> File is excluded.
(DEBUG) Finding source file corresponding to a gcov data file
  gcov_fname   /home/rodrigo/zephyr-course_ram/twister-out/atomic_builtin.h##79da073a889296c4fcd3179c020012a3.gcov
  current_dir  /home/rodrigo/zephyr-course_ram/twister-out
  root         /home/rodrigo/zephyr-course_ram/app/modules/ring_buf
  starting_dir /home/rodrigo/zephyr-course_ram
  obj_dir      /home/rodrigo/zephyr-course_ram/twister-out
  gcda_fname   native_sim_native/host_gnu/zephyr-course_ram/tests/ring_buf/homework.unit.ring_buf/zephyr/CMakeFiles/zephyr.dir/subsys/logging/log_core.c.gcda
  --> fname    /home/rodrigo/zephyrproject/zephyr/include/zephyr/sys/atomic_builtin.h
(DEBUG) Check if /home/rodrigo/zephyrproject/zephyr/include/zephyr/sys/atomic_builtin.h is included (source file)...
(DEBUG)   No filter matched.
(DEBUG) --> File is excluded.
(DEBUG) Check if /home/rodrigo/zephyr-course_ram/twister-out/log_backend.h##d67999ebc60a28b05e53ce907e03ce75.gcov is included (trace)...
(DEBUG)   No filter matched.
(DEBUG) --> File is excluded.
(DEBUG) Finding source file corresponding to a gcov data file
  gcov_fname   /home/rodrigo/zephyr-course_ram/twister-out/log_backend.h##d67999ebc60a28b05e53ce907e03ce75.gcov
  current_dir  /home/rodrigo/zephyr-course_ram/twister-out
  root         /home/rodrigo/zephyr-course_ram/app/modules/ring_buf
  starting_dir /home/rodrigo/zephyr-course_ram
  obj_dir      /home/rodrigo/zephyr-course_ram/twister-out
  gcda_fname   native_sim_native/host_gnu/zephyr-course_ram/tests/ring_buf/homework.unit.ring_buf/zephyr/CMakeFiles/zephyr.dir/subsys/logging/log_core.c.gcda
  --> fname    /home/rodrigo/zephyrproject/zephyr/include/zephyr/logging/log_backend.h
(DEBUG) Check if /home/rodrigo/zephyrproject/zephyr/include/zephyr/logging/log_backend.h is included (source file)...
(DEBUG)   No filter matched.
(DEBUG) --> File is excluded.
(DEBUG) Check if /home/rodrigo/zephyr-course_ram/twister-out/spinlock.h##d84264fdde7bca8b949809fef8cbefdd.gcov is included (trace)...
(DEBUG) --> File is excluded.
(DEBUG) Finding source file corresponding to a gcov data file
  gcov_fname   /home/rodrigo/zephyr-course_ram/twister-out/spinlock.h##d84264fdde7bca8b949809fef8cbefdd.gcov
  current_dir  /home/rodrigo/zephyr-course_ram/twister-out
  root         /home/rodrigo/zephyr-course_ram/app/modules/ring_buf
  starting_dir /home/rodrigo/zephyr-course_ram
  obj_dir      /home/rodrigo/zephyr-course_ram/twister-out
  gcda_fname   native_sim_native/host_gnu/zephyr-course_ram/tests/ring_buf/homework.unit.ring_buf/zephyr/CMakeFiles/zephyr.dir/subsys/logging/log_core.c.gcda
  --> fname    /home/rodrigo/zephyrproject/zephyr/include/zephyr/spinlock.h
(DEBUG) Check if /home/rodrigo/zephyrproject/zephyr/include/zephyr/spinlock.h is included (source file)...
(DEBUG) --> File is excluded.
(DEBUG) Check if /home/rodrigo/zephyr-course_ram/twister-out/log_ctrl.h##2da9817abb95ef06e14010bef9dae56e.gcov is included (trace)...
(DEBUG)   No filter matched.
(DEBUG) --> File is excluded.
(DEBUG) Finding source file corresponding to a gcov data file
  gcov_fname   /home/rodrigo/zephyr-course_ram/twister-out/log_ctrl.h##2da9817abb95ef06e14010bef9dae56e.gcov
  current_dir  /home/rodrigo/zephyr-course_ram/twister-out
  root         /home/rodrigo/zephyr-course_ram/app/modules/ring_buf
  starting_dir /home/rodrigo/zephyr-course_ram
  obj_dir      /home/rodrigo/zephyr-course_ram/twister-out
  gcda_fname   native_sim_native/host_gnu/zephyr-course_ram/tests/ring_buf/homework.unit.ring_buf/zephyr/CMakeFiles/zephyr.dir/subsys/logging/log_core.c.gcda
  --> fname    /home/rodrigo/zephyr-course_ram/twister-out/native_sim_native/host_gnu/zephyr-course_ram/tests/ring_buf/homework.unit.ring_buf/zephyr/include/generated/zephyr/syscalls/log_ctrl.h
(DEBUG) Check if /home/rodrigo/zephyr-course_ram/twister-out/native_sim_native/host_gnu/zephyr-course_ram/tests/ring_buf/homework.unit.ring_buf/zephyr/include/generated/zephyr/syscalls/log_ctrl.h is included (source file)...
(DEBUG)   No filter matched.
(DEBUG) --> File is excluded.
(DEBUG) Check if /home/rodrigo/zephyr-course_ram/twister-out/kernel.h##2d3fbe341137ae796abdfaeb5a853926.gcov is included (trace)...
(DEBUG) --> File is excluded.
(DEBUG) Finding source file corresponding to a gcov data file
  gcov_fname   /home/rodrigo/zephyr-course_ram/twister-out/kernel.h##2d3fbe341137ae796abdfaeb5a853926.gcov
  current_dir  /home/rodrigo/zephyr-course_ram/twister-out
  root         /home/rodrigo/zephyr-course_ram/app/modules/ring_buf
  starting_dir /home/rodrigo/zephyr-course_ram
  obj_dir      /home/rodrigo/zephyr-course_ram/twister-out
  gcda_fname   native_sim_native/host_gnu/zephyr-course_ram/tests/ring_buf/homework.unit.ring_buf/zephyr/CMakeFiles/zephyr.dir/subsys/logging/log_core.c.gcda
  --> fname    /home/rodrigo/zephyrproject/zephyr/include/zephyr/kernel.h
(DEBUG) Check if /home/rodrigo/zephyrproject/zephyr/include/zephyr/kernel.h is included (source file)...
(DEBUG) --> File is excluded.
(DEBUG) Check if /home/rodrigo/zephyr-course_ram/twister-out/kernel.h##33e25e586cdfb0cc7078a38f16ec62da.gcov is included (trace)...
(DEBUG) --> File is excluded.
(DEBUG) Finding source file corresponding to a gcov data file
  gcov_fname   /home/rodrigo/zephyr-course_ram/twister-out/kernel.h##33e25e586cdfb0cc7078a38f16ec62da.gcov
  current_dir  /home/rodrigo/zephyr-course_ram/twister-out
  root         /home/rodrigo/zephyr-course_ram/app/modules/ring_buf
  starting_dir /home/rodrigo/zephyr-course_ram
  obj_dir      /home/rodrigo/zephyr-course_ram/twister-out
  gcda_fname   native_sim_native/host_gnu/zephyr-course_ram/tests/ring_buf/homework.unit.ring_buf/zephyr/CMakeFiles/zephyr.dir/subsys/logging/log_core.c.gcda
  --> fname    /home/rodrigo/zephyr-course_ram/twister-out/native_sim_native/host_gnu/zephyr-course_ram/tests/ring_buf/homework.unit.ring_buf/zephyr/include/generated/zephyr/syscalls/kernel.h
(DEBUG) Check if /home/rodrigo/zephyr-course_ram/twister-out/native_sim_native/host_gnu/zephyr-course_ram/tests/ring_buf/homework.unit.ring_buf/zephyr/include/generated/zephyr/syscalls/kernel.h is included (source file)...
(DEBUG) --> File is excluded.
(DEBUG) Check if /home/rodrigo/zephyr-course_ram/twister-out/log_core.c##b8e8fec14398afcf22925f71eb1addd0.gcov is included (trace)...
(DEBUG)   No filter matched.
(DEBUG) --> File is excluded.
(DEBUG) Finding source file corresponding to a gcov data file
  gcov_fname   /home/rodrigo/zephyr-course_ram/twister-out/log_core.c##b8e8fec14398afcf22925f71eb1addd0.gcov
  current_dir  /home/rodrigo/zephyr-course_ram/twister-out
  root         /home/rodrigo/zephyr-course_ram/app/modules/ring_buf
  starting_dir /home/rodrigo/zephyr-course_ram
  obj_dir      /home/rodrigo/zephyr-course_ram/twister-out
  gcda_fname   native_sim_native/host_gnu/zephyr-course_ram/tests/ring_buf/homework.unit.ring_buf/zephyr/CMakeFiles/zephyr.dir/subsys/logging/log_core.c.gcda
  --> fname    /home/rodrigo/zephyrproject/zephyr/subsys/logging/log_core.c
(DEBUG) Check if /home/rodrigo/zephyrproject/zephyr/subsys/logging/log_core.c is included (source file)...
(DEBUG)   No filter matched.
(DEBUG) --> File is excluded.
(DEBUG) Check if /home/rodrigo/zephyr-course_ram/twister-out/native_sim_native/host_gnu/zephyr-course_ram/tests/ring_buf/homework.unit.ring_buf/zephyr/CMakeFiles/zephyr.dir/subsys/logging/log_mgmt.c.gcda is included (trace)...
(DEBUG)   No filter matched.
(DEBUG) --> File is excluded.
(DEBUG) Check if /home/rodrigo/zephyr-course_ram/twister-out/native_sim_native/host_gnu/zephyr-course_ram/tests/ring_buf/homework.unit.ring_buf/zephyr/CMakeFiles/zephyr.dir/subsys/logging/log_mgmt.c.gcda is included (trace)...
(DEBUG) --> File is excluded.
(DEBUG) Check if log_mgmt.c##1ceed62e9ff5ca1298e22fe743ca2b5f.gcov is included (gcov file)...
(DEBUG)   Filter AlwaysMatchFilter() matched.
(DEBUG) --> File is included.
(DEBUG) Check if log_link.h##fbd77651b50e14be11e97978d3d770bd.gcov is included (gcov file)...
(DEBUG)   Filter AlwaysMatchFilter() matched.
(DEBUG) --> File is included.
(DEBUG) Check if log_ctrl.h##2da9817abb95ef06e14010bef9dae56e.gcov is included (gcov file)...
(DEBUG) --> File is included.
(DEBUG) Check if log_backend.h##d67999ebc60a28b05e53ce907e03ce75.gcov is included (gcov file)...
(DEBUG) --> File is included.
(DEBUG) Check if log_internal.h##530ca66d4d87e167cac601b7ca4f1bc4.gcov is included (gcov file)...
(DEBUG)   Filter AlwaysMatchFilter() matched.
(DEBUG) --> File is included.
(DEBUG) Check if log_core.h##29ab2e64b43f28b63c826b995da45413.gcov is included (gcov file)...
(DEBUG)   Filter AlwaysMatchFilter() matched.
(DEBUG) --> File is included.
(DEBUG) Check if /home/rodrigo/zephyr-course_ram/twister-out/log_internal.h##530ca66d4d87e167cac601b7ca4f1bc4.gcov is included (trace)...
(DEBUG)   No filter matched.
(DEBUG) --> File is excluded.
(DEBUG) Finding source file corresponding to a gcov data file
  gcov_fname   /home/rodrigo/zephyr-course_ram/twister-out/log_internal.h##530ca66d4d87e167cac601b7ca4f1bc4.gcov
  current_dir  /home/rodrigo/zephyr-course_ram/twister-out
  root         /home/rodrigo/zephyr-course_ram/app/modules/ring_buf
  starting_dir /home/rodrigo/zephyr-course_ram
  obj_dir      /home/rodrigo/zephyr-course_ram/twister-out
  gcda_fname   native_sim_native/host_gnu/zephyr-course_ram/tests/ring_buf/homework.unit.ring_buf/zephyr/CMakeFiles/zephyr.dir/subsys/logging/log_mgmt.c.gcda
  --> fname    /home/rodrigo/zephyrproject/zephyr/include/zephyr/logging/log_internal.h
(DEBUG) Check if /home/rodrigo/zephyrproject/zephyr/include/zephyr/logging/log_internal.h is included (source file)...
(DEBUG)   No filter matched.
(DEBUG) --> File is excluded.
(DEBUG) Check if /home/rodrigo/zephyr-course_ram/twister-out/log_mgmt.c##1ceed62e9ff5ca1298e22fe743ca2b5f.gcov is included (trace)...
(DEBUG)   No filter matched.
(DEBUG) --> File is excluded.
(DEBUG) Finding source file corresponding to a gcov data file
  gcov_fname   /home/rodrigo/zephyr-course_ram/twister-out/log_mgmt.c##1ceed62e9ff5ca1298e22fe743ca2b5f.gcov
  current_dir  /home/rodrigo/zephyr-course_ram/twister-out
  root         /home/rodrigo/zephyr-course_ram/app/modules/ring_buf
  starting_dir /home/rodrigo/zephyr-course_ram
  obj_dir      /home/rodrigo/zephyr-course_ram/twister-out
  gcda_fname   native_sim_native/host_gnu/zephyr-course_ram/tests/ring_buf/homework.unit.ring_buf/zephyr/CMakeFiles/zephyr.dir/subsys/logging/log_mgmt.c.gcda
  --> fname    /home/rodrigo/zephyrproject/zephyr/subsys/logging/log_mgmt.c
(DEBUG) Check if /home/rodrigo/zephyrproject/zephyr/subsys/logging/log_mgmt.c is included (source file)...
(DEBUG)   No filter matched.
(DEBUG) --> File is excluded.
(DEBUG) Check if /home/rodrigo/zephyr-course_ram/twister-out/log_backend.h##d67999ebc60a28b05e53ce907e03ce75.gcov is included (trace)...
(DEBUG) --> File is excluded.
(DEBUG) Finding source file corresponding to a gcov data file
  gcov_fname   /home/rodrigo/zephyr-course_ram/twister-out/log_backend.h##d67999ebc60a28b05e53ce907e03ce75.gcov
  current_dir  /home/rodrigo/zephyr-course_ram/twister-out
  root         /home/rodrigo/zephyr-course_ram/app/modules/ring_buf
  starting_dir /home/rodrigo/zephyr-course_ram
  obj_dir      /home/rodrigo/zephyr-course_ram/twister-out
  gcda_fname   native_sim_native/host_gnu/zephyr-course_ram/tests/ring_buf/homework.unit.ring_buf/zephyr/CMakeFiles/zephyr.dir/subsys/logging/log_mgmt.c.gcda
  --> fname    /home/rodrigo/zephyrproject/zephyr/include/zephyr/logging/log_backend.h
(DEBUG) Check if /home/rodrigo/zephyrproject/zephyr/include/zephyr/logging/log_backend.h is included (source file)...
(DEBUG) --> File is excluded.
(DEBUG) Check if /home/rodrigo/zephyr-course_ram/twister-out/log_core.h##29ab2e64b43f28b63c826b995da45413.gcov is included (trace)...
(DEBUG)   No filter matched.
(DEBUG) --> File is excluded.
(DEBUG) Finding source file corresponding to a gcov data file
  gcov_fname   /home/rodrigo/zephyr-course_ram/twister-out/log_core.h##29ab2e64b43f28b63c826b995da45413.gcov
  current_dir  /home/rodrigo/zephyr-course_ram/twister-out
  root         /home/rodrigo/zephyr-course_ram/app/modules/ring_buf
  starting_dir /home/rodrigo/zephyr-course_ram
  obj_dir      /home/rodrigo/zephyr-course_ram/twister-out
  gcda_fname   native_sim_native/host_gnu/zephyr-course_ram/tests/ring_buf/homework.unit.ring_buf/zephyr/CMakeFiles/zephyr.dir/subsys/logging/log_mgmt.c.gcda
  --> fname    /home/rodrigo/zephyrproject/zephyr/include/zephyr/logging/log_core.h
(DEBUG) Check if /home/rodrigo/zephyrproject/zephyr/include/zephyr/logging/log_core.h is included (source file)...
(DEBUG)   No filter matched.
(DEBUG) --> File is excluded.
(DEBUG) Check if /home/rodrigo/zephyr-course_ram/twister-out/log_ctrl.h##2da9817abb95ef06e14010bef9dae56e.gcov is included (trace)...
(DEBUG) --> File is excluded.
(DEBUG) Finding source file corresponding to a gcov data file
  gcov_fname   /home/rodrigo/zephyr-course_ram/twister-out/log_ctrl.h##2da9817abb95ef06e14010bef9dae56e.gcov
  current_dir  /home/rodrigo/zephyr-course_ram/twister-out
  root         /home/rodrigo/zephyr-course_ram/app/modules/ring_buf
  starting_dir /home/rodrigo/zephyr-course_ram
  obj_dir      /home/rodrigo/zephyr-course_ram/twister-out
  gcda_fname   native_sim_native/host_gnu/zephyr-course_ram/tests/ring_buf/homework.unit.ring_buf/zephyr/CMakeFiles/zephyr.dir/subsys/logging/log_mgmt.c.gcda
  --> fname    /home/rodrigo/zephyr-course_ram/twister-out/native_sim_native/host_gnu/zephyr-course_ram/tests/ring_buf/homework.unit.ring_buf/zephyr/include/generated/zephyr/syscalls/log_ctrl.h
(DEBUG) Check if /home/rodrigo/zephyr-course_ram/twister-out/native_sim_native/host_gnu/zephyr-course_ram/tests/ring_buf/homework.unit.ring_buf/zephyr/include/generated/zephyr/syscalls/log_ctrl.h is included (source file)...
(DEBUG) --> File is excluded.
(DEBUG) Check if /home/rodrigo/zephyr-course_ram/twister-out/log_link.h##fbd77651b50e14be11e97978d3d770bd.gcov is included (trace)...
(DEBUG)   No filter matched.
(DEBUG) --> File is excluded.
(DEBUG) Finding source file corresponding to a gcov data file
  gcov_fname   /home/rodrigo/zephyr-course_ram/twister-out/log_link.h##fbd77651b50e14be11e97978d3d770bd.gcov
  current_dir  /home/rodrigo/zephyr-course_ram/twister-out
  root         /home/rodrigo/zephyr-course_ram/app/modules/ring_buf
  starting_dir /home/rodrigo/zephyr-course_ram
  obj_dir      /home/rodrigo/zephyr-course_ram/twister-out
  gcda_fname   native_sim_native/host_gnu/zephyr-course_ram/tests/ring_buf/homework.unit.ring_buf/zephyr/CMakeFiles/zephyr.dir/subsys/logging/log_mgmt.c.gcda
  --> fname    /home/rodrigo/zephyrproject/zephyr/include/zephyr/logging/log_link.h
(DEBUG) Check if /home/rodrigo/zephyrproject/zephyr/include/zephyr/logging/log_link.h is included (source file)...
(DEBUG)   No filter matched.
(DEBUG) --> File is excluded.
(DEBUG) Check if /home/rodrigo/zephyr-course_ram/twister-out/native_sim_native/host_gnu/zephyr-course_ram/tests/ring_buf/homework.unit.ring_buf/zephyr/CMakeFiles/zephyr.dir/subsys/logging/log_msg.c.gcda is included (trace)...
(DEBUG)   No filter matched.
(DEBUG) --> File is excluded.
(DEBUG) Check if /home/rodrigo/zephyr-course_ram/twister-out/native_sim_native/host_gnu/zephyr-course_ram/tests/ring_buf/homework.unit.ring_buf/zephyr/CMakeFiles/zephyr.dir/subsys/logging/log_msg.c.gcda is included (trace)...
(DEBUG) --> File is excluded.
(DEBUG) Check if log_msg.c##a155c567c22fa34fcdc55a1325680e7c.gcov is included (gcov file)...
(DEBUG)   Filter AlwaysMatchFilter() matched.
(DEBUG) --> File is included.
(DEBUG) Check if log_internal.h##530ca66d4d87e167cac601b7ca4f1bc4.gcov is included (gcov file)...
(DEBUG) --> File is included.
(DEBUG) Check if log_core.h##29ab2e64b43f28b63c826b995da45413.gcov is included (gcov file)...
(DEBUG) --> File is included.
(DEBUG) Check if log_msg.h##f0ef91a28a5c8f8938740200e8814949.gcov is included (gcov file)...
(DEBUG)   Filter AlwaysMatchFilter() matched.
(DEBUG) --> File is included.
(DEBUG) Check if log_msg.h##fe60156c532143d1e30e21c32299f503.gcov is included (gcov file)...
(DEBUG) --> File is included.
(DEBUG) Check if cbprintf.h##861664753c94dde883f49830f3034215.gcov is included (gcov file)...
(DEBUG) --> File is included.
(DEBUG) Check if syscall.h##f78b8447055080e06b9c6a9c432569e6.gcov is included (gcov file)...
(DEBUG) --> File is included.
(DEBUG) Check if /home/rodrigo/zephyr-course_ram/twister-out/cbprintf.h##861664753c94dde883f49830f3034215.gcov is included (trace)...
(DEBUG) --> File is excluded.
(DEBUG) Finding source file corresponding to a gcov data file
  gcov_fname   /home/rodrigo/zephyr-course_ram/twister-out/cbprintf.h##861664753c94dde883f49830f3034215.gcov
  current_dir  /home/rodrigo/zephyr-course_ram/twister-out
  root         /home/rodrigo/zephyr-course_ram/app/modules/ring_buf
  starting_dir /home/rodrigo/zephyr-course_ram
  obj_dir      /home/rodrigo/zephyr-course_ram/twister-out
  gcda_fname   native_sim_native/host_gnu/zephyr-course_ram/tests/ring_buf/homework.unit.ring_buf/zephyr/CMakeFiles/zephyr.dir/subsys/logging/log_msg.c.gcda
  --> fname    /home/rodrigo/zephyrproject/zephyr/include/zephyr/sys/cbprintf.h
(DEBUG) Check if /home/rodrigo/zephyrproject/zephyr/include/zephyr/sys/cbprintf.h is included (source file)...
(DEBUG) --> File is excluded.
(DEBUG) Check if /home/rodrigo/zephyr-course_ram/twister-out/log_msg.h##fe60156c532143d1e30e21c32299f503.gcov is included (trace)...
(DEBUG) --> File is excluded.
(DEBUG) Finding source file corresponding to a gcov data file
  gcov_fname   /home/rodrigo/zephyr-course_ram/twister-out/log_msg.h##fe60156c532143d1e30e21c32299f503.gcov
  current_dir  /home/rodrigo/zephyr-course_ram/twister-out
  root         /home/rodrigo/zephyr-course_ram/app/modules/ring_buf
  starting_dir /home/rodrigo/zephyr-course_ram
  obj_dir      /home/rodrigo/zephyr-course_ram/twister-out
  gcda_fname   native_sim_native/host_gnu/zephyr-course_ram/tests/ring_buf/homework.unit.ring_buf/zephyr/CMakeFiles/zephyr.dir/subsys/logging/log_msg.c.gcda
  --> fname    /home/rodrigo/zephyrproject/zephyr/include/zephyr/logging/log_msg.h
(DEBUG) Check if /home/rodrigo/zephyrproject/zephyr/include/zephyr/logging/log_msg.h is included (source file)...
(DEBUG) --> File is excluded.
(DEBUG) Check if /home/rodrigo/zephyr-course_ram/twister-out/log_internal.h##530ca66d4d87e167cac601b7ca4f1bc4.gcov is included (trace)...
(DEBUG) --> File is excluded.
(DEBUG) Finding source file corresponding to a gcov data file
  gcov_fname   /home/rodrigo/zephyr-course_ram/twister-out/log_internal.h##530ca66d4d87e167cac601b7ca4f1bc4.gcov
  current_dir  /home/rodrigo/zephyr-course_ram/twister-out
  root         /home/rodrigo/zephyr-course_ram/app/modules/ring_buf
  starting_dir /home/rodrigo/zephyr-course_ram
  obj_dir      /home/rodrigo/zephyr-course_ram/twister-out
  gcda_fname   native_sim_native/host_gnu/zephyr-course_ram/tests/ring_buf/homework.unit.ring_buf/zephyr/CMakeFiles/zephyr.dir/subsys/logging/log_msg.c.gcda
  --> fname    /home/rodrigo/zephyrproject/zephyr/include/zephyr/logging/log_internal.h
(DEBUG) Check if /home/rodrigo/zephyrproject/zephyr/include/zephyr/logging/log_internal.h is included (source file)...
(DEBUG) --> File is excluded.
(DEBUG) Check if /home/rodrigo/zephyr-course_ram/twister-out/syscall.h##f78b8447055080e06b9c6a9c432569e6.gcov is included (trace)...
(DEBUG) --> File is excluded.
(DEBUG) Finding source file corresponding to a gcov data file
  gcov_fname   /home/rodrigo/zephyr-course_ram/twister-out/syscall.h##f78b8447055080e06b9c6a9c432569e6.gcov
  current_dir  /home/rodrigo/zephyr-course_ram/twister-out
  root         /home/rodrigo/zephyr-course_ram/app/modules/ring_buf
  starting_dir /home/rodrigo/zephyr-course_ram
  obj_dir      /home/rodrigo/zephyr-course_ram/twister-out
  gcda_fname   native_sim_native/host_gnu/zephyr-course_ram/tests/ring_buf/homework.unit.ring_buf/zephyr/CMakeFiles/zephyr.dir/subsys/logging/log_msg.c.gcda
  --> fname    /home/rodrigo/zephyrproject/zephyr/include/zephyr/syscall.h
(DEBUG) Check if /home/rodrigo/zephyrproject/zephyr/include/zephyr/syscall.h is included (source file)...
(DEBUG) --> File is excluded.
(DEBUG) Check if /home/rodrigo/zephyr-course_ram/twister-out/log_core.h##29ab2e64b43f28b63c826b995da45413.gcov is included (trace)...
(DEBUG) --> File is excluded.
(DEBUG) Finding source file corresponding to a gcov data file
  gcov_fname   /home/rodrigo/zephyr-course_ram/twister-out/log_core.h##29ab2e64b43f28b63c826b995da45413.gcov
  current_dir  /home/rodrigo/zephyr-course_ram/twister-out
  root         /home/rodrigo/zephyr-course_ram/app/modules/ring_buf
  starting_dir /home/rodrigo/zephyr-course_ram
  obj_dir      /home/rodrigo/zephyr-course_ram/twister-out
  gcda_fname   native_sim_native/host_gnu/zephyr-course_ram/tests/ring_buf/homework.unit.ring_buf/zephyr/CMakeFiles/zephyr.dir/subsys/logging/log_msg.c.gcda
  --> fname    /home/rodrigo/zephyrproject/zephyr/include/zephyr/logging/log_core.h
(DEBUG) Check if /home/rodrigo/zephyrproject/zephyr/include/zephyr/logging/log_core.h is included (source file)...
(DEBUG) --> File is excluded.
(DEBUG) Check if /home/rodrigo/zephyr-course_ram/twister-out/log_msg.c##a155c567c22fa34fcdc55a1325680e7c.gcov is included (trace)...
(DEBUG)   No filter matched.
(DEBUG) --> File is excluded.
(DEBUG) Finding source file corresponding to a gcov data file
  gcov_fname   /home/rodrigo/zephyr-course_ram/twister-out/log_msg.c##a155c567c22fa34fcdc55a1325680e7c.gcov
  current_dir  /home/rodrigo/zephyr-course_ram/twister-out
  root         /home/rodrigo/zephyr-course_ram/app/modules/ring_buf
  starting_dir /home/rodrigo/zephyr-course_ram
  obj_dir      /home/rodrigo/zephyr-course_ram/twister-out
  gcda_fname   native_sim_native/host_gnu/zephyr-course_ram/tests/ring_buf/homework.unit.ring_buf/zephyr/CMakeFiles/zephyr.dir/subsys/logging/log_msg.c.gcda
  --> fname    /home/rodrigo/zephyrproject/zephyr/subsys/logging/log_msg.c
(DEBUG) Check if /home/rodrigo/zephyrproject/zephyr/subsys/logging/log_msg.c is included (source file)...
(DEBUG)   No filter matched.
(DEBUG) --> File is excluded.
(DEBUG) Check if /home/rodrigo/zephyr-course_ram/twister-out/log_msg.h##f0ef91a28a5c8f8938740200e8814949.gcov is included (trace)...
(DEBUG)   No filter matched.
(DEBUG) --> File is excluded.
(DEBUG) Finding source file corresponding to a gcov data file
  gcov_fname   /home/rodrigo/zephyr-course_ram/twister-out/log_msg.h##f0ef91a28a5c8f8938740200e8814949.gcov
  current_dir  /home/rodrigo/zephyr-course_ram/twister-out
  root         /home/rodrigo/zephyr-course_ram/app/modules/ring_buf
  starting_dir /home/rodrigo/zephyr-course_ram
  obj_dir      /home/rodrigo/zephyr-course_ram/twister-out
  gcda_fname   native_sim_native/host_gnu/zephyr-course_ram/tests/ring_buf/homework.unit.ring_buf/zephyr/CMakeFiles/zephyr.dir/subsys/logging/log_msg.c.gcda
  --> fname    /home/rodrigo/zephyr-course_ram/twister-out/native_sim_native/host_gnu/zephyr-course_ram/tests/ring_buf/homework.unit.ring_buf/zephyr/include/generated/zephyr/syscalls/log_msg.h
(DEBUG) Check if /home/rodrigo/zephyr-course_ram/twister-out/native_sim_native/host_gnu/zephyr-course_ram/tests/ring_buf/homework.unit.ring_buf/zephyr/include/generated/zephyr/syscalls/log_msg.h is included (source file)...
(DEBUG)   No filter matched.
(DEBUG) --> File is excluded.
(DEBUG) Check if /home/rodrigo/zephyr-course_ram/twister-out/native_sim_native/host_gnu/zephyr-course_ram/tests/ring_buf/homework.unit.ring_buf/zephyr/CMakeFiles/zephyr.dir/subsys/logging/log_output.c.gcda is included (trace)...
(DEBUG)   No filter matched.
(DEBUG) --> File is excluded.
(DEBUG) Check if /home/rodrigo/zephyr-course_ram/twister-out/native_sim_native/host_gnu/zephyr-course_ram/tests/ring_buf/homework.unit.ring_buf/zephyr/CMakeFiles/zephyr.dir/subsys/logging/log_output.c.gcda is included (trace)...
(DEBUG) --> File is excluded.
(DEBUG) Check if log_output.c##a91c858cd92139432024942b0315e5f8.gcov is included (gcov file)...
(DEBUG)   Filter AlwaysMatchFilter() matched.
(DEBUG) --> File is included.
(DEBUG) Check if log_output.h##d7c74775aa6ec680a2084101274e2263.gcov is included (gcov file)...
(DEBUG) --> File is included.
(DEBUG) Check if log_msg.h##fe60156c532143d1e30e21c32299f503.gcov is included (gcov file)...
(DEBUG) --> File is included.
(DEBUG) Check if cbprintf.h##861664753c94dde883f49830f3034215.gcov is included (gcov file)...
(DEBUG) --> File is included.
(DEBUG) Check if /home/rodrigo/zephyr-course_ram/twister-out/log_output.h##d7c74775aa6ec680a2084101274e2263.gcov is included (trace)...
(DEBUG) --> File is excluded.
(DEBUG) Finding source file corresponding to a gcov data file
  gcov_fname   /home/rodrigo/zephyr-course_ram/twister-out/log_output.h##d7c74775aa6ec680a2084101274e2263.gcov
  current_dir  /home/rodrigo/zephyr-course_ram/twister-out
  root         /home/rodrigo/zephyr-course_ram/app/modules/ring_buf
  starting_dir /home/rodrigo/zephyr-course_ram
  obj_dir      /home/rodrigo/zephyr-course_ram/twister-out
  gcda_fname   native_sim_native/host_gnu/zephyr-course_ram/tests/ring_buf/homework.unit.ring_buf/zephyr/CMakeFiles/zephyr.dir/subsys/logging/log_output.c.gcda
  --> fname    /home/rodrigo/zephyrproject/zephyr/include/zephyr/logging/log_output.h
(DEBUG) Check if /home/rodrigo/zephyrproject/zephyr/include/zephyr/logging/log_output.h is included (source file)...
(DEBUG) --> File is excluded.
(DEBUG) Check if /home/rodrigo/zephyr-course_ram/twister-out/log_output.c##a91c858cd92139432024942b0315e5f8.gcov is included (trace)...
(DEBUG)   No filter matched.
(DEBUG) --> File is excluded.
(DEBUG) Finding source file corresponding to a gcov data file
  gcov_fname   /home/rodrigo/zephyr-course_ram/twister-out/log_output.c##a91c858cd92139432024942b0315e5f8.gcov
  current_dir  /home/rodrigo/zephyr-course_ram/twister-out
  root         /home/rodrigo/zephyr-course_ram/app/modules/ring_buf
  starting_dir /home/rodrigo/zephyr-course_ram
  obj_dir      /home/rodrigo/zephyr-course_ram/twister-out
  gcda_fname   native_sim_native/host_gnu/zephyr-course_ram/tests/ring_buf/homework.unit.ring_buf/zephyr/CMakeFiles/zephyr.dir/subsys/logging/log_output.c.gcda
  --> fname    /home/rodrigo/zephyrproject/zephyr/subsys/logging/log_output.c
(DEBUG) Check if /home/rodrigo/zephyrproject/zephyr/subsys/logging/log_output.c is included (source file)...
(DEBUG)   No filter matched.
(DEBUG) --> File is excluded.
(DEBUG) Check if /home/rodrigo/zephyr-course_ram/twister-out/log_msg.h##fe60156c532143d1e30e21c32299f503.gcov is included (trace)...
(DEBUG) --> File is excluded.
(DEBUG) Finding source file corresponding to a gcov data file
  gcov_fname   /home/rodrigo/zephyr-course_ram/twister-out/log_msg.h##fe60156c532143d1e30e21c32299f503.gcov
  current_dir  /home/rodrigo/zephyr-course_ram/twister-out
  root         /home/rodrigo/zephyr-course_ram/app/modules/ring_buf
  starting_dir /home/rodrigo/zephyr-course_ram
  obj_dir      /home/rodrigo/zephyr-course_ram/twister-out
  gcda_fname   native_sim_native/host_gnu/zephyr-course_ram/tests/ring_buf/homework.unit.ring_buf/zephyr/CMakeFiles/zephyr.dir/subsys/logging/log_output.c.gcda
  --> fname    /home/rodrigo/zephyrproject/zephyr/include/zephyr/logging/log_msg.h
(DEBUG) Check if /home/rodrigo/zephyrproject/zephyr/include/zephyr/logging/log_msg.h is included (source file)...
(DEBUG) --> File is excluded.
(DEBUG) Check if /home/rodrigo/zephyr-course_ram/twister-out/cbprintf.h##861664753c94dde883f49830f3034215.gcov is included (trace)...
(DEBUG) --> File is excluded.
(DEBUG) Finding source file corresponding to a gcov data file
  gcov_fname   /home/rodrigo/zephyr-course_ram/twister-out/cbprintf.h##861664753c94dde883f49830f3034215.gcov
  current_dir  /home/rodrigo/zephyr-course_ram/twister-out
  root         /home/rodrigo/zephyr-course_ram/app/modules/ring_buf
  starting_dir /home/rodrigo/zephyr-course_ram
  obj_dir      /home/rodrigo/zephyr-course_ram/twister-out
  gcda_fname   native_sim_native/host_gnu/zephyr-course_ram/tests/ring_buf/homework.unit.ring_buf/zephyr/CMakeFiles/zephyr.dir/subsys/logging/log_output.c.gcda
  --> fname    /home/rodrigo/zephyrproject/zephyr/include/zephyr/sys/cbprintf.h
(DEBUG) Check if /home/rodrigo/zephyrproject/zephyr/include/zephyr/sys/cbprintf.h is included (source file)...
(DEBUG) --> File is excluded.
(DEBUG) Check if /home/rodrigo/zephyr-course_ram/twister-out/native_sim_native/host_gnu/zephyr-course_ram/tests/ring_buf/homework.unit.ring_buf/zephyr/CMakeFiles/zephyr.dir/subsys/tracing/tracing_none.c.gcda is included (trace)...
(DEBUG)   No filter matched.
(DEBUG) --> File is excluded.
(DEBUG) Check if /home/rodrigo/zephyr-course_ram/twister-out/native_sim_native/host_gnu/zephyr-course_ram/tests/ring_buf/homework.unit.ring_buf/zephyr/CMakeFiles/zephyr.dir/subsys/tracing/tracing_none.c.gcda is included (trace)...
(DEBUG) --> File is excluded.
(DEBUG) Check if tracing_none.c##d72a8932e904289d244dd22dc477bbd9.gcov is included (gcov file)...
(DEBUG)   Filter AlwaysMatchFilter() matched.
(DEBUG) --> File is included.
(DEBUG) Check if /home/rodrigo/zephyr-course_ram/twister-out/tracing_none.c##d72a8932e904289d244dd22dc477bbd9.gcov is included (trace)...
(DEBUG)   No filter matched.
(DEBUG) --> File is excluded.
(DEBUG) Finding source file corresponding to a gcov data file
  gcov_fname   /home/rodrigo/zephyr-course_ram/twister-out/tracing_none.c##d72a8932e904289d244dd22dc477bbd9.gcov
  current_dir  /home/rodrigo/zephyr-course_ram/twister-out
  root         /home/rodrigo/zephyr-course_ram/app/modules/ring_buf
  starting_dir /home/rodrigo/zephyr-course_ram
  obj_dir      /home/rodrigo/zephyr-course_ram/twister-out
  gcda_fname   native_sim_native/host_gnu/zephyr-course_ram/tests/ring_buf/homework.unit.ring_buf/zephyr/CMakeFiles/zephyr.dir/subsys/tracing/tracing_none.c.gcda
  --> fname    /home/rodrigo/zephyrproject/zephyr/subsys/tracing/tracing_none.c
(DEBUG) Check if /home/rodrigo/zephyrproject/zephyr/subsys/tracing/tracing_none.c is included (source file)...
(DEBUG)   No filter matched.
(DEBUG) --> File is excluded.
(DEBUG) Check if /home/rodrigo/zephyr-course_ram/twister-out/native_sim_native/host_gnu/zephyr-course_ram/tests/ring_buf/homework.unit.ring_buf/zephyr/CMakeFiles/zephyr_pre0.dir/misc/empty_file.c.gcno is included (trace)...
(DEBUG)   No filter matched.
(DEBUG) --> File is excluded.
(DEBUG) Check if /home/rodrigo/zephyr-course_ram/twister-out/native_sim_native/host_gnu/zephyr-course_ram/tests/ring_buf/homework.unit.ring_buf/zephyr/CMakeFiles/zephyr_pre0.dir/misc/empty_file.c.gcno is included (trace)...
(DEBUG) --> File is excluded.
(DEBUG) Check if /home/rodrigo/zephyr-course_ram/twister-out/native_sim_native/host_gnu/zephyr-course_ram/tests/ring_buf/homework.unit.ring_buf/zephyr/NSI/common/src/main.gcda is included (trace)...
(DEBUG)   No filter matched.
(DEBUG) --> File is excluded.
(DEBUG) Check if /home/rodrigo/zephyr-course_ram/twister-out/native_sim_native/host_gnu/zephyr-course_ram/tests/ring_buf/homework.unit.ring_buf/zephyr/NSI/common/src/main.gcda is included (trace)...
(DEBUG) --> File is excluded.
(DEBUG) Check if main.c##49e356bcb9c52cd734d6320142ae2b12.gcov is included (gcov file)...
(DEBUG)   Filter AlwaysMatchFilter() matched.
(DEBUG) --> File is included.
(DEBUG) Check if nsi_hw_scheduler.h##4ea4297b01c8f016214cbe6a62a9f096.gcov is included (gcov file)...
(DEBUG)   Filter AlwaysMatchFilter() matched.
(DEBUG) --> File is included.
(DEBUG) Check if /home/rodrigo/zephyr-course_ram/twister-out/nsi_hw_scheduler.h##4ea4297b01c8f016214cbe6a62a9f096.gcov is included (trace)...
(DEBUG)   No filter matched.
(DEBUG) --> File is excluded.
(DEBUG) Finding source file corresponding to a gcov data file
  gcov_fname   /home/rodrigo/zephyr-course_ram/twister-out/nsi_hw_scheduler.h##4ea4297b01c8f016214cbe6a62a9f096.gcov
  current_dir  /home/rodrigo/zephyr-course_ram/twister-out
  root         /home/rodrigo/zephyr-course_ram/app/modules/ring_buf
  starting_dir /home/rodrigo/zephyr-course_ram
  obj_dir      /home/rodrigo/zephyr-course_ram/twister-out
  gcda_fname   native_sim_native/host_gnu/zephyr-course_ram/tests/ring_buf/homework.unit.ring_buf/zephyr/NSI/common/src/main.gcda
  --> fname    /home/rodrigo/zephyrproject/zephyr/scripts/native_simulator/common/src/include/nsi_hw_scheduler.h
(DEBUG) Check if /home/rodrigo/zephyrproject/zephyr/scripts/native_simulator/common/src/include/nsi_hw_scheduler.h is included (source file)...
(DEBUG)   No filter matched.
(DEBUG) --> File is excluded.
(DEBUG) Check if /home/rodrigo/zephyr-course_ram/twister-out/main.c##49e356bcb9c52cd734d6320142ae2b12.gcov is included (trace)...
(DEBUG)   No filter matched.
(DEBUG) --> File is excluded.
(DEBUG) Finding source file corresponding to a gcov data file
  gcov_fname   /home/rodrigo/zephyr-course_ram/twister-out/main.c##49e356bcb9c52cd734d6320142ae2b12.gcov
  current_dir  /home/rodrigo/zephyr-course_ram/twister-out
  root         /home/rodrigo/zephyr-course_ram/app/modules/ring_buf
  starting_dir /home/rodrigo/zephyr-course_ram
  obj_dir      /home/rodrigo/zephyr-course_ram/twister-out
  gcda_fname   native_sim_native/host_gnu/zephyr-course_ram/tests/ring_buf/homework.unit.ring_buf/zephyr/NSI/common/src/main.gcda
  --> fname    /home/rodrigo/zephyrproject/zephyr/scripts/native_simulator/common/src/main.c
(DEBUG) Check if /home/rodrigo/zephyrproject/zephyr/scripts/native_simulator/common/src/main.c is included (source file)...
(DEBUG)   No filter matched.
(DEBUG) --> File is excluded.
(DEBUG) Check if /home/rodrigo/zephyr-course_ram/twister-out/native_sim_native/host_gnu/zephyr-course_ram/tests/ring_buf/homework.unit.ring_buf/zephyr/NSI/common/src/nce.gcda is included (trace)...
(DEBUG)   No filter matched.
(DEBUG) --> File is excluded.
(DEBUG) Check if /home/rodrigo/zephyr-course_ram/twister-out/native_sim_native/host_gnu/zephyr-course_ram/tests/ring_buf/homework.unit.ring_buf/zephyr/NSI/common/src/nce.gcda is included (trace)...
(DEBUG) --> File is excluded.
(DEBUG) Check if nce.c##e0cbb4125fe3b086d2a167693ecbde93.gcov is included (gcov file)...
(DEBUG)   Filter AlwaysMatchFilter() matched.
(DEBUG) --> File is included.
(DEBUG) Check if nsi_safe_call.h##f4d8c4962d293ec098f4852da599ef6e.gcov is included (gcov file)...
(DEBUG)   Filter AlwaysMatchFilter() matched.
(DEBUG) --> File is included.
(DEBUG) Check if /home/rodrigo/zephyr-course_ram/twister-out/nce.c##e0cbb4125fe3b086d2a167693ecbde93.gcov is included (trace)...
(DEBUG)   No filter matched.
(DEBUG) --> File is excluded.
(DEBUG) Finding source file corresponding to a gcov data file
  gcov_fname   /home/rodrigo/zephyr-course_ram/twister-out/nce.c##e0cbb4125fe3b086d2a167693ecbde93.gcov
  current_dir  /home/rodrigo/zephyr-course_ram/twister-out
  root         /home/rodrigo/zephyr-course_ram/app/modules/ring_buf
  starting_dir /home/rodrigo/zephyr-course_ram
  obj_dir      /home/rodrigo/zephyr-course_ram/twister-out
  gcda_fname   native_sim_native/host_gnu/zephyr-course_ram/tests/ring_buf/homework.unit.ring_buf/zephyr/NSI/common/src/nce.gcda
  --> fname    /home/rodrigo/zephyrproject/zephyr/scripts/native_simulator/common/src/nce.c
(DEBUG) Check if /home/rodrigo/zephyrproject/zephyr/scripts/native_simulator/common/src/nce.c is included (source file)...
(DEBUG)   No filter matched.
(DEBUG) --> File is excluded.
(DEBUG) Check if /home/rodrigo/zephyr-course_ram/twister-out/nsi_safe_call.h##f4d8c4962d293ec098f4852da599ef6e.gcov is included (trace)...
(DEBUG)   No filter matched.
(DEBUG) --> File is excluded.
(DEBUG) Finding source file corresponding to a gcov data file
  gcov_fname   /home/rodrigo/zephyr-course_ram/twister-out/nsi_safe_call.h##f4d8c4962d293ec098f4852da599ef6e.gcov
  current_dir  /home/rodrigo/zephyr-course_ram/twister-out
  root         /home/rodrigo/zephyr-course_ram/app/modules/ring_buf
  starting_dir /home/rodrigo/zephyr-course_ram
  obj_dir      /home/rodrigo/zephyr-course_ram/twister-out
  gcda_fname   native_sim_native/host_gnu/zephyr-course_ram/tests/ring_buf/homework.unit.ring_buf/zephyr/NSI/common/src/nce.gcda
  --> fname    /home/rodrigo/zephyrproject/zephyr/scripts/native_simulator/common/src/nsi_safe_call.h
(DEBUG) Check if /home/rodrigo/zephyrproject/zephyr/scripts/native_simulator/common/src/nsi_safe_call.h is included (source file)...
(DEBUG)   No filter matched.
(DEBUG) --> File is excluded.
(DEBUG) Check if /home/rodrigo/zephyr-course_ram/twister-out/native_sim_native/host_gnu/zephyr-course_ram/tests/ring_buf/homework.unit.ring_buf/zephyr/NSI/common/src/nct.gcda is included (trace)...
(DEBUG)   No filter matched.
(DEBUG) --> File is excluded.
(DEBUG) Check if /home/rodrigo/zephyr-course_ram/twister-out/native_sim_native/host_gnu/zephyr-course_ram/tests/ring_buf/homework.unit.ring_buf/zephyr/NSI/common/src/nct.gcda is included (trace)...
(DEBUG) --> File is excluded.
(DEBUG) Check if nct.c##84fa0abc2ada8a27fd8ecd88b776c6de.gcov is included (gcov file)...
(DEBUG)   Filter AlwaysMatchFilter() matched.
(DEBUG) --> File is included.
(DEBUG) Check if nsi_safe_call.h##f4d8c4962d293ec098f4852da599ef6e.gcov is included (gcov file)...
(DEBUG) --> File is included.
(DEBUG) Check if /home/rodrigo/zephyr-course_ram/twister-out/nct.c##84fa0abc2ada8a27fd8ecd88b776c6de.gcov is included (trace)...
(DEBUG)   No filter matched.
(DEBUG) --> File is excluded.
(DEBUG) Finding source file corresponding to a gcov data file
  gcov_fname   /home/rodrigo/zephyr-course_ram/twister-out/nct.c##84fa0abc2ada8a27fd8ecd88b776c6de.gcov
  current_dir  /home/rodrigo/zephyr-course_ram/twister-out
  root         /home/rodrigo/zephyr-course_ram/app/modules/ring_buf
  starting_dir /home/rodrigo/zephyr-course_ram
  obj_dir      /home/rodrigo/zephyr-course_ram/twister-out
  gcda_fname   native_sim_native/host_gnu/zephyr-course_ram/tests/ring_buf/homework.unit.ring_buf/zephyr/NSI/common/src/nct.gcda
  --> fname    /home/rodrigo/zephyrproject/zephyr/scripts/native_simulator/common/src/nct.c
(DEBUG) Check if /home/rodrigo/zephyrproject/zephyr/scripts/native_simulator/common/src/nct.c is included (source file)...
(DEBUG)   No filter matched.
(DEBUG) --> File is excluded.
(DEBUG) Check if /home/rodrigo/zephyr-course_ram/twister-out/nsi_safe_call.h##f4d8c4962d293ec098f4852da599ef6e.gcov is included (trace)...
(DEBUG) --> File is excluded.
(DEBUG) Finding source file corresponding to a gcov data file
  gcov_fname   /home/rodrigo/zephyr-course_ram/twister-out/nsi_safe_call.h##f4d8c4962d293ec098f4852da599ef6e.gcov
  current_dir  /home/rodrigo/zephyr-course_ram/twister-out
  root         /home/rodrigo/zephyr-course_ram/app/modules/ring_buf
  starting_dir /home/rodrigo/zephyr-course_ram
  obj_dir      /home/rodrigo/zephyr-course_ram/twister-out
  gcda_fname   native_sim_native/host_gnu/zephyr-course_ram/tests/ring_buf/homework.unit.ring_buf/zephyr/NSI/common/src/nct.gcda
  --> fname    /home/rodrigo/zephyrproject/zephyr/scripts/native_simulator/common/src/nsi_safe_call.h
(DEBUG) Check if /home/rodrigo/zephyrproject/zephyr/scripts/native_simulator/common/src/nsi_safe_call.h is included (source file)...
(DEBUG) --> File is excluded.
(DEBUG) Check if /home/rodrigo/zephyr-course_ram/twister-out/native_sim_native/host_gnu/zephyr-course_ram/tests/ring_buf/homework.unit.ring_buf/zephyr/NSI/common/src/nsi_cpu_ctrl.gcda is included (trace)...
(DEBUG)   No filter matched.
(DEBUG) --> File is excluded.
(DEBUG) Check if /home/rodrigo/zephyr-course_ram/twister-out/native_sim_native/host_gnu/zephyr-course_ram/tests/ring_buf/homework.unit.ring_buf/zephyr/NSI/common/src/nsi_cpu_ctrl.gcda is included (trace)...
(DEBUG) --> File is excluded.
(DEBUG) Check if nsi_cpu_ctrl.c##f32543978b50e7d3015cc32cff1ffef8.gcov is included (gcov file)...
(DEBUG)   Filter AlwaysMatchFilter() matched.
(DEBUG) --> File is included.
(DEBUG) Check if /home/rodrigo/zephyr-course_ram/twister-out/nsi_cpu_ctrl.c##f32543978b50e7d3015cc32cff1ffef8.gcov is included (trace)...
(DEBUG)   No filter matched.
(DEBUG) --> File is excluded.
(DEBUG) Finding source file corresponding to a gcov data file
  gcov_fname   /home/rodrigo/zephyr-course_ram/twister-out/nsi_cpu_ctrl.c##f32543978b50e7d3015cc32cff1ffef8.gcov
  current_dir  /home/rodrigo/zephyr-course_ram/twister-out
  root         /home/rodrigo/zephyr-course_ram/app/modules/ring_buf
  starting_dir /home/rodrigo/zephyr-course_ram
  obj_dir      /home/rodrigo/zephyr-course_ram/twister-out
  gcda_fname   native_sim_native/host_gnu/zephyr-course_ram/tests/ring_buf/homework.unit.ring_buf/zephyr/NSI/common/src/nsi_cpu_ctrl.gcda
  --> fname    /home/rodrigo/zephyrproject/zephyr/scripts/native_simulator/common/src/nsi_cpu_ctrl.c
(DEBUG) Check if /home/rodrigo/zephyrproject/zephyr/scripts/native_simulator/common/src/nsi_cpu_ctrl.c is included (source file)...
(DEBUG)   No filter matched.
(DEBUG) --> File is excluded.
(DEBUG) Check if /home/rodrigo/zephyr-course_ram/twister-out/native_sim_native/host_gnu/zephyr-course_ram/tests/ring_buf/homework.unit.ring_buf/zephyr/NSI/common/src/nsi_cpun_if.gcda is included (trace)...
(DEBUG)   No filter matched.
(DEBUG) --> File is excluded.
(DEBUG) Check if /home/rodrigo/zephyr-course_ram/twister-out/native_sim_native/host_gnu/zephyr-course_ram/tests/ring_buf/homework.unit.ring_buf/zephyr/NSI/common/src/nsi_cpun_if.gcda is included (trace)...
(DEBUG) --> File is excluded.
(DEBUG) Check if nsi_cpun_if.c##c6029fb4616d4831b47211b0e0378757.gcov is included (gcov file)...
(DEBUG)   Filter AlwaysMatchFilter() matched.
(DEBUG) --> File is included.
(DEBUG) Check if /home/rodrigo/zephyr-course_ram/twister-out/nsi_cpun_if.c##c6029fb4616d4831b47211b0e0378757.gcov is included (trace)...
(DEBUG)   No filter matched.
(DEBUG) --> File is excluded.
(DEBUG) Finding source file corresponding to a gcov data file
  gcov_fname   /home/rodrigo/zephyr-course_ram/twister-out/nsi_cpun_if.c##c6029fb4616d4831b47211b0e0378757.gcov
  current_dir  /home/rodrigo/zephyr-course_ram/twister-out
  root         /home/rodrigo/zephyr-course_ram/app/modules/ring_buf
  starting_dir /home/rodrigo/zephyr-course_ram
  obj_dir      /home/rodrigo/zephyr-course_ram/twister-out
  gcda_fname   native_sim_native/host_gnu/zephyr-course_ram/tests/ring_buf/homework.unit.ring_buf/zephyr/NSI/common/src/nsi_cpun_if.gcda
  --> fname    /home/rodrigo/zephyrproject/zephyr/scripts/native_simulator/common/src/nsi_cpun_if.c
(DEBUG) Check if /home/rodrigo/zephyrproject/zephyr/scripts/native_simulator/common/src/nsi_cpun_if.c is included (source file)...
(DEBUG)   No filter matched.
(DEBUG) --> File is excluded.
(DEBUG) Check if /home/rodrigo/zephyr-course_ram/twister-out/native_sim_native/host_gnu/zephyr-course_ram/tests/ring_buf/homework.unit.ring_buf/zephyr/NSI/common/src/nsi_errno.gcda is included (trace)...
(DEBUG)   No filter matched.
(DEBUG) --> File is excluded.
(DEBUG) Check if /home/rodrigo/zephyr-course_ram/twister-out/native_sim_native/host_gnu/zephyr-course_ram/tests/ring_buf/homework.unit.ring_buf/zephyr/NSI/common/src/nsi_errno.gcda is included (trace)...
(DEBUG) --> File is excluded.
(DEBUG) Check if nsi_errno.c##3ee5aef29e4edbfa88e525d29e179ff0.gcov is included (gcov file)...
(DEBUG)   Filter AlwaysMatchFilter() matched.
(DEBUG) --> File is included.
(DEBUG) Check if /home/rodrigo/zephyr-course_ram/twister-out/nsi_errno.c##3ee5aef29e4edbfa88e525d29e179ff0.gcov is included (trace)...
(DEBUG)   No filter matched.
(DEBUG) --> File is excluded.
(DEBUG) Finding source file corresponding to a gcov data file
  gcov_fname   /home/rodrigo/zephyr-course_ram/twister-out/nsi_errno.c##3ee5aef29e4edbfa88e525d29e179ff0.gcov
  current_dir  /home/rodrigo/zephyr-course_ram/twister-out
  root         /home/rodrigo/zephyr-course_ram/app/modules/ring_buf
  starting_dir /home/rodrigo/zephyr-course_ram
  obj_dir      /home/rodrigo/zephyr-course_ram/twister-out
  gcda_fname   native_sim_native/host_gnu/zephyr-course_ram/tests/ring_buf/homework.unit.ring_buf/zephyr/NSI/common/src/nsi_errno.gcda
  --> fname    /home/rodrigo/zephyrproject/zephyr/scripts/native_simulator/common/src/nsi_errno.c
(DEBUG) Check if /home/rodrigo/zephyrproject/zephyr/scripts/native_simulator/common/src/nsi_errno.c is included (source file)...
(DEBUG)   No filter matched.
(DEBUG) --> File is excluded.
(DEBUG) Check if /home/rodrigo/zephyr-course_ram/twister-out/native_sim_native/host_gnu/zephyr-course_ram/tests/ring_buf/homework.unit.ring_buf/zephyr/NSI/common/src/nsi_host_trampolines.gcda is included (trace)...
(DEBUG)   No filter matched.
(DEBUG) --> File is excluded.
(DEBUG) Check if /home/rodrigo/zephyr-course_ram/twister-out/native_sim_native/host_gnu/zephyr-course_ram/tests/ring_buf/homework.unit.ring_buf/zephyr/NSI/common/src/nsi_host_trampolines.gcda is included (trace)...
(DEBUG) --> File is excluded.
(DEBUG) Check if nsi_host_trampolines.c##8895d9a1d9bcc28a8174e20a83467075.gcov is included (gcov file)...
(DEBUG)   Filter AlwaysMatchFilter() matched.
(DEBUG) --> File is included.
(DEBUG) Check if /home/rodrigo/zephyr-course_ram/twister-out/nsi_host_trampolines.c##8895d9a1d9bcc28a8174e20a83467075.gcov is included (trace)...
(DEBUG)   No filter matched.
(DEBUG) --> File is excluded.
(DEBUG) Finding source file corresponding to a gcov data file
  gcov_fname   /home/rodrigo/zephyr-course_ram/twister-out/nsi_host_trampolines.c##8895d9a1d9bcc28a8174e20a83467075.gcov
  current_dir  /home/rodrigo/zephyr-course_ram/twister-out
  root         /home/rodrigo/zephyr-course_ram/app/modules/ring_buf
  starting_dir /home/rodrigo/zephyr-course_ram
  obj_dir      /home/rodrigo/zephyr-course_ram/twister-out
  gcda_fname   native_sim_native/host_gnu/zephyr-course_ram/tests/ring_buf/homework.unit.ring_buf/zephyr/NSI/common/src/nsi_host_trampolines.gcda
  --> fname    /home/rodrigo/zephyrproject/zephyr/scripts/native_simulator/common/src/nsi_host_trampolines.c
(DEBUG) Check if /home/rodrigo/zephyrproject/zephyr/scripts/native_simulator/common/src/nsi_host_trampolines.c is included (source file)...
(DEBUG)   No filter matched.
(DEBUG) --> File is excluded.
(DEBUG) Check if /home/rodrigo/zephyr-course_ram/twister-out/native_sim_native/host_gnu/zephyr-course_ram/tests/ring_buf/homework.unit.ring_buf/zephyr/NSI/common/src/nsi_hw_scheduler.gcda is included (trace)...
(DEBUG)   No filter matched.
(DEBUG) --> File is excluded.
(DEBUG) Check if /home/rodrigo/zephyr-course_ram/twister-out/native_sim_native/host_gnu/zephyr-course_ram/tests/ring_buf/homework.unit.ring_buf/zephyr/NSI/common/src/nsi_hw_scheduler.gcda is included (trace)...
(DEBUG) --> File is excluded.
(DEBUG) Check if nsi_hw_scheduler.c##9be522f8770017b4bbf5dab4abb8eecc.gcov is included (gcov file)...
(DEBUG)   Filter AlwaysMatchFilter() matched.
(DEBUG) --> File is included.
(DEBUG) Check if nsi_safe_call.h##f4d8c4962d293ec098f4852da599ef6e.gcov is included (gcov file)...
(DEBUG) --> File is included.
(DEBUG) Check if /home/rodrigo/zephyr-course_ram/twister-out/nsi_safe_call.h##f4d8c4962d293ec098f4852da599ef6e.gcov is included (trace)...
(DEBUG) --> File is excluded.
(DEBUG) Finding source file corresponding to a gcov data file
  gcov_fname   /home/rodrigo/zephyr-course_ram/twister-out/nsi_safe_call.h##f4d8c4962d293ec098f4852da599ef6e.gcov
  current_dir  /home/rodrigo/zephyr-course_ram/twister-out
  root         /home/rodrigo/zephyr-course_ram/app/modules/ring_buf
  starting_dir /home/rodrigo/zephyr-course_ram
  obj_dir      /home/rodrigo/zephyr-course_ram/twister-out
  gcda_fname   native_sim_native/host_gnu/zephyr-course_ram/tests/ring_buf/homework.unit.ring_buf/zephyr/NSI/common/src/nsi_hw_scheduler.gcda
  --> fname    /home/rodrigo/zephyrproject/zephyr/scripts/native_simulator/common/src/nsi_safe_call.h
(DEBUG) Check if /home/rodrigo/zephyrproject/zephyr/scripts/native_simulator/common/src/nsi_safe_call.h is included (source file)...
(DEBUG) --> File is excluded.
(DEBUG) Check if /home/rodrigo/zephyr-course_ram/twister-out/nsi_hw_scheduler.c##9be522f8770017b4bbf5dab4abb8eecc.gcov is included (trace)...
(DEBUG)   No filter matched.
(DEBUG) --> File is excluded.
(DEBUG) Finding source file corresponding to a gcov data file
  gcov_fname   /home/rodrigo/zephyr-course_ram/twister-out/nsi_hw_scheduler.c##9be522f8770017b4bbf5dab4abb8eecc.gcov
  current_dir  /home/rodrigo/zephyr-course_ram/twister-out
  root         /home/rodrigo/zephyr-course_ram/app/modules/ring_buf
  starting_dir /home/rodrigo/zephyr-course_ram
  obj_dir      /home/rodrigo/zephyr-course_ram/twister-out
  gcda_fname   native_sim_native/host_gnu/zephyr-course_ram/tests/ring_buf/homework.unit.ring_buf/zephyr/NSI/common/src/nsi_hw_scheduler.gcda
  --> fname    /home/rodrigo/zephyrproject/zephyr/scripts/native_simulator/common/src/nsi_hw_scheduler.c
(DEBUG) Check if /home/rodrigo/zephyrproject/zephyr/scripts/native_simulator/common/src/nsi_hw_scheduler.c is included (source file)...
(DEBUG)   No filter matched.
(DEBUG) --> File is excluded.
(DEBUG) Check if /home/rodrigo/zephyr-course_ram/twister-out/native_sim_native/host_gnu/zephyr-course_ram/tests/ring_buf/homework.unit.ring_buf/zephyr/NSI/common/src/nsi_tasks.gcda is included (trace)...
(DEBUG)   No filter matched.
(DEBUG) --> File is excluded.
(DEBUG) Check if /home/rodrigo/zephyr-course_ram/twister-out/native_sim_native/host_gnu/zephyr-course_ram/tests/ring_buf/homework.unit.ring_buf/zephyr/NSI/common/src/nsi_tasks.gcda is included (trace)...
(DEBUG) --> File is excluded.
(DEBUG) Check if nsi_tasks.c##77701ed91dcb702de459f2d2aa61cb77.gcov is included (gcov file)...
(DEBUG)   Filter AlwaysMatchFilter() matched.
(DEBUG) --> File is included.
(DEBUG) Check if /home/rodrigo/zephyr-course_ram/twister-out/nsi_tasks.c##77701ed91dcb702de459f2d2aa61cb77.gcov is included (trace)...
(DEBUG)   No filter matched.
(DEBUG) --> File is excluded.
(DEBUG) Finding source file corresponding to a gcov data file
  gcov_fname   /home/rodrigo/zephyr-course_ram/twister-out/nsi_tasks.c##77701ed91dcb702de459f2d2aa61cb77.gcov
  current_dir  /home/rodrigo/zephyr-course_ram/twister-out
  root         /home/rodrigo/zephyr-course_ram/app/modules/ring_buf
  starting_dir /home/rodrigo/zephyr-course_ram
  obj_dir      /home/rodrigo/zephyr-course_ram/twister-out
  gcda_fname   native_sim_native/host_gnu/zephyr-course_ram/tests/ring_buf/homework.unit.ring_buf/zephyr/NSI/common/src/nsi_tasks.gcda
  --> fname    /home/rodrigo/zephyrproject/zephyr/scripts/native_simulator/common/src/nsi_tasks.c
(DEBUG) Check if /home/rodrigo/zephyrproject/zephyr/scripts/native_simulator/common/src/nsi_tasks.c is included (source file)...
(DEBUG)   No filter matched.
(DEBUG) --> File is excluded.
(DEBUG) Check if /home/rodrigo/zephyr-course_ram/twister-out/native_sim_native/host_gnu/zephyr-course_ram/tests/ring_buf/homework.unit.ring_buf/zephyr/NSI/common/src/nsi_trace_varg.gcda is included (trace)...
(DEBUG)   No filter matched.
(DEBUG) --> File is excluded.
(DEBUG) Check if /home/rodrigo/zephyr-course_ram/twister-out/native_sim_native/host_gnu/zephyr-course_ram/tests/ring_buf/homework.unit.ring_buf/zephyr/NSI/common/src/nsi_trace_varg.gcda is included (trace)...
(DEBUG) --> File is excluded.
(DEBUG) Check if nsi_trace_varg.c##439b428975adc02790eed13625552873.gcov is included (gcov file)...
(DEBUG)   Filter AlwaysMatchFilter() matched.
(DEBUG) --> File is included.
(DEBUG) Check if /home/rodrigo/zephyr-course_ram/twister-out/nsi_trace_varg.c##439b428975adc02790eed13625552873.gcov is included (trace)...
(DEBUG)   No filter matched.
(DEBUG) --> File is excluded.
(DEBUG) Finding source file corresponding to a gcov data file
  gcov_fname   /home/rodrigo/zephyr-course_ram/twister-out/nsi_trace_varg.c##439b428975adc02790eed13625552873.gcov
  current_dir  /home/rodrigo/zephyr-course_ram/twister-out
  root         /home/rodrigo/zephyr-course_ram/app/modules/ring_buf
  starting_dir /home/rodrigo/zephyr-course_ram
  obj_dir      /home/rodrigo/zephyr-course_ram/twister-out
  gcda_fname   native_sim_native/host_gnu/zephyr-course_ram/tests/ring_buf/homework.unit.ring_buf/zephyr/NSI/common/src/nsi_trace_varg.gcda
  --> fname    /home/rodrigo/zephyrproject/zephyr/scripts/native_simulator/common/src/nsi_trace_varg.c
(DEBUG) Check if /home/rodrigo/zephyrproject/zephyr/scripts/native_simulator/common/src/nsi_trace_varg.c is included (source file)...
(DEBUG)   No filter matched.
(DEBUG) --> File is excluded.
(DEBUG) Check if /home/rodrigo/zephyr-course_ram/twister-out/native_sim_native/host_gnu/zephyr-course_ram/tests/ring_buf/homework.unit.ring_buf/zephyr/NSI/common/src/nsi_weak_stubs.gcda is included (trace)...
(DEBUG)   No filter matched.
(DEBUG) --> File is excluded.
(DEBUG) Check if /home/rodrigo/zephyr-course_ram/twister-out/native_sim_native/host_gnu/zephyr-course_ram/tests/ring_buf/homework.unit.ring_buf/zephyr/NSI/common/src/nsi_weak_stubs.gcda is included (trace)...
(DEBUG) --> File is excluded.
(DEBUG) Check if nsi_weak_stubs.c##bac7410444ba1afe12fff3b37408a7d2.gcov is included (gcov file)...
(DEBUG)   Filter AlwaysMatchFilter() matched.
(DEBUG) --> File is included.
(DEBUG) Check if /home/rodrigo/zephyr-course_ram/twister-out/nsi_weak_stubs.c##bac7410444ba1afe12fff3b37408a7d2.gcov is included (trace)...
(DEBUG)   No filter matched.
(DEBUG) --> File is excluded.
(DEBUG) Finding source file corresponding to a gcov data file
  gcov_fname   /home/rodrigo/zephyr-course_ram/twister-out/nsi_weak_stubs.c##bac7410444ba1afe12fff3b37408a7d2.gcov
  current_dir  /home/rodrigo/zephyr-course_ram/twister-out
  root         /home/rodrigo/zephyr-course_ram/app/modules/ring_buf
  starting_dir /home/rodrigo/zephyr-course_ram
  obj_dir      /home/rodrigo/zephyr-course_ram/twister-out
  gcda_fname   native_sim_native/host_gnu/zephyr-course_ram/tests/ring_buf/homework.unit.ring_buf/zephyr/NSI/common/src/nsi_weak_stubs.gcda
  --> fname    /home/rodrigo/zephyrproject/zephyr/scripts/native_simulator/common/src/nsi_weak_stubs.c
(DEBUG) Check if /home/rodrigo/zephyrproject/zephyr/scripts/native_simulator/common/src/nsi_weak_stubs.c is included (source file)...
(DEBUG)   No filter matched.
(DEBUG) --> File is excluded.
(DEBUG) Check if /home/rodrigo/zephyr-course_ram/twister-out/native_sim_native/host_gnu/zephyr-course_ram/tests/ring_buf/homework.unit.ring_buf/zephyr/NSI/native/src/hw_counter.gcda is included (trace)...
(DEBUG)   No filter matched.
(DEBUG) --> File is excluded.
(DEBUG) Check if /home/rodrigo/zephyr-course_ram/twister-out/native_sim_native/host_gnu/zephyr-course_ram/tests/ring_buf/homework.unit.ring_buf/zephyr/NSI/native/src/hw_counter.gcda is included (trace)...
(DEBUG) --> File is excluded.
(DEBUG) Check if hw_counter.c##bf223b9e805100099566240276505e4d.gcov is included (gcov file)...
(DEBUG)   Filter AlwaysMatchFilter() matched.
(DEBUG) --> File is included.
(DEBUG) Check if nsi_hw_scheduler.h##4ea4297b01c8f016214cbe6a62a9f096.gcov is included (gcov file)...
(DEBUG) --> File is included.
(DEBUG) Check if /home/rodrigo/zephyr-course_ram/twister-out/hw_counter.c##bf223b9e805100099566240276505e4d.gcov is included (trace)...
(DEBUG)   No filter matched.
(DEBUG) --> File is excluded.
(DEBUG) Finding source file corresponding to a gcov data file
  gcov_fname   /home/rodrigo/zephyr-course_ram/twister-out/hw_counter.c##bf223b9e805100099566240276505e4d.gcov
  current_dir  /home/rodrigo/zephyr-course_ram/twister-out
  root         /home/rodrigo/zephyr-course_ram/app/modules/ring_buf
  starting_dir /home/rodrigo/zephyr-course_ram
  obj_dir      /home/rodrigo/zephyr-course_ram/twister-out
  gcda_fname   native_sim_native/host_gnu/zephyr-course_ram/tests/ring_buf/homework.unit.ring_buf/zephyr/NSI/native/src/hw_counter.gcda
  --> fname    /home/rodrigo/zephyrproject/zephyr/scripts/native_simulator/native/src/hw_counter.c
(DEBUG) Check if /home/rodrigo/zephyrproject/zephyr/scripts/native_simulator/native/src/hw_counter.c is included (source file)...
(DEBUG)   No filter matched.
(DEBUG) --> File is excluded.
(DEBUG) Check if /home/rodrigo/zephyr-course_ram/twister-out/nsi_hw_scheduler.h##4ea4297b01c8f016214cbe6a62a9f096.gcov is included (trace)...
(DEBUG) --> File is excluded.
(DEBUG) Finding source file corresponding to a gcov data file
  gcov_fname   /home/rodrigo/zephyr-course_ram/twister-out/nsi_hw_scheduler.h##4ea4297b01c8f016214cbe6a62a9f096.gcov
  current_dir  /home/rodrigo/zephyr-course_ram/twister-out
  root         /home/rodrigo/zephyr-course_ram/app/modules/ring_buf
  starting_dir /home/rodrigo/zephyr-course_ram
  obj_dir      /home/rodrigo/zephyr-course_ram/twister-out
  gcda_fname   native_sim_native/host_gnu/zephyr-course_ram/tests/ring_buf/homework.unit.ring_buf/zephyr/NSI/native/src/hw_counter.gcda
  --> fname    /home/rodrigo/zephyrproject/zephyr/scripts/native_simulator/common/src/include/nsi_hw_scheduler.h
(DEBUG) Check if /home/rodrigo/zephyrproject/zephyr/scripts/native_simulator/common/src/include/nsi_hw_scheduler.h is included (source file)...
(DEBUG) --> File is excluded.
(DEBUG) Check if /home/rodrigo/zephyr-course_ram/twister-out/native_sim_native/host_gnu/zephyr-course_ram/tests/ring_buf/homework.unit.ring_buf/zephyr/NSI/native/src/irq_ctrl.gcda is included (trace)...
(DEBUG)   No filter matched.
(DEBUG) --> File is excluded.
(DEBUG) Check if /home/rodrigo/zephyr-course_ram/twister-out/native_sim_native/host_gnu/zephyr-course_ram/tests/ring_buf/homework.unit.ring_buf/zephyr/NSI/native/src/irq_ctrl.gcda is included (trace)...
(DEBUG) --> File is excluded.
(DEBUG) Check if irq_ctrl.c##cfa103d65c37d80951d5a7a1aa02be5f.gcov is included (gcov file)...
(DEBUG)   Filter AlwaysMatchFilter() matched.
(DEBUG) --> File is included.
(DEBUG) Check if nsi_internal.h##7b3368a0ee6a7a584a4766c509113406.gcov is included (gcov file)...
(DEBUG)   Filter AlwaysMatchFilter() matched.
(DEBUG) --> File is included.
(DEBUG) Check if nsi_hw_scheduler.h##4ea4297b01c8f016214cbe6a62a9f096.gcov is included (gcov file)...
(DEBUG) --> File is included.
(DEBUG) Check if /home/rodrigo/zephyr-course_ram/twister-out/nsi_internal.h##7b3368a0ee6a7a584a4766c509113406.gcov is included (trace)...
(DEBUG)   No filter matched.
(DEBUG) --> File is excluded.
(DEBUG) Finding source file corresponding to a gcov data file
  gcov_fname   /home/rodrigo/zephyr-course_ram/twister-out/nsi_internal.h##7b3368a0ee6a7a584a4766c509113406.gcov
  current_dir  /home/rodrigo/zephyr-course_ram/twister-out
  root         /home/rodrigo/zephyr-course_ram/app/modules/ring_buf
  starting_dir /home/rodrigo/zephyr-course_ram
  obj_dir      /home/rodrigo/zephyr-course_ram/twister-out
  gcda_fname   native_sim_native/host_gnu/zephyr-course_ram/tests/ring_buf/homework.unit.ring_buf/zephyr/NSI/native/src/irq_ctrl.gcda
  --> fname    /home/rodrigo/zephyrproject/zephyr/scripts/native_simulator/common/src/nsi_internal.h
(DEBUG) Check if /home/rodrigo/zephyrproject/zephyr/scripts/native_simulator/common/src/nsi_internal.h is included (source file)...
(DEBUG)   No filter matched.
(DEBUG) --> File is excluded.
(DEBUG) Check if /home/rodrigo/zephyr-course_ram/twister-out/nsi_hw_scheduler.h##4ea4297b01c8f016214cbe6a62a9f096.gcov is included (trace)...
(DEBUG) --> File is excluded.
(DEBUG) Finding source file corresponding to a gcov data file
  gcov_fname   /home/rodrigo/zephyr-course_ram/twister-out/nsi_hw_scheduler.h##4ea4297b01c8f016214cbe6a62a9f096.gcov
  current_dir  /home/rodrigo/zephyr-course_ram/twister-out
  root         /home/rodrigo/zephyr-course_ram/app/modules/ring_buf
  starting_dir /home/rodrigo/zephyr-course_ram
  obj_dir      /home/rodrigo/zephyr-course_ram/twister-out
  gcda_fname   native_sim_native/host_gnu/zephyr-course_ram/tests/ring_buf/homework.unit.ring_buf/zephyr/NSI/native/src/irq_ctrl.gcda
  --> fname    /home/rodrigo/zephyrproject/zephyr/scripts/native_simulator/common/src/include/nsi_hw_scheduler.h
(DEBUG) Check if /home/rodrigo/zephyrproject/zephyr/scripts/native_simulator/common/src/include/nsi_hw_scheduler.h is included (source file)...
(DEBUG) --> File is excluded.
(DEBUG) Check if /home/rodrigo/zephyr-course_ram/twister-out/irq_ctrl.c##cfa103d65c37d80951d5a7a1aa02be5f.gcov is included (trace)...
(DEBUG)   No filter matched.
(DEBUG) --> File is excluded.
(DEBUG) Finding source file corresponding to a gcov data file
  gcov_fname   /home/rodrigo/zephyr-course_ram/twister-out/irq_ctrl.c##cfa103d65c37d80951d5a7a1aa02be5f.gcov
  current_dir  /home/rodrigo/zephyr-course_ram/twister-out
  root         /home/rodrigo/zephyr-course_ram/app/modules/ring_buf
  starting_dir /home/rodrigo/zephyr-course_ram
  obj_dir      /home/rodrigo/zephyr-course_ram/twister-out
  gcda_fname   native_sim_native/host_gnu/zephyr-course_ram/tests/ring_buf/homework.unit.ring_buf/zephyr/NSI/native/src/irq_ctrl.gcda
  --> fname    /home/rodrigo/zephyrproject/zephyr/scripts/native_simulator/native/src/irq_ctrl.c
(DEBUG) Check if /home/rodrigo/zephyrproject/zephyr/scripts/native_simulator/native/src/irq_ctrl.c is included (source file)...
(DEBUG)   No filter matched.
(DEBUG) --> File is excluded.
(DEBUG) Check if /home/rodrigo/zephyr-course_ram/twister-out/native_sim_native/host_gnu/zephyr-course_ram/tests/ring_buf/homework.unit.ring_buf/zephyr/NSI/native/src/native_rtc.gcda is included (trace)...
(DEBUG)   No filter matched.
(DEBUG) --> File is excluded.
(DEBUG) Check if /home/rodrigo/zephyr-course_ram/twister-out/native_sim_native/host_gnu/zephyr-course_ram/tests/ring_buf/homework.unit.ring_buf/zephyr/NSI/native/src/native_rtc.gcda is included (trace)...
(DEBUG) --> File is excluded.
(DEBUG) Check if native_rtc.c##2ff698cd16c5c2df972d2fcbc883a078.gcov is included (gcov file)...
(DEBUG)   Filter AlwaysMatchFilter() matched.
(DEBUG) --> File is included.
(DEBUG) Check if nsi_hw_scheduler.h##4ea4297b01c8f016214cbe6a62a9f096.gcov is included (gcov file)...
(DEBUG) --> File is included.
(DEBUG) Check if /home/rodrigo/zephyr-course_ram/twister-out/native_rtc.c##2ff698cd16c5c2df972d2fcbc883a078.gcov is included (trace)...
(DEBUG)   No filter matched.
(DEBUG) --> File is excluded.
(DEBUG) Finding source file corresponding to a gcov data file
  gcov_fname   /home/rodrigo/zephyr-course_ram/twister-out/native_rtc.c##2ff698cd16c5c2df972d2fcbc883a078.gcov
  current_dir  /home/rodrigo/zephyr-course_ram/twister-out
  root         /home/rodrigo/zephyr-course_ram/app/modules/ring_buf
  starting_dir /home/rodrigo/zephyr-course_ram
  obj_dir      /home/rodrigo/zephyr-course_ram/twister-out
  gcda_fname   native_sim_native/host_gnu/zephyr-course_ram/tests/ring_buf/homework.unit.ring_buf/zephyr/NSI/native/src/native_rtc.gcda
  --> fname    /home/rodrigo/zephyrproject/zephyr/scripts/native_simulator/native/src/native_rtc.c
(DEBUG) Check if /home/rodrigo/zephyrproject/zephyr/scripts/native_simulator/native/src/native_rtc.c is included (source file)...
(DEBUG)   No filter matched.
(DEBUG) --> File is excluded.
(DEBUG) Check if /home/rodrigo/zephyr-course_ram/twister-out/nsi_hw_scheduler.h##4ea4297b01c8f016214cbe6a62a9f096.gcov is included (trace)...
(DEBUG) --> File is excluded.
(DEBUG) Finding source file corresponding to a gcov data file
  gcov_fname   /home/rodrigo/zephyr-course_ram/twister-out/nsi_hw_scheduler.h##4ea4297b01c8f016214cbe6a62a9f096.gcov
  current_dir  /home/rodrigo/zephyr-course_ram/twister-out
  root         /home/rodrigo/zephyr-course_ram/app/modules/ring_buf
  starting_dir /home/rodrigo/zephyr-course_ram
  obj_dir      /home/rodrigo/zephyr-course_ram/twister-out
  gcda_fname   native_sim_native/host_gnu/zephyr-course_ram/tests/ring_buf/homework.unit.ring_buf/zephyr/NSI/native/src/native_rtc.gcda
  --> fname    /home/rodrigo/zephyrproject/zephyr/scripts/native_simulator/common/src/include/nsi_hw_scheduler.h
(DEBUG) Check if /home/rodrigo/zephyrproject/zephyr/scripts/native_simulator/common/src/include/nsi_hw_scheduler.h is included (source file)...
(DEBUG) --> File is excluded.
(DEBUG) Check if /home/rodrigo/zephyr-course_ram/twister-out/native_sim_native/host_gnu/zephyr-course_ram/tests/ring_buf/homework.unit.ring_buf/zephyr/NSI/native/src/nsi_cmdline.gcda is included (trace)...
(DEBUG)   No filter matched.
(DEBUG) --> File is excluded.
(DEBUG) Check if /home/rodrigo/zephyr-course_ram/twister-out/native_sim_native/host_gnu/zephyr-course_ram/tests/ring_buf/homework.unit.ring_buf/zephyr/NSI/native/src/nsi_cmdline.gcda is included (trace)...
(DEBUG) --> File is excluded.
(DEBUG) Check if nsi_cmdline.c##15f42609de20639474e91af3d954757e.gcov is included (gcov file)...
(DEBUG)   Filter AlwaysMatchFilter() matched.
(DEBUG) --> File is included.
(DEBUG) Check if /home/rodrigo/zephyr-course_ram/twister-out/nsi_cmdline.c##15f42609de20639474e91af3d954757e.gcov is included (trace)...
(DEBUG)   No filter matched.
(DEBUG) --> File is excluded.
(DEBUG) Finding source file corresponding to a gcov data file
  gcov_fname   /home/rodrigo/zephyr-course_ram/twister-out/nsi_cmdline.c##15f42609de20639474e91af3d954757e.gcov
  current_dir  /home/rodrigo/zephyr-course_ram/twister-out
  root         /home/rodrigo/zephyr-course_ram/app/modules/ring_buf
  starting_dir /home/rodrigo/zephyr-course_ram
  obj_dir      /home/rodrigo/zephyr-course_ram/twister-out
  gcda_fname   native_sim_native/host_gnu/zephyr-course_ram/tests/ring_buf/homework.unit.ring_buf/zephyr/NSI/native/src/nsi_cmdline.gcda
  --> fname    /home/rodrigo/zephyrproject/zephyr/scripts/native_simulator/native/src/nsi_cmdline.c
(DEBUG) Check if /home/rodrigo/zephyrproject/zephyr/scripts/native_simulator/native/src/nsi_cmdline.c is included (source file)...
(DEBUG)   No filter matched.
(DEBUG) --> File is excluded.
(DEBUG) Check if /home/rodrigo/zephyr-course_ram/twister-out/native_sim_native/host_gnu/zephyr-course_ram/tests/ring_buf/homework.unit.ring_buf/zephyr/NSI/native/src/nsi_cmdline_common.gcda is included (trace)...
(DEBUG)   No filter matched.
(DEBUG) --> File is excluded.
(DEBUG) Check if /home/rodrigo/zephyr-course_ram/twister-out/native_sim_native/host_gnu/zephyr-course_ram/tests/ring_buf/homework.unit.ring_buf/zephyr/NSI/native/src/nsi_cmdline_common.gcda is included (trace)...
(DEBUG) --> File is excluded.
(DEBUG) Check if nsi_cmdline_common.c##8ebf191702b0bfb0956b5a32edea9714.gcov is included (gcov file)...
(DEBUG)   Filter AlwaysMatchFilter() matched.
(DEBUG) --> File is included.
(DEBUG) Check if /home/rodrigo/zephyr-course_ram/twister-out/nsi_cmdline_common.c##8ebf191702b0bfb0956b5a32edea9714.gcov is included (trace)...
(DEBUG)   No filter matched.
(DEBUG) --> File is excluded.
(DEBUG) Finding source file corresponding to a gcov data file
  gcov_fname   /home/rodrigo/zephyr-course_ram/twister-out/nsi_cmdline_common.c##8ebf191702b0bfb0956b5a32edea9714.gcov
  current_dir  /home/rodrigo/zephyr-course_ram/twister-out
  root         /home/rodrigo/zephyr-course_ram/app/modules/ring_buf
  starting_dir /home/rodrigo/zephyr-course_ram
  obj_dir      /home/rodrigo/zephyr-course_ram/twister-out
  gcda_fname   native_sim_native/host_gnu/zephyr-course_ram/tests/ring_buf/homework.unit.ring_buf/zephyr/NSI/native/src/nsi_cmdline_common.gcda
  --> fname    /home/rodrigo/zephyrproject/zephyr/scripts/native_simulator/native/src/nsi_cmdline_common.c
(DEBUG) Check if /home/rodrigo/zephyrproject/zephyr/scripts/native_simulator/native/src/nsi_cmdline_common.c is included (source file)...
(DEBUG)   No filter matched.
(DEBUG) --> File is excluded.
(DEBUG) Check if /home/rodrigo/zephyr-course_ram/twister-out/native_sim_native/host_gnu/zephyr-course_ram/tests/ring_buf/homework.unit.ring_buf/zephyr/NSI/native/src/nsi_trace.gcda is included (trace)...
(DEBUG)   No filter matched.
(DEBUG) --> File is excluded.
(DEBUG) Check if /home/rodrigo/zephyr-course_ram/twister-out/native_sim_native/host_gnu/zephyr-course_ram/tests/ring_buf/homework.unit.ring_buf/zephyr/NSI/native/src/nsi_trace.gcda is included (trace)...
(DEBUG) --> File is excluded.
(DEBUG) Check if nsi_trace.c##e75918b7dc67291790190f438155d718.gcov is included (gcov file)...
(DEBUG)   Filter AlwaysMatchFilter() matched.
(DEBUG) --> File is included.
(DEBUG) Check if /home/rodrigo/zephyr-course_ram/twister-out/nsi_trace.c##e75918b7dc67291790190f438155d718.gcov is included (trace)...
(DEBUG)   No filter matched.
(DEBUG) --> File is excluded.
(DEBUG) Finding source file corresponding to a gcov data file
  gcov_fname   /home/rodrigo/zephyr-course_ram/twister-out/nsi_trace.c##e75918b7dc67291790190f438155d718.gcov
  current_dir  /home/rodrigo/zephyr-course_ram/twister-out
  root         /home/rodrigo/zephyr-course_ram/app/modules/ring_buf
  starting_dir /home/rodrigo/zephyr-course_ram
  obj_dir      /home/rodrigo/zephyr-course_ram/twister-out
  gcda_fname   native_sim_native/host_gnu/zephyr-course_ram/tests/ring_buf/homework.unit.ring_buf/zephyr/NSI/native/src/nsi_trace.gcda
  --> fname    /home/rodrigo/zephyrproject/zephyr/scripts/native_simulator/native/src/nsi_trace.c
(DEBUG) Check if /home/rodrigo/zephyrproject/zephyr/scripts/native_simulator/native/src/nsi_trace.c is included (source file)...
(DEBUG)   No filter matched.
(DEBUG) --> File is excluded.
(DEBUG) Check if /home/rodrigo/zephyr-course_ram/twister-out/native_sim_native/host_gnu/zephyr-course_ram/tests/ring_buf/homework.unit.ring_buf/zephyr/NSI/native/src/timer_model.gcda is included (trace)...
(DEBUG)   No filter matched.
(DEBUG) --> File is excluded.
(DEBUG) Check if /home/rodrigo/zephyr-course_ram/twister-out/native_sim_native/host_gnu/zephyr-course_ram/tests/ring_buf/homework.unit.ring_buf/zephyr/NSI/native/src/timer_model.gcda is included (trace)...
(DEBUG) --> File is excluded.
(DEBUG) Check if timer_model.c##2729df6ba003fb60ec16d11f751fdf3a.gcov is included (gcov file)...
(DEBUG)   Filter AlwaysMatchFilter() matched.
(DEBUG) --> File is included.
(DEBUG) Check if nsi_hw_scheduler.h##4ea4297b01c8f016214cbe6a62a9f096.gcov is included (gcov file)...
(DEBUG) --> File is included.
(DEBUG) Check if /home/rodrigo/zephyr-course_ram/twister-out/timer_model.c##2729df6ba003fb60ec16d11f751fdf3a.gcov is included (trace)...
(DEBUG)   No filter matched.
(DEBUG) --> File is excluded.
(DEBUG) Finding source file corresponding to a gcov data file
  gcov_fname   /home/rodrigo/zephyr-course_ram/twister-out/timer_model.c##2729df6ba003fb60ec16d11f751fdf3a.gcov
  current_dir  /home/rodrigo/zephyr-course_ram/twister-out
  root         /home/rodrigo/zephyr-course_ram/app/modules/ring_buf
  starting_dir /home/rodrigo/zephyr-course_ram
  obj_dir      /home/rodrigo/zephyr-course_ram/twister-out
  gcda_fname   native_sim_native/host_gnu/zephyr-course_ram/tests/ring_buf/homework.unit.ring_buf/zephyr/NSI/native/src/timer_model.gcda
  --> fname    /home/rodrigo/zephyrproject/zephyr/scripts/native_simulator/native/src/timer_model.c
(DEBUG) Check if /home/rodrigo/zephyrproject/zephyr/scripts/native_simulator/native/src/timer_model.c is included (source file)...
(DEBUG)   No filter matched.
(DEBUG) --> File is excluded.
(DEBUG) Check if /home/rodrigo/zephyr-course_ram/twister-out/nsi_hw_scheduler.h##4ea4297b01c8f016214cbe6a62a9f096.gcov is included (trace)...
(DEBUG) --> File is excluded.
(DEBUG) Finding source file corresponding to a gcov data file
  gcov_fname   /home/rodrigo/zephyr-course_ram/twister-out/nsi_hw_scheduler.h##4ea4297b01c8f016214cbe6a62a9f096.gcov
  current_dir  /home/rodrigo/zephyr-course_ram/twister-out
  root         /home/rodrigo/zephyr-course_ram/app/modules/ring_buf
  starting_dir /home/rodrigo/zephyr-course_ram
  obj_dir      /home/rodrigo/zephyr-course_ram/twister-out
  gcda_fname   native_sim_native/host_gnu/zephyr-course_ram/tests/ring_buf/homework.unit.ring_buf/zephyr/NSI/native/src/timer_model.gcda
  --> fname    /home/rodrigo/zephyrproject/zephyr/scripts/native_simulator/common/src/include/nsi_hw_scheduler.h
(DEBUG) Check if /home/rodrigo/zephyrproject/zephyr/scripts/native_simulator/common/src/include/nsi_hw_scheduler.h is included (source file)...
(DEBUG) --> File is excluded.
(DEBUG) Check if /home/rodrigo/zephyr-course_ram/twister-out/native_sim_native/host_gnu/zephyr-course_ram/tests/ring_buf/homework.unit.ring_buf/zephyr/arch/arch/posix/core/CMakeFiles/arch__posix__core.dir/cpuhalt.c.gcda is included (trace)...
(DEBUG)   No filter matched.
(DEBUG) --> File is excluded.
(DEBUG) Check if /home/rodrigo/zephyr-course_ram/twister-out/native_sim_native/host_gnu/zephyr-course_ram/tests/ring_buf/homework.unit.ring_buf/zephyr/arch/arch/posix/core/CMakeFiles/arch__posix__core.dir/cpuhalt.c.gcda is included (trace)...
(DEBUG) --> File is excluded.
(DEBUG) Check if cpuhalt.c##91be8305bd66969843a1936d34847050.gcov is included (gcov file)...
(DEBUG)   Filter AlwaysMatchFilter() matched.
(DEBUG) --> File is included.
(DEBUG) Check if /home/rodrigo/zephyr-course_ram/twister-out/cpuhalt.c##91be8305bd66969843a1936d34847050.gcov is included (trace)...
(DEBUG)   No filter matched.
(DEBUG) --> File is excluded.
(DEBUG) Finding source file corresponding to a gcov data file
  gcov_fname   /home/rodrigo/zephyr-course_ram/twister-out/cpuhalt.c##91be8305bd66969843a1936d34847050.gcov
  current_dir  /home/rodrigo/zephyr-course_ram/twister-out
  root         /home/rodrigo/zephyr-course_ram/app/modules/ring_buf
  starting_dir /home/rodrigo/zephyr-course_ram
  obj_dir      /home/rodrigo/zephyr-course_ram/twister-out
  gcda_fname   native_sim_native/host_gnu/zephyr-course_ram/tests/ring_buf/homework.unit.ring_buf/zephyr/arch/arch/posix/core/CMakeFiles/arch__posix__core.dir/cpuhalt.c.gcda
  --> fname    /home/rodrigo/zephyrproject/zephyr/arch/posix/core/cpuhalt.c
(DEBUG) Check if /home/rodrigo/zephyrproject/zephyr/arch/posix/core/cpuhalt.c is included (source file)...
(DEBUG)   No filter matched.
(DEBUG) --> File is excluded.
(DEBUG) Check if /home/rodrigo/zephyr-course_ram/twister-out/native_sim_native/host_gnu/zephyr-course_ram/tests/ring_buf/homework.unit.ring_buf/zephyr/arch/arch/posix/core/CMakeFiles/arch__posix__core.dir/fatal.c.gcda is included (trace)...
(DEBUG)   No filter matched.
(DEBUG) --> File is excluded.
(DEBUG) Check if /home/rodrigo/zephyr-course_ram/twister-out/native_sim_native/host_gnu/zephyr-course_ram/tests/ring_buf/homework.unit.ring_buf/zephyr/arch/arch/posix/core/CMakeFiles/arch__posix__core.dir/fatal.c.gcda is included (trace)...
(DEBUG) --> File is excluded.
(DEBUG) Check if fatal.c##3c565bc4534cfcec7ee28a38ca559b10.gcov is included (gcov file)...
(DEBUG)   Filter AlwaysMatchFilter() matched.
(DEBUG) --> File is included.
(DEBUG) Check if /home/rodrigo/zephyr-course_ram/twister-out/fatal.c##3c565bc4534cfcec7ee28a38ca559b10.gcov is included (trace)...
(DEBUG)   No filter matched.
(DEBUG) --> File is excluded.
(DEBUG) Finding source file corresponding to a gcov data file
  gcov_fname   /home/rodrigo/zephyr-course_ram/twister-out/fatal.c##3c565bc4534cfcec7ee28a38ca559b10.gcov
  current_dir  /home/rodrigo/zephyr-course_ram/twister-out
  root         /home/rodrigo/zephyr-course_ram/app/modules/ring_buf
  starting_dir /home/rodrigo/zephyr-course_ram
  obj_dir      /home/rodrigo/zephyr-course_ram/twister-out
  gcda_fname   native_sim_native/host_gnu/zephyr-course_ram/tests/ring_buf/homework.unit.ring_buf/zephyr/arch/arch/posix/core/CMakeFiles/arch__posix__core.dir/fatal.c.gcda
  --> fname    /home/rodrigo/zephyrproject/zephyr/arch/posix/core/fatal.c
(DEBUG) Check if /home/rodrigo/zephyrproject/zephyr/arch/posix/core/fatal.c is included (source file)...
(DEBUG)   No filter matched.
(DEBUG) --> File is excluded.
(DEBUG) Check if /home/rodrigo/zephyr-course_ram/twister-out/native_sim_native/host_gnu/zephyr-course_ram/tests/ring_buf/homework.unit.ring_buf/zephyr/arch/arch/posix/core/CMakeFiles/arch__posix__core.dir/irq.c.gcda is included (trace)...
(DEBUG)   No filter matched.
(DEBUG) --> File is excluded.
(DEBUG) Check if /home/rodrigo/zephyr-course_ram/twister-out/native_sim_native/host_gnu/zephyr-course_ram/tests/ring_buf/homework.unit.ring_buf/zephyr/arch/arch/posix/core/CMakeFiles/arch__posix__core.dir/irq.c.gcda is included (trace)...
(DEBUG) --> File is excluded.
(DEBUG) Check if irq.c##409f016e0e67464af58f3945e6fb4d52.gcov is included (gcov file)...
(DEBUG)   Filter AlwaysMatchFilter() matched.
(DEBUG) --> File is included.
(DEBUG) Check if /home/rodrigo/zephyr-course_ram/twister-out/irq.c##409f016e0e67464af58f3945e6fb4d52.gcov is included (trace)...
(DEBUG)   No filter matched.
(DEBUG) --> File is excluded.
(DEBUG) Finding source file corresponding to a gcov data file
  gcov_fname   /home/rodrigo/zephyr-course_ram/twister-out/irq.c##409f016e0e67464af58f3945e6fb4d52.gcov
  current_dir  /home/rodrigo/zephyr-course_ram/twister-out
  root         /home/rodrigo/zephyr-course_ram/app/modules/ring_buf
  starting_dir /home/rodrigo/zephyr-course_ram
  obj_dir      /home/rodrigo/zephyr-course_ram/twister-out
  gcda_fname   native_sim_native/host_gnu/zephyr-course_ram/tests/ring_buf/homework.unit.ring_buf/zephyr/arch/arch/posix/core/CMakeFiles/arch__posix__core.dir/irq.c.gcda
  --> fname    /home/rodrigo/zephyrproject/zephyr/arch/posix/core/irq.c
(DEBUG) Check if /home/rodrigo/zephyrproject/zephyr/arch/posix/core/irq.c is included (source file)...
(DEBUG)   No filter matched.
(DEBUG) --> File is excluded.
(DEBUG) Check if /home/rodrigo/zephyr-course_ram/twister-out/native_sim_native/host_gnu/zephyr-course_ram/tests/ring_buf/homework.unit.ring_buf/zephyr/arch/arch/posix/core/CMakeFiles/arch__posix__core.dir/posix_core_nsi.c.gcda is included (trace)...
(DEBUG)   No filter matched.
(DEBUG) --> File is excluded.
(DEBUG) Check if /home/rodrigo/zephyr-course_ram/twister-out/native_sim_native/host_gnu/zephyr-course_ram/tests/ring_buf/homework.unit.ring_buf/zephyr/arch/arch/posix/core/CMakeFiles/arch__posix__core.dir/posix_core_nsi.c.gcda is included (trace)...
(DEBUG) --> File is excluded.
(DEBUG) Check if posix_core_nsi.c##77327be48c018afcefed737ca3b3d40a.gcov is included (gcov file)...
(DEBUG)   Filter AlwaysMatchFilter() matched.
(DEBUG) --> File is included.
(DEBUG) Check if /home/rodrigo/zephyr-course_ram/twister-out/posix_core_nsi.c##77327be48c018afcefed737ca3b3d40a.gcov is included (trace)...
(DEBUG)   No filter matched.
(DEBUG) --> File is excluded.
(DEBUG) Finding source file corresponding to a gcov data file
  gcov_fname   /home/rodrigo/zephyr-course_ram/twister-out/posix_core_nsi.c##77327be48c018afcefed737ca3b3d40a.gcov
  current_dir  /home/rodrigo/zephyr-course_ram/twister-out
  root         /home/rodrigo/zephyr-course_ram/app/modules/ring_buf
  starting_dir /home/rodrigo/zephyr-course_ram
  obj_dir      /home/rodrigo/zephyr-course_ram/twister-out
  gcda_fname   native_sim_native/host_gnu/zephyr-course_ram/tests/ring_buf/homework.unit.ring_buf/zephyr/arch/arch/posix/core/CMakeFiles/arch__posix__core.dir/posix_core_nsi.c.gcda
  --> fname    /home/rodrigo/zephyrproject/zephyr/arch/posix/core/posix_core_nsi.c
(DEBUG) Check if /home/rodrigo/zephyrproject/zephyr/arch/posix/core/posix_core_nsi.c is included (source file)...
(DEBUG)   No filter matched.
(DEBUG) --> File is excluded.
(DEBUG) Check if /home/rodrigo/zephyr-course_ram/twister-out/native_sim_native/host_gnu/zephyr-course_ram/tests/ring_buf/homework.unit.ring_buf/zephyr/arch/arch/posix/core/CMakeFiles/arch__posix__core.dir/swap.c.gcda is included (trace)...
(DEBUG)   No filter matched.
(DEBUG) --> File is excluded.
(DEBUG) Check if /home/rodrigo/zephyr-course_ram/twister-out/native_sim_native/host_gnu/zephyr-course_ram/tests/ring_buf/homework.unit.ring_buf/zephyr/arch/arch/posix/core/CMakeFiles/arch__posix__core.dir/swap.c.gcda is included (trace)...
(DEBUG) --> File is excluded.
(DEBUG) Check if swap.c##914670a73f4a847c4230c68085c28422.gcov is included (gcov file)...
(DEBUG)   Filter AlwaysMatchFilter() matched.
(DEBUG) --> File is included.
(DEBUG) Check if arch.h##239ee5cbaf1f4f5309f62049e6f0de61.gcov is included (gcov file)...
(DEBUG) --> File is included.
(DEBUG) Check if /home/rodrigo/zephyr-course_ram/twister-out/arch.h##239ee5cbaf1f4f5309f62049e6f0de61.gcov is included (trace)...
(DEBUG) --> File is excluded.
(DEBUG) Finding source file corresponding to a gcov data file
  gcov_fname   /home/rodrigo/zephyr-course_ram/twister-out/arch.h##239ee5cbaf1f4f5309f62049e6f0de61.gcov
  current_dir  /home/rodrigo/zephyr-course_ram/twister-out
  root         /home/rodrigo/zephyr-course_ram/app/modules/ring_buf
  starting_dir /home/rodrigo/zephyr-course_ram
  obj_dir      /home/rodrigo/zephyr-course_ram/twister-out
  gcda_fname   native_sim_native/host_gnu/zephyr-course_ram/tests/ring_buf/homework.unit.ring_buf/zephyr/arch/arch/posix/core/CMakeFiles/arch__posix__core.dir/swap.c.gcda
  --> fname    /home/rodrigo/zephyrproject/zephyr/include/zephyr/arch/posix/arch.h
(DEBUG) Check if /home/rodrigo/zephyrproject/zephyr/include/zephyr/arch/posix/arch.h is included (source file)...
(DEBUG) --> File is excluded.
(DEBUG) Check if /home/rodrigo/zephyr-course_ram/twister-out/swap.c##914670a73f4a847c4230c68085c28422.gcov is included (trace)...
(DEBUG)   No filter matched.
(DEBUG) --> File is excluded.
(DEBUG) Finding source file corresponding to a gcov data file
  gcov_fname   /home/rodrigo/zephyr-course_ram/twister-out/swap.c##914670a73f4a847c4230c68085c28422.gcov
  current_dir  /home/rodrigo/zephyr-course_ram/twister-out
  root         /home/rodrigo/zephyr-course_ram/app/modules/ring_buf
  starting_dir /home/rodrigo/zephyr-course_ram
  obj_dir      /home/rodrigo/zephyr-course_ram/twister-out
  gcda_fname   native_sim_native/host_gnu/zephyr-course_ram/tests/ring_buf/homework.unit.ring_buf/zephyr/arch/arch/posix/core/CMakeFiles/arch__posix__core.dir/swap.c.gcda
  --> fname    /home/rodrigo/zephyrproject/zephyr/arch/posix/core/swap.c
(DEBUG) Check if /home/rodrigo/zephyrproject/zephyr/arch/posix/core/swap.c is included (source file)...
(DEBUG)   No filter matched.
(DEBUG) --> File is excluded.
(DEBUG) Check if /home/rodrigo/zephyr-course_ram/twister-out/native_sim_native/host_gnu/zephyr-course_ram/tests/ring_buf/homework.unit.ring_buf/zephyr/arch/arch/posix/core/CMakeFiles/arch__posix__core.dir/thread.c.gcda is included (trace)...
(DEBUG)   No filter matched.
(DEBUG) --> File is excluded.
(DEBUG) Check if /home/rodrigo/zephyr-course_ram/twister-out/native_sim_native/host_gnu/zephyr-course_ram/tests/ring_buf/homework.unit.ring_buf/zephyr/arch/arch/posix/core/CMakeFiles/arch__posix__core.dir/thread.c.gcda is included (trace)...
(DEBUG) --> File is excluded.
(DEBUG) Check if thread.c##931a64295a7e281e8f4ea33fee06e718.gcov is included (gcov file)...
(DEBUG)   Filter AlwaysMatchFilter() matched.
(DEBUG) --> File is included.
(DEBUG) Check if arch.h##239ee5cbaf1f4f5309f62049e6f0de61.gcov is included (gcov file)...
(DEBUG) --> File is included.
(DEBUG) Check if /home/rodrigo/zephyr-course_ram/twister-out/arch.h##239ee5cbaf1f4f5309f62049e6f0de61.gcov is included (trace)...
(DEBUG) --> File is excluded.
(DEBUG) Finding source file corresponding to a gcov data file
  gcov_fname   /home/rodrigo/zephyr-course_ram/twister-out/arch.h##239ee5cbaf1f4f5309f62049e6f0de61.gcov
  current_dir  /home/rodrigo/zephyr-course_ram/twister-out
  root         /home/rodrigo/zephyr-course_ram/app/modules/ring_buf
  starting_dir /home/rodrigo/zephyr-course_ram
  obj_dir      /home/rodrigo/zephyr-course_ram/twister-out
  gcda_fname   native_sim_native/host_gnu/zephyr-course_ram/tests/ring_buf/homework.unit.ring_buf/zephyr/arch/arch/posix/core/CMakeFiles/arch__posix__core.dir/thread.c.gcda
  --> fname    /home/rodrigo/zephyrproject/zephyr/include/zephyr/arch/posix/arch.h
(DEBUG) Check if /home/rodrigo/zephyrproject/zephyr/include/zephyr/arch/posix/arch.h is included (source file)...
(DEBUG) --> File is excluded.
(DEBUG) Check if /home/rodrigo/zephyr-course_ram/twister-out/thread.c##931a64295a7e281e8f4ea33fee06e718.gcov is included (trace)...
(DEBUG)   No filter matched.
(DEBUG) --> File is excluded.
(DEBUG) Finding source file corresponding to a gcov data file
  gcov_fname   /home/rodrigo/zephyr-course_ram/twister-out/thread.c##931a64295a7e281e8f4ea33fee06e718.gcov
  current_dir  /home/rodrigo/zephyr-course_ram/twister-out
  root         /home/rodrigo/zephyr-course_ram/app/modules/ring_buf
  starting_dir /home/rodrigo/zephyr-course_ram
  obj_dir      /home/rodrigo/zephyr-course_ram/twister-out
  gcda_fname   native_sim_native/host_gnu/zephyr-course_ram/tests/ring_buf/homework.unit.ring_buf/zephyr/arch/arch/posix/core/CMakeFiles/arch__posix__core.dir/thread.c.gcda
  --> fname    /home/rodrigo/zephyrproject/zephyr/arch/posix/core/thread.c
(DEBUG) Check if /home/rodrigo/zephyrproject/zephyr/arch/posix/core/thread.c is included (source file)...
(DEBUG)   No filter matched.
(DEBUG) --> File is excluded.
(DEBUG) Check if /home/rodrigo/zephyr-course_ram/twister-out/native_sim_native/host_gnu/zephyr-course_ram/tests/ring_buf/homework.unit.ring_buf/zephyr/arch/common/CMakeFiles/arch__common.dir/init.c.gcda is included (trace)...
(DEBUG)   No filter matched.
(DEBUG) --> File is excluded.
(DEBUG) Check if /home/rodrigo/zephyr-course_ram/twister-out/native_sim_native/host_gnu/zephyr-course_ram/tests/ring_buf/homework.unit.ring_buf/zephyr/arch/common/CMakeFiles/arch__common.dir/init.c.gcda is included (trace)...
(DEBUG) --> File is excluded.
(DEBUG) Check if init.c##af0007f6ee298379403eef3b3f40af76.gcov is included (gcov file)...
(DEBUG)   Filter AlwaysMatchFilter() matched.
(DEBUG) --> File is included.
(DEBUG) Check if /home/rodrigo/zephyr-course_ram/twister-out/init.c##af0007f6ee298379403eef3b3f40af76.gcov is included (trace)...
(DEBUG)   No filter matched.
(DEBUG) --> File is excluded.
(DEBUG) Finding source file corresponding to a gcov data file
  gcov_fname   /home/rodrigo/zephyr-course_ram/twister-out/init.c##af0007f6ee298379403eef3b3f40af76.gcov
  current_dir  /home/rodrigo/zephyr-course_ram/twister-out
  root         /home/rodrigo/zephyr-course_ram/app/modules/ring_buf
  starting_dir /home/rodrigo/zephyr-course_ram
  obj_dir      /home/rodrigo/zephyr-course_ram/twister-out
  gcda_fname   native_sim_native/host_gnu/zephyr-course_ram/tests/ring_buf/homework.unit.ring_buf/zephyr/arch/common/CMakeFiles/arch__common.dir/init.c.gcda
  --> fname    /home/rodrigo/zephyrproject/zephyr/arch/common/init.c
(DEBUG) Check if /home/rodrigo/zephyrproject/zephyr/arch/common/init.c is included (source file)...
(DEBUG)   No filter matched.
(DEBUG) --> File is excluded.
(DEBUG) Check if /home/rodrigo/zephyr-course_ram/twister-out/native_sim_native/host_gnu/zephyr-course_ram/tests/ring_buf/homework.unit.ring_buf/zephyr/boards/native/native_sim/CMakeFiles/boards__native__native_sim.dir/cmdline.c.gcda is included (trace)...
(DEBUG)   No filter matched.
(DEBUG) --> File is excluded.
(DEBUG) Check if /home/rodrigo/zephyr-course_ram/twister-out/native_sim_native/host_gnu/zephyr-course_ram/tests/ring_buf/homework.unit.ring_buf/zephyr/boards/native/native_sim/CMakeFiles/boards__native__native_sim.dir/cmdline.c.gcda is included (trace)...
(DEBUG) --> File is excluded.
(DEBUG) Check if cmdline.c##fe6d9486113a55fb82e3b264c11f4012.gcov is included (gcov file)...
(DEBUG)   Filter AlwaysMatchFilter() matched.
(DEBUG) --> File is included.
(DEBUG) Check if /home/rodrigo/zephyr-course_ram/twister-out/cmdline.c##fe6d9486113a55fb82e3b264c11f4012.gcov is included (trace)...
(DEBUG)   No filter matched.
(DEBUG) --> File is excluded.
(DEBUG) Finding source file corresponding to a gcov data file
  gcov_fname   /home/rodrigo/zephyr-course_ram/twister-out/cmdline.c##fe6d9486113a55fb82e3b264c11f4012.gcov
  current_dir  /home/rodrigo/zephyr-course_ram/twister-out
  root         /home/rodrigo/zephyr-course_ram/app/modules/ring_buf
  starting_dir /home/rodrigo/zephyr-course_ram
  obj_dir      /home/rodrigo/zephyr-course_ram/twister-out
  gcda_fname   native_sim_native/host_gnu/zephyr-course_ram/tests/ring_buf/homework.unit.ring_buf/zephyr/boards/native/native_sim/CMakeFiles/boards__native__native_sim.dir/cmdline.c.gcda
  --> fname    /home/rodrigo/zephyrproject/zephyr/boards/native/native_sim/cmdline.c
(DEBUG) Check if /home/rodrigo/zephyrproject/zephyr/boards/native/native_sim/cmdline.c is included (source file)...
(DEBUG)   No filter matched.
(DEBUG) --> File is excluded.
(DEBUG) Check if /home/rodrigo/zephyr-course_ram/twister-out/native_sim_native/host_gnu/zephyr-course_ram/tests/ring_buf/homework.unit.ring_buf/zephyr/boards/native/native_sim/CMakeFiles/boards__native__native_sim.dir/cpu_wait.c.gcda is included (trace)...
(DEBUG)   No filter matched.
(DEBUG) --> File is excluded.
(DEBUG) Check if /home/rodrigo/zephyr-course_ram/twister-out/native_sim_native/host_gnu/zephyr-course_ram/tests/ring_buf/homework.unit.ring_buf/zephyr/boards/native/native_sim/CMakeFiles/boards__native__native_sim.dir/cpu_wait.c.gcda is included (trace)...
(DEBUG) --> File is excluded.
(DEBUG) Check if cpu_wait.c##df740813550eae33f7d7014eda789254.gcov is included (gcov file)...
(DEBUG)   Filter AlwaysMatchFilter() matched.
(DEBUG) --> File is included.
(DEBUG) Check if nsi_hw_scheduler.h##4ea4297b01c8f016214cbe6a62a9f096.gcov is included (gcov file)...
(DEBUG) --> File is included.
(DEBUG) Check if /home/rodrigo/zephyr-course_ram/twister-out/cpu_wait.c##df740813550eae33f7d7014eda789254.gcov is included (trace)...
(DEBUG)   No filter matched.
(DEBUG) --> File is excluded.
(DEBUG) Finding source file corresponding to a gcov data file
  gcov_fname   /home/rodrigo/zephyr-course_ram/twister-out/cpu_wait.c##df740813550eae33f7d7014eda789254.gcov
  current_dir  /home/rodrigo/zephyr-course_ram/twister-out
  root         /home/rodrigo/zephyr-course_ram/app/modules/ring_buf
  starting_dir /home/rodrigo/zephyr-course_ram
  obj_dir      /home/rodrigo/zephyr-course_ram/twister-out
  gcda_fname   native_sim_native/host_gnu/zephyr-course_ram/tests/ring_buf/homework.unit.ring_buf/zephyr/boards/native/native_sim/CMakeFiles/boards__native__native_sim.dir/cpu_wait.c.gcda
  --> fname    /home/rodrigo/zephyrproject/zephyr/boards/native/native_sim/cpu_wait.c
(DEBUG) Check if /home/rodrigo/zephyrproject/zephyr/boards/native/native_sim/cpu_wait.c is included (source file)...
(DEBUG)   No filter matched.
(DEBUG) --> File is excluded.
(DEBUG) Check if /home/rodrigo/zephyr-course_ram/twister-out/nsi_hw_scheduler.h##4ea4297b01c8f016214cbe6a62a9f096.gcov is included (trace)...
(DEBUG) --> File is excluded.
(DEBUG) Finding source file corresponding to a gcov data file
  gcov_fname   /home/rodrigo/zephyr-course_ram/twister-out/nsi_hw_scheduler.h##4ea4297b01c8f016214cbe6a62a9f096.gcov
  current_dir  /home/rodrigo/zephyr-course_ram/twister-out
  root         /home/rodrigo/zephyr-course_ram/app/modules/ring_buf
  starting_dir /home/rodrigo/zephyr-course_ram
  obj_dir      /home/rodrigo/zephyr-course_ram/twister-out
  gcda_fname   native_sim_native/host_gnu/zephyr-course_ram/tests/ring_buf/homework.unit.ring_buf/zephyr/boards/native/native_sim/CMakeFiles/boards__native__native_sim.dir/cpu_wait.c.gcda
  --> fname    /home/rodrigo/zephyrproject/zephyr/scripts/native_simulator/common/src/include/nsi_hw_scheduler.h
(DEBUG) Check if /home/rodrigo/zephyrproject/zephyr/scripts/native_simulator/common/src/include/nsi_hw_scheduler.h is included (source file)...
(DEBUG) --> File is excluded.
(DEBUG) Check if /home/rodrigo/zephyr-course_ram/twister-out/native_sim_native/host_gnu/zephyr-course_ram/tests/ring_buf/homework.unit.ring_buf/zephyr/boards/native/native_sim/CMakeFiles/boards__native__native_sim.dir/irq_handler.c.gcda is included (trace)...
(DEBUG)   No filter matched.
(DEBUG) --> File is excluded.
(DEBUG) Check if /home/rodrigo/zephyr-course_ram/twister-out/native_sim_native/host_gnu/zephyr-course_ram/tests/ring_buf/homework.unit.ring_buf/zephyr/boards/native/native_sim/CMakeFiles/boards__native__native_sim.dir/irq_handler.c.gcda is included (trace)...
(DEBUG) --> File is excluded.
(DEBUG) Check if irq_handler.c##560de30f5f042fa663b15cbbfddafff9.gcov is included (gcov file)...
(DEBUG)   Filter AlwaysMatchFilter() matched.
(DEBUG) --> File is included.
(DEBUG) Check if kswap.h##8021f979b7d9fd3a3e5b1e96100592cb.gcov is included (gcov file)...
(DEBUG)   Filter AlwaysMatchFilter() matched.
(DEBUG) --> File is included.
(DEBUG) Check if arch.h##239ee5cbaf1f4f5309f62049e6f0de61.gcov is included (gcov file)...
(DEBUG) --> File is included.
(DEBUG) Check if /home/rodrigo/zephyr-course_ram/twister-out/arch.h##239ee5cbaf1f4f5309f62049e6f0de61.gcov is included (trace)...
(DEBUG) --> File is excluded.
(DEBUG) Finding source file corresponding to a gcov data file
  gcov_fname   /home/rodrigo/zephyr-course_ram/twister-out/arch.h##239ee5cbaf1f4f5309f62049e6f0de61.gcov
  current_dir  /home/rodrigo/zephyr-course_ram/twister-out
  root         /home/rodrigo/zephyr-course_ram/app/modules/ring_buf
  starting_dir /home/rodrigo/zephyr-course_ram
  obj_dir      /home/rodrigo/zephyr-course_ram/twister-out
  gcda_fname   native_sim_native/host_gnu/zephyr-course_ram/tests/ring_buf/homework.unit.ring_buf/zephyr/boards/native/native_sim/CMakeFiles/boards__native__native_sim.dir/irq_handler.c.gcda
  --> fname    /home/rodrigo/zephyrproject/zephyr/include/zephyr/arch/posix/arch.h
(DEBUG) Check if /home/rodrigo/zephyrproject/zephyr/include/zephyr/arch/posix/arch.h is included (source file)...
(DEBUG) --> File is excluded.
(DEBUG) Check if /home/rodrigo/zephyr-course_ram/twister-out/irq_handler.c##560de30f5f042fa663b15cbbfddafff9.gcov is included (trace)...
(DEBUG)   No filter matched.
(DEBUG) --> File is excluded.
(DEBUG) Finding source file corresponding to a gcov data file
  gcov_fname   /home/rodrigo/zephyr-course_ram/twister-out/irq_handler.c##560de30f5f042fa663b15cbbfddafff9.gcov
  current_dir  /home/rodrigo/zephyr-course_ram/twister-out
  root         /home/rodrigo/zephyr-course_ram/app/modules/ring_buf
  starting_dir /home/rodrigo/zephyr-course_ram
  obj_dir      /home/rodrigo/zephyr-course_ram/twister-out
  gcda_fname   native_sim_native/host_gnu/zephyr-course_ram/tests/ring_buf/homework.unit.ring_buf/zephyr/boards/native/native_sim/CMakeFiles/boards__native__native_sim.dir/irq_handler.c.gcda
  --> fname    /home/rodrigo/zephyrproject/zephyr/boards/native/native_sim/irq_handler.c
(DEBUG) Check if /home/rodrigo/zephyrproject/zephyr/boards/native/native_sim/irq_handler.c is included (source file)...
(DEBUG)   No filter matched.
(DEBUG) --> File is excluded.
(DEBUG) Check if /home/rodrigo/zephyr-course_ram/twister-out/kswap.h##8021f979b7d9fd3a3e5b1e96100592cb.gcov is included (trace)...
(DEBUG)   No filter matched.
(DEBUG) --> File is excluded.
(DEBUG) Finding source file corresponding to a gcov data file
  gcov_fname   /home/rodrigo/zephyr-course_ram/twister-out/kswap.h##8021f979b7d9fd3a3e5b1e96100592cb.gcov
  current_dir  /home/rodrigo/zephyr-course_ram/twister-out
  root         /home/rodrigo/zephyr-course_ram/app/modules/ring_buf
  starting_dir /home/rodrigo/zephyr-course_ram
  obj_dir      /home/rodrigo/zephyr-course_ram/twister-out
  gcda_fname   native_sim_native/host_gnu/zephyr-course_ram/tests/ring_buf/homework.unit.ring_buf/zephyr/boards/native/native_sim/CMakeFiles/boards__native__native_sim.dir/irq_handler.c.gcda
  --> fname    /home/rodrigo/zephyrproject/zephyr/kernel/include/kswap.h
(DEBUG) Check if /home/rodrigo/zephyrproject/zephyr/kernel/include/kswap.h is included (source file)...
(DEBUG)   No filter matched.
(DEBUG) --> File is excluded.
(DEBUG) Check if /home/rodrigo/zephyr-course_ram/twister-out/native_sim_native/host_gnu/zephyr-course_ram/tests/ring_buf/homework.unit.ring_buf/zephyr/boards/native/native_sim/CMakeFiles/boards__native__native_sim.dir/misc.c.gcno is included (trace)...
(DEBUG)   No filter matched.
(DEBUG) --> File is excluded.
(DEBUG) Check if /home/rodrigo/zephyr-course_ram/twister-out/native_sim_native/host_gnu/zephyr-course_ram/tests/ring_buf/homework.unit.ring_buf/zephyr/boards/native/native_sim/CMakeFiles/boards__native__native_sim.dir/misc.c.gcno is included (trace)...
(DEBUG) --> File is excluded.
(DEBUG) Check if /home/rodrigo/zephyr-course_ram/twister-out/native_sim_native/host_gnu/zephyr-course_ram/tests/ring_buf/homework.unit.ring_buf/zephyr/boards/native/native_sim/CMakeFiles/boards__native__native_sim.dir/nsi_if.c.gcda is included (trace)...
(DEBUG)   No filter matched.
(DEBUG) --> File is excluded.
(DEBUG) Check if /home/rodrigo/zephyr-course_ram/twister-out/native_sim_native/host_gnu/zephyr-course_ram/tests/ring_buf/homework.unit.ring_buf/zephyr/boards/native/native_sim/CMakeFiles/boards__native__native_sim.dir/nsi_if.c.gcda is included (trace)...
(DEBUG) --> File is excluded.
(DEBUG) Check if nsi_if.c##8df94cd181b01f293ad06f38bb33c83e.gcov is included (gcov file)...
(DEBUG)   Filter AlwaysMatchFilter() matched.
(DEBUG) --> File is included.
(DEBUG) Check if /home/rodrigo/zephyr-course_ram/twister-out/nsi_if.c##8df94cd181b01f293ad06f38bb33c83e.gcov is included (trace)...
(DEBUG)   No filter matched.
(DEBUG) --> File is excluded.
(DEBUG) Finding source file corresponding to a gcov data file
  gcov_fname   /home/rodrigo/zephyr-course_ram/twister-out/nsi_if.c##8df94cd181b01f293ad06f38bb33c83e.gcov
  current_dir  /home/rodrigo/zephyr-course_ram/twister-out
  root         /home/rodrigo/zephyr-course_ram/app/modules/ring_buf
  starting_dir /home/rodrigo/zephyr-course_ram
  obj_dir      /home/rodrigo/zephyr-course_ram/twister-out
  gcda_fname   native_sim_native/host_gnu/zephyr-course_ram/tests/ring_buf/homework.unit.ring_buf/zephyr/boards/native/native_sim/CMakeFiles/boards__native__native_sim.dir/nsi_if.c.gcda
  --> fname    /home/rodrigo/zephyrproject/zephyr/boards/native/native_sim/nsi_if.c
(DEBUG) Check if /home/rodrigo/zephyrproject/zephyr/boards/native/native_sim/nsi_if.c is included (source file)...
(DEBUG)   No filter matched.
(DEBUG) --> File is excluded.
(DEBUG) Check if /home/rodrigo/zephyr-course_ram/twister-out/native_sim_native/host_gnu/zephyr-course_ram/tests/ring_buf/homework.unit.ring_buf/zephyr/boards/native/native_sim/CMakeFiles/boards__native__native_sim.dir/posix_arch_if.c.gcda is included (trace)...
(DEBUG)   No filter matched.
(DEBUG) --> File is excluded.
(DEBUG) Check if /home/rodrigo/zephyr-course_ram/twister-out/native_sim_native/host_gnu/zephyr-course_ram/tests/ring_buf/homework.unit.ring_buf/zephyr/boards/native/native_sim/CMakeFiles/boards__native__native_sim.dir/posix_arch_if.c.gcda is included (trace)...
(DEBUG) --> File is excluded.
(DEBUG) Check if posix_arch_if.c##0ade16c73e33f7e497f46555736e677a.gcov is included (gcov file)...
(DEBUG)   Filter AlwaysMatchFilter() matched.
(DEBUG) --> File is included.
(DEBUG) Check if nsi_hw_scheduler.h##4ea4297b01c8f016214cbe6a62a9f096.gcov is included (gcov file)...
(DEBUG) --> File is included.
(DEBUG) Check if /home/rodrigo/zephyr-course_ram/twister-out/posix_arch_if.c##0ade16c73e33f7e497f46555736e677a.gcov is included (trace)...
(DEBUG)   No filter matched.
(DEBUG) --> File is excluded.
(DEBUG) Finding source file corresponding to a gcov data file
  gcov_fname   /home/rodrigo/zephyr-course_ram/twister-out/posix_arch_if.c##0ade16c73e33f7e497f46555736e677a.gcov
  current_dir  /home/rodrigo/zephyr-course_ram/twister-out
  root         /home/rodrigo/zephyr-course_ram/app/modules/ring_buf
  starting_dir /home/rodrigo/zephyr-course_ram
  obj_dir      /home/rodrigo/zephyr-course_ram/twister-out
  gcda_fname   native_sim_native/host_gnu/zephyr-course_ram/tests/ring_buf/homework.unit.ring_buf/zephyr/boards/native/native_sim/CMakeFiles/boards__native__native_sim.dir/posix_arch_if.c.gcda
  --> fname    /home/rodrigo/zephyrproject/zephyr/boards/native/native_sim/posix_arch_if.c
(DEBUG) Check if /home/rodrigo/zephyrproject/zephyr/boards/native/native_sim/posix_arch_if.c is included (source file)...
(DEBUG)   No filter matched.
(DEBUG) --> File is excluded.
(DEBUG) Check if /home/rodrigo/zephyr-course_ram/twister-out/nsi_hw_scheduler.h##4ea4297b01c8f016214cbe6a62a9f096.gcov is included (trace)...
(DEBUG) --> File is excluded.
(DEBUG) Finding source file corresponding to a gcov data file
  gcov_fname   /home/rodrigo/zephyr-course_ram/twister-out/nsi_hw_scheduler.h##4ea4297b01c8f016214cbe6a62a9f096.gcov
  current_dir  /home/rodrigo/zephyr-course_ram/twister-out
  root         /home/rodrigo/zephyr-course_ram/app/modules/ring_buf
  starting_dir /home/rodrigo/zephyr-course_ram
  obj_dir      /home/rodrigo/zephyr-course_ram/twister-out
  gcda_fname   native_sim_native/host_gnu/zephyr-course_ram/tests/ring_buf/homework.unit.ring_buf/zephyr/boards/native/native_sim/CMakeFiles/boards__native__native_sim.dir/posix_arch_if.c.gcda
  --> fname    /home/rodrigo/zephyrproject/zephyr/scripts/native_simulator/common/src/include/nsi_hw_scheduler.h
(DEBUG) Check if /home/rodrigo/zephyrproject/zephyr/scripts/native_simulator/common/src/include/nsi_hw_scheduler.h is included (source file)...
(DEBUG) --> File is excluded.
(DEBUG) Check if /home/rodrigo/zephyr-course_ram/twister-out/native_sim_native/host_gnu/zephyr-course_ram/tests/ring_buf/homework.unit.ring_buf/zephyr/drivers/console/CMakeFiles/drivers__console.dir/posix_arch_console.c.gcda is included (trace)...
(DEBUG)   No filter matched.
(DEBUG) --> File is excluded.
(DEBUG) Check if /home/rodrigo/zephyr-course_ram/twister-out/native_sim_native/host_gnu/zephyr-course_ram/tests/ring_buf/homework.unit.ring_buf/zephyr/drivers/console/CMakeFiles/drivers__console.dir/posix_arch_console.c.gcda is included (trace)...
(DEBUG) --> File is excluded.
(DEBUG) Check if posix_arch_console.c##14a44c92f9a84a984da575534b577e16.gcov is included (gcov file)...
(DEBUG)   Filter AlwaysMatchFilter() matched.
(DEBUG) --> File is included.
(DEBUG) Check if /home/rodrigo/zephyr-course_ram/twister-out/posix_arch_console.c##14a44c92f9a84a984da575534b577e16.gcov is included (trace)...
(DEBUG)   No filter matched.
(DEBUG) --> File is excluded.
(DEBUG) Finding source file corresponding to a gcov data file
  gcov_fname   /home/rodrigo/zephyr-course_ram/twister-out/posix_arch_console.c##14a44c92f9a84a984da575534b577e16.gcov
  current_dir  /home/rodrigo/zephyr-course_ram/twister-out
  root         /home/rodrigo/zephyr-course_ram/app/modules/ring_buf
  starting_dir /home/rodrigo/zephyr-course_ram
  obj_dir      /home/rodrigo/zephyr-course_ram/twister-out
  gcda_fname   native_sim_native/host_gnu/zephyr-course_ram/tests/ring_buf/homework.unit.ring_buf/zephyr/drivers/console/CMakeFiles/drivers__console.dir/posix_arch_console.c.gcda
  --> fname    /home/rodrigo/zephyrproject/zephyr/drivers/console/posix_arch_console.c
(DEBUG) Check if /home/rodrigo/zephyrproject/zephyr/drivers/console/posix_arch_console.c is included (source file)...
(DEBUG)   No filter matched.
(DEBUG) --> File is excluded.
(DEBUG) Check if /home/rodrigo/zephyr-course_ram/twister-out/native_sim_native/host_gnu/zephyr-course_ram/tests/ring_buf/homework.unit.ring_buf/zephyr/drivers/timer/CMakeFiles/drivers__timer.dir/native_sim_timer.c.gcda is included (trace)...
(DEBUG)   No filter matched.
(DEBUG) --> File is excluded.
(DEBUG) Check if /home/rodrigo/zephyr-course_ram/twister-out/native_sim_native/host_gnu/zephyr-course_ram/tests/ring_buf/homework.unit.ring_buf/zephyr/drivers/timer/CMakeFiles/drivers__timer.dir/native_sim_timer.c.gcda is included (trace)...
(DEBUG) --> File is excluded.
(DEBUG) Check if native_sim_timer.c##9a4ee2a22960a240ce72d0ac6142629a.gcov is included (gcov file)...
(DEBUG)   Filter AlwaysMatchFilter() matched.
(DEBUG) --> File is included.
(DEBUG) Check if nsi_hw_scheduler.h##4ea4297b01c8f016214cbe6a62a9f096.gcov is included (gcov file)...
(DEBUG) --> File is included.
(DEBUG) Check if /home/rodrigo/zephyr-course_ram/twister-out/native_sim_timer.c##9a4ee2a22960a240ce72d0ac6142629a.gcov is included (trace)...
(DEBUG)   No filter matched.
(DEBUG) --> File is excluded.
(DEBUG) Finding source file corresponding to a gcov data file
  gcov_fname   /home/rodrigo/zephyr-course_ram/twister-out/native_sim_timer.c##9a4ee2a22960a240ce72d0ac6142629a.gcov
  current_dir  /home/rodrigo/zephyr-course_ram/twister-out
  root         /home/rodrigo/zephyr-course_ram/app/modules/ring_buf
  starting_dir /home/rodrigo/zephyr-course_ram
  obj_dir      /home/rodrigo/zephyr-course_ram/twister-out
  gcda_fname   native_sim_native/host_gnu/zephyr-course_ram/tests/ring_buf/homework.unit.ring_buf/zephyr/drivers/timer/CMakeFiles/drivers__timer.dir/native_sim_timer.c.gcda
  --> fname    /home/rodrigo/zephyrproject/zephyr/drivers/timer/native_sim_timer.c
(DEBUG) Check if /home/rodrigo/zephyrproject/zephyr/drivers/timer/native_sim_timer.c is included (source file)...
(DEBUG)   No filter matched.
(DEBUG) --> File is excluded.
(DEBUG) Check if /home/rodrigo/zephyr-course_ram/twister-out/nsi_hw_scheduler.h##4ea4297b01c8f016214cbe6a62a9f096.gcov is included (trace)...
(DEBUG) --> File is excluded.
(DEBUG) Finding source file corresponding to a gcov data file
  gcov_fname   /home/rodrigo/zephyr-course_ram/twister-out/nsi_hw_scheduler.h##4ea4297b01c8f016214cbe6a62a9f096.gcov
  current_dir  /home/rodrigo/zephyr-course_ram/twister-out
  root         /home/rodrigo/zephyr-course_ram/app/modules/ring_buf
  starting_dir /home/rodrigo/zephyr-course_ram
  obj_dir      /home/rodrigo/zephyr-course_ram/twister-out
  gcda_fname   native_sim_native/host_gnu/zephyr-course_ram/tests/ring_buf/homework.unit.ring_buf/zephyr/drivers/timer/CMakeFiles/drivers__timer.dir/native_sim_timer.c.gcda
  --> fname    /home/rodrigo/zephyrproject/zephyr/scripts/native_simulator/common/src/include/nsi_hw_scheduler.h
(DEBUG) Check if /home/rodrigo/zephyrproject/zephyr/scripts/native_simulator/common/src/include/nsi_hw_scheduler.h is included (source file)...
(DEBUG) --> File is excluded.
(DEBUG) Check if /home/rodrigo/zephyr-course_ram/twister-out/native_sim_native/host_gnu/zephyr-course_ram/tests/ring_buf/homework.unit.ring_buf/zephyr/drivers/timer/CMakeFiles/drivers__timer.dir/sys_clock_init.c.gcda is included (trace)...
(DEBUG)   No filter matched.
(DEBUG) --> File is excluded.
(DEBUG) Check if /home/rodrigo/zephyr-course_ram/twister-out/native_sim_native/host_gnu/zephyr-course_ram/tests/ring_buf/homework.unit.ring_buf/zephyr/drivers/timer/CMakeFiles/drivers__timer.dir/sys_clock_init.c.gcda is included (trace)...
(DEBUG) --> File is excluded.
(DEBUG) Check if sys_clock_init.c##090f59550c0f7547081d0b29f5cd0aca.gcov is included (gcov file)...
(DEBUG)   Filter AlwaysMatchFilter() matched.
(DEBUG) --> File is included.
(DEBUG) Check if /home/rodrigo/zephyr-course_ram/twister-out/sys_clock_init.c##090f59550c0f7547081d0b29f5cd0aca.gcov is included (trace)...
(DEBUG)   No filter matched.
(DEBUG) --> File is excluded.
(DEBUG) Finding source file corresponding to a gcov data file
  gcov_fname   /home/rodrigo/zephyr-course_ram/twister-out/sys_clock_init.c##090f59550c0f7547081d0b29f5cd0aca.gcov
  current_dir  /home/rodrigo/zephyr-course_ram/twister-out
  root         /home/rodrigo/zephyr-course_ram/app/modules/ring_buf
  starting_dir /home/rodrigo/zephyr-course_ram
  obj_dir      /home/rodrigo/zephyr-course_ram/twister-out
  gcda_fname   native_sim_native/host_gnu/zephyr-course_ram/tests/ring_buf/homework.unit.ring_buf/zephyr/drivers/timer/CMakeFiles/drivers__timer.dir/sys_clock_init.c.gcda
  --> fname    /home/rodrigo/zephyrproject/zephyr/drivers/timer/sys_clock_init.c
(DEBUG) Check if /home/rodrigo/zephyrproject/zephyr/drivers/timer/sys_clock_init.c is included (source file)...
(DEBUG)   No filter matched.
(DEBUG) --> File is excluded.
(DEBUG) Check if /home/rodrigo/zephyr-course_ram/twister-out/native_sim_native/host_gnu/zephyr-course_ram/tests/ring_buf/homework.unit.ring_buf/zephyr/kernel/CMakeFiles/kernel.dir/banner.c.gcda is included (trace)...
(DEBUG)   No filter matched.
(DEBUG) --> File is excluded.
(DEBUG) Check if /home/rodrigo/zephyr-course_ram/twister-out/native_sim_native/host_gnu/zephyr-course_ram/tests/ring_buf/homework.unit.ring_buf/zephyr/kernel/CMakeFiles/kernel.dir/banner.c.gcda is included (trace)...
(DEBUG) --> File is excluded.
(DEBUG) Check if banner.c##4d492bc14552212a0365dbfec1b306ce.gcov is included (gcov file)...
(DEBUG)   Filter AlwaysMatchFilter() matched.
(DEBUG) --> File is included.
(DEBUG) Check if /home/rodrigo/zephyr-course_ram/twister-out/banner.c##4d492bc14552212a0365dbfec1b306ce.gcov is included (trace)...
(DEBUG)   No filter matched.
(DEBUG) --> File is excluded.
(DEBUG) Finding source file corresponding to a gcov data file
  gcov_fname   /home/rodrigo/zephyr-course_ram/twister-out/banner.c##4d492bc14552212a0365dbfec1b306ce.gcov
  current_dir  /home/rodrigo/zephyr-course_ram/twister-out
  root         /home/rodrigo/zephyr-course_ram/app/modules/ring_buf
  starting_dir /home/rodrigo/zephyr-course_ram
  obj_dir      /home/rodrigo/zephyr-course_ram/twister-out
  gcda_fname   native_sim_native/host_gnu/zephyr-course_ram/tests/ring_buf/homework.unit.ring_buf/zephyr/kernel/CMakeFiles/kernel.dir/banner.c.gcda
  --> fname    /home/rodrigo/zephyrproject/zephyr/kernel/banner.c
(DEBUG) Check if /home/rodrigo/zephyrproject/zephyr/kernel/banner.c is included (source file)...
(DEBUG)   No filter matched.
(DEBUG) --> File is excluded.
(DEBUG) Check if /home/rodrigo/zephyr-course_ram/twister-out/native_sim_native/host_gnu/zephyr-course_ram/tests/ring_buf/homework.unit.ring_buf/zephyr/kernel/CMakeFiles/kernel.dir/busy_wait.c.gcno is included (trace)...
(DEBUG)   No filter matched.
(DEBUG) --> File is excluded.
(DEBUG) Check if /home/rodrigo/zephyr-course_ram/twister-out/native_sim_native/host_gnu/zephyr-course_ram/tests/ring_buf/homework.unit.ring_buf/zephyr/kernel/CMakeFiles/kernel.dir/busy_wait.c.gcno is included (trace)...
(DEBUG) --> File is excluded.
(DEBUG) Check if busy_wait.c##ac2a9b011cf2c178ed93fd01399f589c.gcov is included (gcov file)...
(DEBUG)   Filter AlwaysMatchFilter() matched.
(DEBUG) --> File is included.
(DEBUG) Check if /home/rodrigo/zephyr-course_ram/twister-out/busy_wait.c##ac2a9b011cf2c178ed93fd01399f589c.gcov is included (trace)...
(DEBUG)   No filter matched.
(DEBUG) --> File is excluded.
(DEBUG) Finding source file corresponding to a gcov data file
  gcov_fname   /home/rodrigo/zephyr-course_ram/twister-out/busy_wait.c##ac2a9b011cf2c178ed93fd01399f589c.gcov
  current_dir  /home/rodrigo/zephyr-course_ram/twister-out
  root         /home/rodrigo/zephyr-course_ram/app/modules/ring_buf
  starting_dir /home/rodrigo/zephyr-course_ram
  obj_dir      /home/rodrigo/zephyr-course_ram/twister-out
  gcda_fname   native_sim_native/host_gnu/zephyr-course_ram/tests/ring_buf/homework.unit.ring_buf/zephyr/kernel/CMakeFiles/kernel.dir/busy_wait.c.gcno
  --> fname    /home/rodrigo/zephyrproject/zephyr/kernel/busy_wait.c
(DEBUG) Check if /home/rodrigo/zephyrproject/zephyr/kernel/busy_wait.c is included (source file)...
(DEBUG)   No filter matched.
(DEBUG) --> File is excluded.
(DEBUG) Check if /home/rodrigo/zephyr-course_ram/twister-out/native_sim_native/host_gnu/zephyr-course_ram/tests/ring_buf/homework.unit.ring_buf/zephyr/kernel/CMakeFiles/kernel.dir/condvar.c.gcno is included (trace)...
(DEBUG)   No filter matched.
(DEBUG) --> File is excluded.
(DEBUG) Check if /home/rodrigo/zephyr-course_ram/twister-out/native_sim_native/host_gnu/zephyr-course_ram/tests/ring_buf/homework.unit.ring_buf/zephyr/kernel/CMakeFiles/kernel.dir/condvar.c.gcno is included (trace)...
(DEBUG) --> File is excluded.
(DEBUG) Check if condvar.c##3aeb092566a693e7e92acc8254cae29b.gcov is included (gcov file)...
(DEBUG)   Filter AlwaysMatchFilter() matched.
(DEBUG) --> File is included.
(DEBUG) Check if wait_q.h##8d032c01ad982a605e65d14d4975cccf.gcov is included (gcov file)...
(DEBUG)   Filter AlwaysMatchFilter() matched.
(DEBUG) --> File is included.
(DEBUG) Check if ksched.h##172c555d5b2e2629e8c5e6360532febc.gcov is included (gcov file)...
(DEBUG)   Filter AlwaysMatchFilter() matched.
(DEBUG) --> File is included.
(DEBUG) Check if priority_q.h##99147f16078ebc096e4d103f378ac7d3.gcov is included (gcov file)...
(DEBUG)   Filter AlwaysMatchFilter() matched.
(DEBUG) --> File is included.
(DEBUG) Check if kthread.h##3887c82394eb1cae4bd9b6e72588a2b1.gcov is included (gcov file)...
(DEBUG)   Filter AlwaysMatchFilter() matched.
(DEBUG) --> File is included.
(DEBUG) Check if timeout_q.h##c6366127490abe4c065d005513ed50b8.gcov is included (gcov file)...
(DEBUG)   Filter AlwaysMatchFilter() matched.
(DEBUG) --> File is included.
(DEBUG) Check if kernel_arch_func.h##580562feec2edfd32c5a873362c5c8d2.gcov is included (gcov file)...
(DEBUG)   Filter AlwaysMatchFilter() matched.
(DEBUG) --> File is included.
(DEBUG) Check if kernel.h##33e25e586cdfb0cc7078a38f16ec62da.gcov is included (gcov file)...
(DEBUG) --> File is included.
(DEBUG) Check if kobject_internal.h##dca6fbe52c3225f96b4d07c0f7f6cb30.gcov is included (gcov file)...
(DEBUG)   Filter AlwaysMatchFilter() matched.
(DEBUG) --> File is included.
(DEBUG) Check if spinlock.h##d84264fdde7bca8b949809fef8cbefdd.gcov is included (gcov file)...
(DEBUG) --> File is included.
(DEBUG) Check if arch.h##239ee5cbaf1f4f5309f62049e6f0de61.gcov is included (gcov file)...
(DEBUG) --> File is included.
(DEBUG) Check if dlist.h##3219a21b45bb2c61f5ea102d5482e32e.gcov is included (gcov file)...
(DEBUG)   Filter AlwaysMatchFilter() matched.
(DEBUG) --> File is included.
(DEBUG) Check if /home/rodrigo/zephyr-course_ram/twister-out/arch.h##239ee5cbaf1f4f5309f62049e6f0de61.gcov is included (trace)...
(DEBUG) --> File is excluded.
(DEBUG) Finding source file corresponding to a gcov data file
  gcov_fname   /home/rodrigo/zephyr-course_ram/twister-out/arch.h##239ee5cbaf1f4f5309f62049e6f0de61.gcov
  current_dir  /home/rodrigo/zephyr-course_ram/twister-out
  root         /home/rodrigo/zephyr-course_ram/app/modules/ring_buf
  starting_dir /home/rodrigo/zephyr-course_ram
  obj_dir      /home/rodrigo/zephyr-course_ram/twister-out
  gcda_fname   native_sim_native/host_gnu/zephyr-course_ram/tests/ring_buf/homework.unit.ring_buf/zephyr/kernel/CMakeFiles/kernel.dir/condvar.c.gcno
  --> fname    /home/rodrigo/zephyrproject/zephyr/include/zephyr/arch/posix/arch.h
(DEBUG) Check if /home/rodrigo/zephyrproject/zephyr/include/zephyr/arch/posix/arch.h is included (source file)...
(DEBUG) --> File is excluded.
(DEBUG) Check if /home/rodrigo/zephyr-course_ram/twister-out/condvar.c##3aeb092566a693e7e92acc8254cae29b.gcov is included (trace)...
(DEBUG)   No filter matched.
(DEBUG) --> File is excluded.
(DEBUG) Finding source file corresponding to a gcov data file
  gcov_fname   /home/rodrigo/zephyr-course_ram/twister-out/condvar.c##3aeb092566a693e7e92acc8254cae29b.gcov
  current_dir  /home/rodrigo/zephyr-course_ram/twister-out
  root         /home/rodrigo/zephyr-course_ram/app/modules/ring_buf
  starting_dir /home/rodrigo/zephyr-course_ram
  obj_dir      /home/rodrigo/zephyr-course_ram/twister-out
  gcda_fname   native_sim_native/host_gnu/zephyr-course_ram/tests/ring_buf/homework.unit.ring_buf/zephyr/kernel/CMakeFiles/kernel.dir/condvar.c.gcno
  --> fname    /home/rodrigo/zephyrproject/zephyr/kernel/condvar.c
(DEBUG) Check if /home/rodrigo/zephyrproject/zephyr/kernel/condvar.c is included (source file)...
(DEBUG)   No filter matched.
(DEBUG) --> File is excluded.
(DEBUG) Check if /home/rodrigo/zephyr-course_ram/twister-out/kobject_internal.h##dca6fbe52c3225f96b4d07c0f7f6cb30.gcov is included (trace)...
(DEBUG)   No filter matched.
(DEBUG) --> File is excluded.
(DEBUG) Finding source file corresponding to a gcov data file
  gcov_fname   /home/rodrigo/zephyr-course_ram/twister-out/kobject_internal.h##dca6fbe52c3225f96b4d07c0f7f6cb30.gcov
  current_dir  /home/rodrigo/zephyr-course_ram/twister-out
  root         /home/rodrigo/zephyr-course_ram/app/modules/ring_buf
  starting_dir /home/rodrigo/zephyr-course_ram
  obj_dir      /home/rodrigo/zephyr-course_ram/twister-out
  gcda_fname   native_sim_native/host_gnu/zephyr-course_ram/tests/ring_buf/homework.unit.ring_buf/zephyr/kernel/CMakeFiles/kernel.dir/condvar.c.gcno
  --> fname    /home/rodrigo/zephyrproject/zephyr/include/zephyr/sys/internal/kobject_internal.h
(DEBUG) Check if /home/rodrigo/zephyrproject/zephyr/include/zephyr/sys/internal/kobject_internal.h is included (source file)...
(DEBUG)   No filter matched.
(DEBUG) --> File is excluded.
(DEBUG) Check if /home/rodrigo/zephyr-course_ram/twister-out/dlist.h##3219a21b45bb2c61f5ea102d5482e32e.gcov is included (trace)...
(DEBUG)   No filter matched.
(DEBUG) --> File is excluded.
(DEBUG) Finding source file corresponding to a gcov data file
  gcov_fname   /home/rodrigo/zephyr-course_ram/twister-out/dlist.h##3219a21b45bb2c61f5ea102d5482e32e.gcov
  current_dir  /home/rodrigo/zephyr-course_ram/twister-out
  root         /home/rodrigo/zephyr-course_ram/app/modules/ring_buf
  starting_dir /home/rodrigo/zephyr-course_ram
  obj_dir      /home/rodrigo/zephyr-course_ram/twister-out
  gcda_fname   native_sim_native/host_gnu/zephyr-course_ram/tests/ring_buf/homework.unit.ring_buf/zephyr/kernel/CMakeFiles/kernel.dir/condvar.c.gcno
  --> fname    /home/rodrigo/zephyrproject/zephyr/include/zephyr/sys/dlist.h
(DEBUG) Check if /home/rodrigo/zephyrproject/zephyr/include/zephyr/sys/dlist.h is included (source file)...
(DEBUG)   No filter matched.
(DEBUG) --> File is excluded.
(DEBUG) Check if /home/rodrigo/zephyr-course_ram/twister-out/kernel_arch_func.h##580562feec2edfd32c5a873362c5c8d2.gcov is included (trace)...
(DEBUG)   No filter matched.
(DEBUG) --> File is excluded.
(DEBUG) Finding source file corresponding to a gcov data file
  gcov_fname   /home/rodrigo/zephyr-course_ram/twister-out/kernel_arch_func.h##580562feec2edfd32c5a873362c5c8d2.gcov
  current_dir  /home/rodrigo/zephyr-course_ram/twister-out
  root         /home/rodrigo/zephyr-course_ram/app/modules/ring_buf
  starting_dir /home/rodrigo/zephyr-course_ram
  obj_dir      /home/rodrigo/zephyr-course_ram/twister-out
  gcda_fname   native_sim_native/host_gnu/zephyr-course_ram/tests/ring_buf/homework.unit.ring_buf/zephyr/kernel/CMakeFiles/kernel.dir/condvar.c.gcno
  --> fname    /home/rodrigo/zephyrproject/zephyr/arch/posix/include/kernel_arch_func.h
(DEBUG) Check if /home/rodrigo/zephyrproject/zephyr/arch/posix/include/kernel_arch_func.h is included (source file)...
(DEBUG)   No filter matched.
(DEBUG) --> File is excluded.
(DEBUG) Check if /home/rodrigo/zephyr-course_ram/twister-out/kthread.h##3887c82394eb1cae4bd9b6e72588a2b1.gcov is included (trace)...
(DEBUG)   No filter matched.
(DEBUG) --> File is excluded.
(DEBUG) Finding source file corresponding to a gcov data file
  gcov_fname   /home/rodrigo/zephyr-course_ram/twister-out/kthread.h##3887c82394eb1cae4bd9b6e72588a2b1.gcov
  current_dir  /home/rodrigo/zephyr-course_ram/twister-out
  root         /home/rodrigo/zephyr-course_ram/app/modules/ring_buf
  starting_dir /home/rodrigo/zephyr-course_ram
  obj_dir      /home/rodrigo/zephyr-course_ram/twister-out
  gcda_fname   native_sim_native/host_gnu/zephyr-course_ram/tests/ring_buf/homework.unit.ring_buf/zephyr/kernel/CMakeFiles/kernel.dir/condvar.c.gcno
  --> fname    /home/rodrigo/zephyrproject/zephyr/kernel/include/kthread.h
(DEBUG) Check if /home/rodrigo/zephyrproject/zephyr/kernel/include/kthread.h is included (source file)...
(DEBUG)   No filter matched.
(DEBUG) --> File is excluded.
(DEBUG) Check if /home/rodrigo/zephyr-course_ram/twister-out/spinlock.h##d84264fdde7bca8b949809fef8cbefdd.gcov is included (trace)...
(DEBUG) --> File is excluded.
(DEBUG) Finding source file corresponding to a gcov data file
  gcov_fname   /home/rodrigo/zephyr-course_ram/twister-out/spinlock.h##d84264fdde7bca8b949809fef8cbefdd.gcov
  current_dir  /home/rodrigo/zephyr-course_ram/twister-out
  root         /home/rodrigo/zephyr-course_ram/app/modules/ring_buf
  starting_dir /home/rodrigo/zephyr-course_ram
  obj_dir      /home/rodrigo/zephyr-course_ram/twister-out
  gcda_fname   native_sim_native/host_gnu/zephyr-course_ram/tests/ring_buf/homework.unit.ring_buf/zephyr/kernel/CMakeFiles/kernel.dir/condvar.c.gcno
  --> fname    /home/rodrigo/zephyrproject/zephyr/include/zephyr/spinlock.h
(DEBUG) Check if /home/rodrigo/zephyrproject/zephyr/include/zephyr/spinlock.h is included (source file)...
(DEBUG) --> File is excluded.
(DEBUG) Check if /home/rodrigo/zephyr-course_ram/twister-out/priority_q.h##99147f16078ebc096e4d103f378ac7d3.gcov is included (trace)...
(DEBUG)   No filter matched.
(DEBUG) --> File is excluded.
(DEBUG) Finding source file corresponding to a gcov data file
  gcov_fname   /home/rodrigo/zephyr-course_ram/twister-out/priority_q.h##99147f16078ebc096e4d103f378ac7d3.gcov
  current_dir  /home/rodrigo/zephyr-course_ram/twister-out
  root         /home/rodrigo/zephyr-course_ram/app/modules/ring_buf
  starting_dir /home/rodrigo/zephyr-course_ram
  obj_dir      /home/rodrigo/zephyr-course_ram/twister-out
  gcda_fname   native_sim_native/host_gnu/zephyr-course_ram/tests/ring_buf/homework.unit.ring_buf/zephyr/kernel/CMakeFiles/kernel.dir/condvar.c.gcno
  --> fname    /home/rodrigo/zephyrproject/zephyr/kernel/include/priority_q.h
(DEBUG) Check if /home/rodrigo/zephyrproject/zephyr/kernel/include/priority_q.h is included (source file)...
(DEBUG)   No filter matched.
(DEBUG) --> File is excluded.
(DEBUG) Check if /home/rodrigo/zephyr-course_ram/twister-out/ksched.h##172c555d5b2e2629e8c5e6360532febc.gcov is included (trace)...
(DEBUG)   No filter matched.
(DEBUG) --> File is excluded.
(DEBUG) Finding source file corresponding to a gcov data file
  gcov_fname   /home/rodrigo/zephyr-course_ram/twister-out/ksched.h##172c555d5b2e2629e8c5e6360532febc.gcov
  current_dir  /home/rodrigo/zephyr-course_ram/twister-out
  root         /home/rodrigo/zephyr-course_ram/app/modules/ring_buf
  starting_dir /home/rodrigo/zephyr-course_ram
  obj_dir      /home/rodrigo/zephyr-course_ram/twister-out
  gcda_fname   native_sim_native/host_gnu/zephyr-course_ram/tests/ring_buf/homework.unit.ring_buf/zephyr/kernel/CMakeFiles/kernel.dir/condvar.c.gcno
  --> fname    /home/rodrigo/zephyrproject/zephyr/kernel/include/ksched.h
(DEBUG) Check if /home/rodrigo/zephyrproject/zephyr/kernel/include/ksched.h is included (source file)...
(DEBUG)   No filter matched.
(DEBUG) --> File is excluded.
(DEBUG) Check if /home/rodrigo/zephyr-course_ram/twister-out/timeout_q.h##c6366127490abe4c065d005513ed50b8.gcov is included (trace)...
(DEBUG)   No filter matched.
(DEBUG) --> File is excluded.
(DEBUG) Finding source file corresponding to a gcov data file
  gcov_fname   /home/rodrigo/zephyr-course_ram/twister-out/timeout_q.h##c6366127490abe4c065d005513ed50b8.gcov
  current_dir  /home/rodrigo/zephyr-course_ram/twister-out
  root         /home/rodrigo/zephyr-course_ram/app/modules/ring_buf
  starting_dir /home/rodrigo/zephyr-course_ram
  obj_dir      /home/rodrigo/zephyr-course_ram/twister-out
  gcda_fname   native_sim_native/host_gnu/zephyr-course_ram/tests/ring_buf/homework.unit.ring_buf/zephyr/kernel/CMakeFiles/kernel.dir/condvar.c.gcno
  --> fname    /home/rodrigo/zephyrproject/zephyr/kernel/include/timeout_q.h
(DEBUG) Check if /home/rodrigo/zephyrproject/zephyr/kernel/include/timeout_q.h is included (source file)...
(DEBUG)   No filter matched.
(DEBUG) --> File is excluded.
(DEBUG) Check if /home/rodrigo/zephyr-course_ram/twister-out/kernel.h##33e25e586cdfb0cc7078a38f16ec62da.gcov is included (trace)...
(DEBUG) --> File is excluded.
(DEBUG) Finding source file corresponding to a gcov data file
  gcov_fname   /home/rodrigo/zephyr-course_ram/twister-out/kernel.h##33e25e586cdfb0cc7078a38f16ec62da.gcov
  current_dir  /home/rodrigo/zephyr-course_ram/twister-out
  root         /home/rodrigo/zephyr-course_ram/app/modules/ring_buf
  starting_dir /home/rodrigo/zephyr-course_ram
  obj_dir      /home/rodrigo/zephyr-course_ram/twister-out
  gcda_fname   native_sim_native/host_gnu/zephyr-course_ram/tests/ring_buf/homework.unit.ring_buf/zephyr/kernel/CMakeFiles/kernel.dir/condvar.c.gcno
  --> fname    /home/rodrigo/zephyr-course_ram/twister-out/native_sim_native/host_gnu/zephyr-course_ram/tests/ring_buf/homework.unit.ring_buf/zephyr/include/generated/zephyr/syscalls/kernel.h
(DEBUG) Check if /home/rodrigo/zephyr-course_ram/twister-out/native_sim_native/host_gnu/zephyr-course_ram/tests/ring_buf/homework.unit.ring_buf/zephyr/include/generated/zephyr/syscalls/kernel.h is included (source file)...
(DEBUG) --> File is excluded.
(DEBUG) Check if /home/rodrigo/zephyr-course_ram/twister-out/wait_q.h##8d032c01ad982a605e65d14d4975cccf.gcov is included (trace)...
(DEBUG)   No filter matched.
(DEBUG) --> File is excluded.
(DEBUG) Finding source file corresponding to a gcov data file
  gcov_fname   /home/rodrigo/zephyr-course_ram/twister-out/wait_q.h##8d032c01ad982a605e65d14d4975cccf.gcov
  current_dir  /home/rodrigo/zephyr-course_ram/twister-out
  root         /home/rodrigo/zephyr-course_ram/app/modules/ring_buf
  starting_dir /home/rodrigo/zephyr-course_ram
  obj_dir      /home/rodrigo/zephyr-course_ram/twister-out
  gcda_fname   native_sim_native/host_gnu/zephyr-course_ram/tests/ring_buf/homework.unit.ring_buf/zephyr/kernel/CMakeFiles/kernel.dir/condvar.c.gcno
  --> fname    /home/rodrigo/zephyrproject/zephyr/kernel/include/wait_q.h
(DEBUG) Check if /home/rodrigo/zephyrproject/zephyr/kernel/include/wait_q.h is included (source file)...
(DEBUG)   No filter matched.
(DEBUG) --> File is excluded.
(DEBUG) Check if /home/rodrigo/zephyr-course_ram/twister-out/native_sim_native/host_gnu/zephyr-course_ram/tests/ring_buf/homework.unit.ring_buf/zephyr/kernel/CMakeFiles/kernel.dir/device.c.gcda is included (trace)...
(DEBUG)   No filter matched.
(DEBUG) --> File is excluded.
(DEBUG) Check if /home/rodrigo/zephyr-course_ram/twister-out/native_sim_native/host_gnu/zephyr-course_ram/tests/ring_buf/homework.unit.ring_buf/zephyr/kernel/CMakeFiles/kernel.dir/device.c.gcda is included (trace)...
(DEBUG) --> File is excluded.
(DEBUG) Check if device.c##a2061f38f2c3e1a7acb9cf2fdf04207a.gcov is included (gcov file)...
(DEBUG)   Filter AlwaysMatchFilter() matched.
(DEBUG) --> File is included.
(DEBUG) Check if device_runtime.h##0509dc1044e027f3d294bf15b6765a60.gcov is included (gcov file)...
(DEBUG)   Filter AlwaysMatchFilter() matched.
(DEBUG) --> File is included.
(DEBUG) Check if /home/rodrigo/zephyr-course_ram/twister-out/device_runtime.h##0509dc1044e027f3d294bf15b6765a60.gcov is included (trace)...
(DEBUG)   No filter matched.
(DEBUG) --> File is excluded.
(DEBUG) Finding source file corresponding to a gcov data file
  gcov_fname   /home/rodrigo/zephyr-course_ram/twister-out/device_runtime.h##0509dc1044e027f3d294bf15b6765a60.gcov
  current_dir  /home/rodrigo/zephyr-course_ram/twister-out
  root         /home/rodrigo/zephyr-course_ram/app/modules/ring_buf
  starting_dir /home/rodrigo/zephyr-course_ram
  obj_dir      /home/rodrigo/zephyr-course_ram/twister-out
  gcda_fname   native_sim_native/host_gnu/zephyr-course_ram/tests/ring_buf/homework.unit.ring_buf/zephyr/kernel/CMakeFiles/kernel.dir/device.c.gcda
  --> fname    /home/rodrigo/zephyrproject/zephyr/include/zephyr/pm/device_runtime.h
(DEBUG) Check if /home/rodrigo/zephyrproject/zephyr/include/zephyr/pm/device_runtime.h is included (source file)...
(DEBUG)   No filter matched.
(DEBUG) --> File is excluded.
(DEBUG) Check if /home/rodrigo/zephyr-course_ram/twister-out/device.c##a2061f38f2c3e1a7acb9cf2fdf04207a.gcov is included (trace)...
(DEBUG)   No filter matched.
(DEBUG) --> File is excluded.
(DEBUG) Finding source file corresponding to a gcov data file
  gcov_fname   /home/rodrigo/zephyr-course_ram/twister-out/device.c##a2061f38f2c3e1a7acb9cf2fdf04207a.gcov
  current_dir  /home/rodrigo/zephyr-course_ram/twister-out
  root         /home/rodrigo/zephyr-course_ram/app/modules/ring_buf
  starting_dir /home/rodrigo/zephyr-course_ram
  obj_dir      /home/rodrigo/zephyr-course_ram/twister-out
  gcda_fname   native_sim_native/host_gnu/zephyr-course_ram/tests/ring_buf/homework.unit.ring_buf/zephyr/kernel/CMakeFiles/kernel.dir/device.c.gcda
  --> fname    /home/rodrigo/zephyrproject/zephyr/kernel/device.c
(DEBUG) Check if /home/rodrigo/zephyrproject/zephyr/kernel/device.c is included (source file)...
(DEBUG)   No filter matched.
(DEBUG) --> File is excluded.
(DEBUG) Check if /home/rodrigo/zephyr-course_ram/twister-out/native_sim_native/host_gnu/zephyr-course_ram/tests/ring_buf/homework.unit.ring_buf/zephyr/kernel/CMakeFiles/kernel.dir/dynamic_disabled.c.gcno is included (trace)...
(DEBUG)   No filter matched.
(DEBUG) --> File is excluded.
(DEBUG) Check if /home/rodrigo/zephyr-course_ram/twister-out/native_sim_native/host_gnu/zephyr-course_ram/tests/ring_buf/homework.unit.ring_buf/zephyr/kernel/CMakeFiles/kernel.dir/dynamic_disabled.c.gcno is included (trace)...
(DEBUG) --> File is excluded.
(DEBUG) Check if dynamic_disabled.c##eea193c4d26fb45976fe353928e73cf7.gcov is included (gcov file)...
(DEBUG)   Filter AlwaysMatchFilter() matched.
(DEBUG) --> File is included.
(DEBUG) Check if /home/rodrigo/zephyr-course_ram/twister-out/dynamic_disabled.c##eea193c4d26fb45976fe353928e73cf7.gcov is included (trace)...
(DEBUG)   No filter matched.
(DEBUG) --> File is excluded.
(DEBUG) Finding source file corresponding to a gcov data file
  gcov_fname   /home/rodrigo/zephyr-course_ram/twister-out/dynamic_disabled.c##eea193c4d26fb45976fe353928e73cf7.gcov
  current_dir  /home/rodrigo/zephyr-course_ram/twister-out
  root         /home/rodrigo/zephyr-course_ram/app/modules/ring_buf
  starting_dir /home/rodrigo/zephyr-course_ram
  obj_dir      /home/rodrigo/zephyr-course_ram/twister-out
  gcda_fname   native_sim_native/host_gnu/zephyr-course_ram/tests/ring_buf/homework.unit.ring_buf/zephyr/kernel/CMakeFiles/kernel.dir/dynamic_disabled.c.gcno
  --> fname    /home/rodrigo/zephyrproject/zephyr/kernel/dynamic_disabled.c
(DEBUG) Check if /home/rodrigo/zephyrproject/zephyr/kernel/dynamic_disabled.c is included (source file)...
(DEBUG)   No filter matched.
(DEBUG) --> File is excluded.
(DEBUG) Check if /home/rodrigo/zephyr-course_ram/twister-out/native_sim_native/host_gnu/zephyr-course_ram/tests/ring_buf/homework.unit.ring_buf/zephyr/kernel/CMakeFiles/kernel.dir/errno.c.gcno is included (trace)...
(DEBUG)   No filter matched.
(DEBUG) --> File is excluded.
(DEBUG) Check if /home/rodrigo/zephyr-course_ram/twister-out/native_sim_native/host_gnu/zephyr-course_ram/tests/ring_buf/homework.unit.ring_buf/zephyr/kernel/CMakeFiles/kernel.dir/errno.c.gcno is included (trace)...
(DEBUG) --> File is excluded.
(DEBUG) Check if errno.c##8a39948ee1a6b76cdc31648b2cfb809e.gcov is included (gcov file)...
(DEBUG)   Filter AlwaysMatchFilter() matched.
(DEBUG) --> File is included.
(DEBUG) Check if /home/rodrigo/zephyr-course_ram/twister-out/errno.c##8a39948ee1a6b76cdc31648b2cfb809e.gcov is included (trace)...
(DEBUG)   No filter matched.
(DEBUG) --> File is excluded.
(DEBUG) Finding source file corresponding to a gcov data file
  gcov_fname   /home/rodrigo/zephyr-course_ram/twister-out/errno.c##8a39948ee1a6b76cdc31648b2cfb809e.gcov
  current_dir  /home/rodrigo/zephyr-course_ram/twister-out
  root         /home/rodrigo/zephyr-course_ram/app/modules/ring_buf
  starting_dir /home/rodrigo/zephyr-course_ram
  obj_dir      /home/rodrigo/zephyr-course_ram/twister-out
  gcda_fname   native_sim_native/host_gnu/zephyr-course_ram/tests/ring_buf/homework.unit.ring_buf/zephyr/kernel/CMakeFiles/kernel.dir/errno.c.gcno
  --> fname    /home/rodrigo/zephyrproject/zephyr/kernel/errno.c
(DEBUG) Check if /home/rodrigo/zephyrproject/zephyr/kernel/errno.c is included (source file)...
(DEBUG)   No filter matched.
(DEBUG) --> File is excluded.
(DEBUG) Check if /home/rodrigo/zephyr-course_ram/twister-out/native_sim_native/host_gnu/zephyr-course_ram/tests/ring_buf/homework.unit.ring_buf/zephyr/kernel/CMakeFiles/kernel.dir/fatal.c.gcda is included (trace)...
(DEBUG)   No filter matched.
(DEBUG) --> File is excluded.
(DEBUG) Check if /home/rodrigo/zephyr-course_ram/twister-out/native_sim_native/host_gnu/zephyr-course_ram/tests/ring_buf/homework.unit.ring_buf/zephyr/kernel/CMakeFiles/kernel.dir/fatal.c.gcda is included (trace)...
(DEBUG) --> File is excluded.
(DEBUG) Check if fatal.c##e2ed0995b735b87a103aa89da4942e1d.gcov is included (gcov file)...
(DEBUG)   Filter AlwaysMatchFilter() matched.
(DEBUG) --> File is included.
(DEBUG) Check if coredump.h##ab71c07c29a83740c862a439d36608d0.gcov is included (gcov file)...
(DEBUG)   Filter AlwaysMatchFilter() matched.
(DEBUG) --> File is included.
(DEBUG) Check if log_ctrl.h##2da9817abb95ef06e14010bef9dae56e.gcov is included (gcov file)...
(DEBUG) --> File is included.
(DEBUG) Check if log_msg.h##fe60156c532143d1e30e21c32299f503.gcov is included (gcov file)...
(DEBUG) --> File is included.
(DEBUG) Check if kernel.h##33e25e586cdfb0cc7078a38f16ec62da.gcov is included (gcov file)...
(DEBUG) --> File is included.
(DEBUG) Check if arch.h##239ee5cbaf1f4f5309f62049e6f0de61.gcov is included (gcov file)...
(DEBUG) --> File is included.
(DEBUG) Check if /home/rodrigo/zephyr-course_ram/twister-out/arch.h##239ee5cbaf1f4f5309f62049e6f0de61.gcov is included (trace)...
(DEBUG) --> File is excluded.
(DEBUG) Finding source file corresponding to a gcov data file
  gcov_fname   /home/rodrigo/zephyr-course_ram/twister-out/arch.h##239ee5cbaf1f4f5309f62049e6f0de61.gcov
  current_dir  /home/rodrigo/zephyr-course_ram/twister-out
  root         /home/rodrigo/zephyr-course_ram/app/modules/ring_buf
  starting_dir /home/rodrigo/zephyr-course_ram
  obj_dir      /home/rodrigo/zephyr-course_ram/twister-out
  gcda_fname   native_sim_native/host_gnu/zephyr-course_ram/tests/ring_buf/homework.unit.ring_buf/zephyr/kernel/CMakeFiles/kernel.dir/fatal.c.gcda
  --> fname    /home/rodrigo/zephyrproject/zephyr/include/zephyr/arch/posix/arch.h
(DEBUG) Check if /home/rodrigo/zephyrproject/zephyr/include/zephyr/arch/posix/arch.h is included (source file)...
(DEBUG) --> File is excluded.
(DEBUG) Check if /home/rodrigo/zephyr-course_ram/twister-out/log_msg.h##fe60156c532143d1e30e21c32299f503.gcov is included (trace)...
(DEBUG) --> File is excluded.
(DEBUG) Finding source file corresponding to a gcov data file
  gcov_fname   /home/rodrigo/zephyr-course_ram/twister-out/log_msg.h##fe60156c532143d1e30e21c32299f503.gcov
  current_dir  /home/rodrigo/zephyr-course_ram/twister-out
  root         /home/rodrigo/zephyr-course_ram/app/modules/ring_buf
  starting_dir /home/rodrigo/zephyr-course_ram
  obj_dir      /home/rodrigo/zephyr-course_ram/twister-out
  gcda_fname   native_sim_native/host_gnu/zephyr-course_ram/tests/ring_buf/homework.unit.ring_buf/zephyr/kernel/CMakeFiles/kernel.dir/fatal.c.gcda
  --> fname    /home/rodrigo/zephyrproject/zephyr/include/zephyr/logging/log_msg.h
(DEBUG) Check if /home/rodrigo/zephyrproject/zephyr/include/zephyr/logging/log_msg.h is included (source file)...
(DEBUG) --> File is excluded.
(DEBUG) Check if /home/rodrigo/zephyr-course_ram/twister-out/coredump.h##ab71c07c29a83740c862a439d36608d0.gcov is included (trace)...
(DEBUG)   No filter matched.
(DEBUG) --> File is excluded.
(DEBUG) Finding source file corresponding to a gcov data file
  gcov_fname   /home/rodrigo/zephyr-course_ram/twister-out/coredump.h##ab71c07c29a83740c862a439d36608d0.gcov
  current_dir  /home/rodrigo/zephyr-course_ram/twister-out
  root         /home/rodrigo/zephyr-course_ram/app/modules/ring_buf
  starting_dir /home/rodrigo/zephyr-course_ram
  obj_dir      /home/rodrigo/zephyr-course_ram/twister-out
  gcda_fname   native_sim_native/host_gnu/zephyr-course_ram/tests/ring_buf/homework.unit.ring_buf/zephyr/kernel/CMakeFiles/kernel.dir/fatal.c.gcda
  --> fname    /home/rodrigo/zephyrproject/zephyr/include/zephyr/debug/coredump.h
(DEBUG) Check if /home/rodrigo/zephyrproject/zephyr/include/zephyr/debug/coredump.h is included (source file)...
(DEBUG)   No filter matched.
(DEBUG) --> File is excluded.
(DEBUG) Check if /home/rodrigo/zephyr-course_ram/twister-out/fatal.c##e2ed0995b735b87a103aa89da4942e1d.gcov is included (trace)...
(DEBUG)   No filter matched.
(DEBUG) --> File is excluded.
(DEBUG) Finding source file corresponding to a gcov data file
  gcov_fname   /home/rodrigo/zephyr-course_ram/twister-out/fatal.c##e2ed0995b735b87a103aa89da4942e1d.gcov
  current_dir  /home/rodrigo/zephyr-course_ram/twister-out
  root         /home/rodrigo/zephyr-course_ram/app/modules/ring_buf
  starting_dir /home/rodrigo/zephyr-course_ram
  obj_dir      /home/rodrigo/zephyr-course_ram/twister-out
  gcda_fname   native_sim_native/host_gnu/zephyr-course_ram/tests/ring_buf/homework.unit.ring_buf/zephyr/kernel/CMakeFiles/kernel.dir/fatal.c.gcda
  --> fname    /home/rodrigo/zephyrproject/zephyr/kernel/fatal.c
(DEBUG) Check if /home/rodrigo/zephyrproject/zephyr/kernel/fatal.c is included (source file)...
(DEBUG)   No filter matched.
(DEBUG) --> File is excluded.
(DEBUG) Check if /home/rodrigo/zephyr-course_ram/twister-out/log_ctrl.h##2da9817abb95ef06e14010bef9dae56e.gcov is included (trace)...
(DEBUG) --> File is excluded.
(DEBUG) Finding source file corresponding to a gcov data file
  gcov_fname   /home/rodrigo/zephyr-course_ram/twister-out/log_ctrl.h##2da9817abb95ef06e14010bef9dae56e.gcov
  current_dir  /home/rodrigo/zephyr-course_ram/twister-out
  root         /home/rodrigo/zephyr-course_ram/app/modules/ring_buf
  starting_dir /home/rodrigo/zephyr-course_ram
  obj_dir      /home/rodrigo/zephyr-course_ram/twister-out
  gcda_fname   native_sim_native/host_gnu/zephyr-course_ram/tests/ring_buf/homework.unit.ring_buf/zephyr/kernel/CMakeFiles/kernel.dir/fatal.c.gcda
  --> fname    /home/rodrigo/zephyr-course_ram/twister-out/native_sim_native/host_gnu/zephyr-course_ram/tests/ring_buf/homework.unit.ring_buf/zephyr/include/generated/zephyr/syscalls/log_ctrl.h
(DEBUG) Check if /home/rodrigo/zephyr-course_ram/twister-out/native_sim_native/host_gnu/zephyr-course_ram/tests/ring_buf/homework.unit.ring_buf/zephyr/include/generated/zephyr/syscalls/log_ctrl.h is included (source file)...
(DEBUG) --> File is excluded.
(DEBUG) Check if /home/rodrigo/zephyr-course_ram/twister-out/kernel.h##33e25e586cdfb0cc7078a38f16ec62da.gcov is included (trace)...
(DEBUG) --> File is excluded.
(DEBUG) Finding source file corresponding to a gcov data file
  gcov_fname   /home/rodrigo/zephyr-course_ram/twister-out/kernel.h##33e25e586cdfb0cc7078a38f16ec62da.gcov
  current_dir  /home/rodrigo/zephyr-course_ram/twister-out
  root         /home/rodrigo/zephyr-course_ram/app/modules/ring_buf
  starting_dir /home/rodrigo/zephyr-course_ram
  obj_dir      /home/rodrigo/zephyr-course_ram/twister-out
  gcda_fname   native_sim_native/host_gnu/zephyr-course_ram/tests/ring_buf/homework.unit.ring_buf/zephyr/kernel/CMakeFiles/kernel.dir/fatal.c.gcda
  --> fname    /home/rodrigo/zephyr-course_ram/twister-out/native_sim_native/host_gnu/zephyr-course_ram/tests/ring_buf/homework.unit.ring_buf/zephyr/include/generated/zephyr/syscalls/kernel.h
(DEBUG) Check if /home/rodrigo/zephyr-course_ram/twister-out/native_sim_native/host_gnu/zephyr-course_ram/tests/ring_buf/homework.unit.ring_buf/zephyr/include/generated/zephyr/syscalls/kernel.h is included (source file)...
(DEBUG) --> File is excluded.
(DEBUG) Check if /home/rodrigo/zephyr-course_ram/twister-out/native_sim_native/host_gnu/zephyr-course_ram/tests/ring_buf/homework.unit.ring_buf/zephyr/kernel/CMakeFiles/kernel.dir/float.c.gcno is included (trace)...
(DEBUG)   No filter matched.
(DEBUG) --> File is excluded.
(DEBUG) Check if /home/rodrigo/zephyr-course_ram/twister-out/native_sim_native/host_gnu/zephyr-course_ram/tests/ring_buf/homework.unit.ring_buf/zephyr/kernel/CMakeFiles/kernel.dir/float.c.gcno is included (trace)...
(DEBUG) --> File is excluded.
(DEBUG) Check if float.c##9b02f1838618996072152dbd5478be9a.gcov is included (gcov file)...
(DEBUG)   Filter AlwaysMatchFilter() matched.
(DEBUG) --> File is included.
(DEBUG) Check if /home/rodrigo/zephyr-course_ram/twister-out/float.c##9b02f1838618996072152dbd5478be9a.gcov is included (trace)...
(DEBUG)   No filter matched.
(DEBUG) --> File is excluded.
(DEBUG) Finding source file corresponding to a gcov data file
  gcov_fname   /home/rodrigo/zephyr-course_ram/twister-out/float.c##9b02f1838618996072152dbd5478be9a.gcov
  current_dir  /home/rodrigo/zephyr-course_ram/twister-out
  root         /home/rodrigo/zephyr-course_ram/app/modules/ring_buf
  starting_dir /home/rodrigo/zephyr-course_ram
  obj_dir      /home/rodrigo/zephyr-course_ram/twister-out
  gcda_fname   native_sim_native/host_gnu/zephyr-course_ram/tests/ring_buf/homework.unit.ring_buf/zephyr/kernel/CMakeFiles/kernel.dir/float.c.gcno
  --> fname    /home/rodrigo/zephyrproject/zephyr/kernel/float.c
(DEBUG) Check if /home/rodrigo/zephyrproject/zephyr/kernel/float.c is included (source file)...
(DEBUG)   No filter matched.
(DEBUG) --> File is excluded.
(DEBUG) Check if /home/rodrigo/zephyr-course_ram/twister-out/native_sim_native/host_gnu/zephyr-course_ram/tests/ring_buf/homework.unit.ring_buf/zephyr/kernel/CMakeFiles/kernel.dir/idle.c.gcda is included (trace)...
(DEBUG)   No filter matched.
(DEBUG) --> File is excluded.
(DEBUG) Check if /home/rodrigo/zephyr-course_ram/twister-out/native_sim_native/host_gnu/zephyr-course_ram/tests/ring_buf/homework.unit.ring_buf/zephyr/kernel/CMakeFiles/kernel.dir/idle.c.gcda is included (trace)...
(DEBUG) --> File is excluded.
(DEBUG) Check if idle.c##308b3c23244d559a86fe874f1a076f3e.gcov is included (gcov file)...
(DEBUG)   Filter AlwaysMatchFilter() matched.
(DEBUG) --> File is included.
(DEBUG) Check if kernel.h##2d3fbe341137ae796abdfaeb5a853926.gcov is included (gcov file)...
(DEBUG) --> File is included.
(DEBUG) Check if arch.h##239ee5cbaf1f4f5309f62049e6f0de61.gcov is included (gcov file)...
(DEBUG) --> File is included.
(DEBUG) Check if /home/rodrigo/zephyr-course_ram/twister-out/arch.h##239ee5cbaf1f4f5309f62049e6f0de61.gcov is included (trace)...
(DEBUG) --> File is excluded.
(DEBUG) Finding source file corresponding to a gcov data file
  gcov_fname   /home/rodrigo/zephyr-course_ram/twister-out/arch.h##239ee5cbaf1f4f5309f62049e6f0de61.gcov
  current_dir  /home/rodrigo/zephyr-course_ram/twister-out
  root         /home/rodrigo/zephyr-course_ram/app/modules/ring_buf
  starting_dir /home/rodrigo/zephyr-course_ram
  obj_dir      /home/rodrigo/zephyr-course_ram/twister-out
  gcda_fname   native_sim_native/host_gnu/zephyr-course_ram/tests/ring_buf/homework.unit.ring_buf/zephyr/kernel/CMakeFiles/kernel.dir/idle.c.gcda
  --> fname    /home/rodrigo/zephyrproject/zephyr/include/zephyr/arch/posix/arch.h
(DEBUG) Check if /home/rodrigo/zephyrproject/zephyr/include/zephyr/arch/posix/arch.h is included (source file)...
(DEBUG) --> File is excluded.
(DEBUG) Check if /home/rodrigo/zephyr-course_ram/twister-out/idle.c##308b3c23244d559a86fe874f1a076f3e.gcov is included (trace)...
(DEBUG)   No filter matched.
(DEBUG) --> File is excluded.
(DEBUG) Finding source file corresponding to a gcov data file
  gcov_fname   /home/rodrigo/zephyr-course_ram/twister-out/idle.c##308b3c23244d559a86fe874f1a076f3e.gcov
  current_dir  /home/rodrigo/zephyr-course_ram/twister-out
  root         /home/rodrigo/zephyr-course_ram/app/modules/ring_buf
  starting_dir /home/rodrigo/zephyr-course_ram
  obj_dir      /home/rodrigo/zephyr-course_ram/twister-out
  gcda_fname   native_sim_native/host_gnu/zephyr-course_ram/tests/ring_buf/homework.unit.ring_buf/zephyr/kernel/CMakeFiles/kernel.dir/idle.c.gcda
  --> fname    /home/rodrigo/zephyrproject/zephyr/kernel/idle.c
(DEBUG) Check if /home/rodrigo/zephyrproject/zephyr/kernel/idle.c is included (source file)...
(DEBUG)   No filter matched.
(DEBUG) --> File is excluded.
(DEBUG) Check if /home/rodrigo/zephyr-course_ram/twister-out/kernel.h##2d3fbe341137ae796abdfaeb5a853926.gcov is included (trace)...
(DEBUG) --> File is excluded.
(DEBUG) Finding source file corresponding to a gcov data file
  gcov_fname   /home/rodrigo/zephyr-course_ram/twister-out/kernel.h##2d3fbe341137ae796abdfaeb5a853926.gcov
  current_dir  /home/rodrigo/zephyr-course_ram/twister-out
  root         /home/rodrigo/zephyr-course_ram/app/modules/ring_buf
  starting_dir /home/rodrigo/zephyr-course_ram
  obj_dir      /home/rodrigo/zephyr-course_ram/twister-out
  gcda_fname   native_sim_native/host_gnu/zephyr-course_ram/tests/ring_buf/homework.unit.ring_buf/zephyr/kernel/CMakeFiles/kernel.dir/idle.c.gcda
  --> fname    /home/rodrigo/zephyrproject/zephyr/include/zephyr/kernel.h
(DEBUG) Check if /home/rodrigo/zephyrproject/zephyr/include/zephyr/kernel.h is included (source file)...
(DEBUG) --> File is excluded.
(DEBUG) Check if /home/rodrigo/zephyr-course_ram/twister-out/native_sim_native/host_gnu/zephyr-course_ram/tests/ring_buf/homework.unit.ring_buf/zephyr/kernel/CMakeFiles/kernel.dir/init.c.gcda is included (trace)...
(DEBUG)   No filter matched.
(DEBUG) --> File is excluded.
(DEBUG) Check if /home/rodrigo/zephyr-course_ram/twister-out/native_sim_native/host_gnu/zephyr-course_ram/tests/ring_buf/homework.unit.ring_buf/zephyr/kernel/CMakeFiles/kernel.dir/init.c.gcda is included (trace)...
(DEBUG) --> File is excluded.
(DEBUG) Check if init.c##391bef1db47639444ab2e1cace6ad9ad.gcov is included (gcov file)...
(DEBUG)   Filter AlwaysMatchFilter() matched.
(DEBUG) --> File is included.
(DEBUG) Check if gcov.h##c305440c56feff489cd28491af3054e6.gcov is included (gcov file)...
(DEBUG)   Filter AlwaysMatchFilter() matched.
(DEBUG) --> File is included.
(DEBUG) Check if kthread.h##3887c82394eb1cae4bd9b6e72588a2b1.gcov is included (gcov file)...
(DEBUG) --> File is included.
(DEBUG) Check if timeout_q.h##c6366127490abe4c065d005513ed50b8.gcov is included (gcov file)...
(DEBUG) --> File is included.
(DEBUG) Check if kernel_arch_func.h##580562feec2edfd32c5a873362c5c8d2.gcov is included (gcov file)...
(DEBUG) --> File is included.
(DEBUG) Check if kernel.h##33e25e586cdfb0cc7078a38f16ec62da.gcov is included (gcov file)...
(DEBUG) --> File is included.
(DEBUG) Check if kernel.h##2d3fbe341137ae796abdfaeb5a853926.gcov is included (gcov file)...
(DEBUG) --> File is included.
(DEBUG) Check if kobject_internal.h##dca6fbe52c3225f96b4d07c0f7f6cb30.gcov is included (gcov file)...
(DEBUG) --> File is included.
(DEBUG) Check if thread_stack.h##be13faf5f8471bb82098f4e4437c2bf5.gcov is included (gcov file)...
(DEBUG)   Filter AlwaysMatchFilter() matched.
(DEBUG) --> File is included.
(DEBUG) Check if arch.h##239ee5cbaf1f4f5309f62049e6f0de61.gcov is included (gcov file)...
(DEBUG) --> File is included.
(DEBUG) Check if /home/rodrigo/zephyr-course_ram/twister-out/arch.h##239ee5cbaf1f4f5309f62049e6f0de61.gcov is included (trace)...
(DEBUG) --> File is excluded.
(DEBUG) Finding source file corresponding to a gcov data file
  gcov_fname   /home/rodrigo/zephyr-course_ram/twister-out/arch.h##239ee5cbaf1f4f5309f62049e6f0de61.gcov
  current_dir  /home/rodrigo/zephyr-course_ram/twister-out
  root         /home/rodrigo/zephyr-course_ram/app/modules/ring_buf
  starting_dir /home/rodrigo/zephyr-course_ram
  obj_dir      /home/rodrigo/zephyr-course_ram/twister-out
  gcda_fname   native_sim_native/host_gnu/zephyr-course_ram/tests/ring_buf/homework.unit.ring_buf/zephyr/kernel/CMakeFiles/kernel.dir/init.c.gcda
  --> fname    /home/rodrigo/zephyrproject/zephyr/include/zephyr/arch/posix/arch.h
(DEBUG) Check if /home/rodrigo/zephyrproject/zephyr/include/zephyr/arch/posix/arch.h is included (source file)...
(DEBUG) --> File is excluded.
(DEBUG) Check if /home/rodrigo/zephyr-course_ram/twister-out/init.c##391bef1db47639444ab2e1cace6ad9ad.gcov is included (trace)...
(DEBUG)   No filter matched.
(DEBUG) --> File is excluded.
(DEBUG) Finding source file corresponding to a gcov data file
  gcov_fname   /home/rodrigo/zephyr-course_ram/twister-out/init.c##391bef1db47639444ab2e1cace6ad9ad.gcov
  current_dir  /home/rodrigo/zephyr-course_ram/twister-out
  root         /home/rodrigo/zephyr-course_ram/app/modules/ring_buf
  starting_dir /home/rodrigo/zephyr-course_ram
  obj_dir      /home/rodrigo/zephyr-course_ram/twister-out
  gcda_fname   native_sim_native/host_gnu/zephyr-course_ram/tests/ring_buf/homework.unit.ring_buf/zephyr/kernel/CMakeFiles/kernel.dir/init.c.gcda
  --> fname    /home/rodrigo/zephyrproject/zephyr/kernel/init.c
(DEBUG) Check if /home/rodrigo/zephyrproject/zephyr/kernel/init.c is included (source file)...
(DEBUG)   No filter matched.
(DEBUG) --> File is excluded.
(DEBUG) Check if /home/rodrigo/zephyr-course_ram/twister-out/kobject_internal.h##dca6fbe52c3225f96b4d07c0f7f6cb30.gcov is included (trace)...
(DEBUG) --> File is excluded.
(DEBUG) Finding source file corresponding to a gcov data file
  gcov_fname   /home/rodrigo/zephyr-course_ram/twister-out/kobject_internal.h##dca6fbe52c3225f96b4d07c0f7f6cb30.gcov
  current_dir  /home/rodrigo/zephyr-course_ram/twister-out
  root         /home/rodrigo/zephyr-course_ram/app/modules/ring_buf
  starting_dir /home/rodrigo/zephyr-course_ram
  obj_dir      /home/rodrigo/zephyr-course_ram/twister-out
  gcda_fname   native_sim_native/host_gnu/zephyr-course_ram/tests/ring_buf/homework.unit.ring_buf/zephyr/kernel/CMakeFiles/kernel.dir/init.c.gcda
  --> fname    /home/rodrigo/zephyrproject/zephyr/include/zephyr/sys/internal/kobject_internal.h
(DEBUG) Check if /home/rodrigo/zephyrproject/zephyr/include/zephyr/sys/internal/kobject_internal.h is included (source file)...
(DEBUG) --> File is excluded.
(DEBUG) Check if /home/rodrigo/zephyr-course_ram/twister-out/kernel_arch_func.h##580562feec2edfd32c5a873362c5c8d2.gcov is included (trace)...
(DEBUG) --> File is excluded.
(DEBUG) Finding source file corresponding to a gcov data file
  gcov_fname   /home/rodrigo/zephyr-course_ram/twister-out/kernel_arch_func.h##580562feec2edfd32c5a873362c5c8d2.gcov
  current_dir  /home/rodrigo/zephyr-course_ram/twister-out
  root         /home/rodrigo/zephyr-course_ram/app/modules/ring_buf
  starting_dir /home/rodrigo/zephyr-course_ram
  obj_dir      /home/rodrigo/zephyr-course_ram/twister-out
  gcda_fname   native_sim_native/host_gnu/zephyr-course_ram/tests/ring_buf/homework.unit.ring_buf/zephyr/kernel/CMakeFiles/kernel.dir/init.c.gcda
  --> fname    /home/rodrigo/zephyrproject/zephyr/arch/posix/include/kernel_arch_func.h
(DEBUG) Check if /home/rodrigo/zephyrproject/zephyr/arch/posix/include/kernel_arch_func.h is included (source file)...
(DEBUG) --> File is excluded.
(DEBUG) Check if /home/rodrigo/zephyr-course_ram/twister-out/kthread.h##3887c82394eb1cae4bd9b6e72588a2b1.gcov is included (trace)...
(DEBUG) --> File is excluded.
(DEBUG) Finding source file corresponding to a gcov data file
  gcov_fname   /home/rodrigo/zephyr-course_ram/twister-out/kthread.h##3887c82394eb1cae4bd9b6e72588a2b1.gcov
  current_dir  /home/rodrigo/zephyr-course_ram/twister-out
  root         /home/rodrigo/zephyr-course_ram/app/modules/ring_buf
  starting_dir /home/rodrigo/zephyr-course_ram
  obj_dir      /home/rodrigo/zephyr-course_ram/twister-out
  gcda_fname   native_sim_native/host_gnu/zephyr-course_ram/tests/ring_buf/homework.unit.ring_buf/zephyr/kernel/CMakeFiles/kernel.dir/init.c.gcda
  --> fname    /home/rodrigo/zephyrproject/zephyr/kernel/include/kthread.h
(DEBUG) Check if /home/rodrigo/zephyrproject/zephyr/kernel/include/kthread.h is included (source file)...
(DEBUG) --> File is excluded.
(DEBUG) Check if /home/rodrigo/zephyr-course_ram/twister-out/kernel.h##2d3fbe341137ae796abdfaeb5a853926.gcov is included (trace)...
(DEBUG) --> File is excluded.
(DEBUG) Finding source file corresponding to a gcov data file
  gcov_fname   /home/rodrigo/zephyr-course_ram/twister-out/kernel.h##2d3fbe341137ae796abdfaeb5a853926.gcov
  current_dir  /home/rodrigo/zephyr-course_ram/twister-out
  root         /home/rodrigo/zephyr-course_ram/app/modules/ring_buf
  starting_dir /home/rodrigo/zephyr-course_ram
  obj_dir      /home/rodrigo/zephyr-course_ram/twister-out
  gcda_fname   native_sim_native/host_gnu/zephyr-course_ram/tests/ring_buf/homework.unit.ring_buf/zephyr/kernel/CMakeFiles/kernel.dir/init.c.gcda
  --> fname    /home/rodrigo/zephyrproject/zephyr/include/zephyr/kernel.h
(DEBUG) Check if /home/rodrigo/zephyrproject/zephyr/include/zephyr/kernel.h is included (source file)...
(DEBUG) --> File is excluded.
(DEBUG) Check if /home/rodrigo/zephyr-course_ram/twister-out/kernel.h##33e25e586cdfb0cc7078a38f16ec62da.gcov is included (trace)...
(DEBUG) --> File is excluded.
(DEBUG) Finding source file corresponding to a gcov data file
  gcov_fname   /home/rodrigo/zephyr-course_ram/twister-out/kernel.h##33e25e586cdfb0cc7078a38f16ec62da.gcov
  current_dir  /home/rodrigo/zephyr-course_ram/twister-out
  root         /home/rodrigo/zephyr-course_ram/app/modules/ring_buf
  starting_dir /home/rodrigo/zephyr-course_ram
  obj_dir      /home/rodrigo/zephyr-course_ram/twister-out
  gcda_fname   native_sim_native/host_gnu/zephyr-course_ram/tests/ring_buf/homework.unit.ring_buf/zephyr/kernel/CMakeFiles/kernel.dir/init.c.gcda
  --> fname    /home/rodrigo/zephyr-course_ram/twister-out/native_sim_native/host_gnu/zephyr-course_ram/tests/ring_buf/homework.unit.ring_buf/zephyr/include/generated/zephyr/syscalls/kernel.h
(DEBUG) Check if /home/rodrigo/zephyr-course_ram/twister-out/native_sim_native/host_gnu/zephyr-course_ram/tests/ring_buf/homework.unit.ring_buf/zephyr/include/generated/zephyr/syscalls/kernel.h is included (source file)...
(DEBUG) --> File is excluded.
(DEBUG) Check if /home/rodrigo/zephyr-course_ram/twister-out/timeout_q.h##c6366127490abe4c065d005513ed50b8.gcov is included (trace)...
(DEBUG) --> File is excluded.
(DEBUG) Finding source file corresponding to a gcov data file
  gcov_fname   /home/rodrigo/zephyr-course_ram/twister-out/timeout_q.h##c6366127490abe4c065d005513ed50b8.gcov
  current_dir  /home/rodrigo/zephyr-course_ram/twister-out
  root         /home/rodrigo/zephyr-course_ram/app/modules/ring_buf
  starting_dir /home/rodrigo/zephyr-course_ram
  obj_dir      /home/rodrigo/zephyr-course_ram/twister-out
  gcda_fname   native_sim_native/host_gnu/zephyr-course_ram/tests/ring_buf/homework.unit.ring_buf/zephyr/kernel/CMakeFiles/kernel.dir/init.c.gcda
  --> fname    /home/rodrigo/zephyrproject/zephyr/kernel/include/timeout_q.h
(DEBUG) Check if /home/rodrigo/zephyrproject/zephyr/kernel/include/timeout_q.h is included (source file)...
(DEBUG) --> File is excluded.
(DEBUG) Check if /home/rodrigo/zephyr-course_ram/twister-out/thread_stack.h##be13faf5f8471bb82098f4e4437c2bf5.gcov is included (trace)...
(DEBUG)   No filter matched.
(DEBUG) --> File is excluded.
(DEBUG) Finding source file corresponding to a gcov data file
  gcov_fname   /home/rodrigo/zephyr-course_ram/twister-out/thread_stack.h##be13faf5f8471bb82098f4e4437c2bf5.gcov
  current_dir  /home/rodrigo/zephyr-course_ram/twister-out
  root         /home/rodrigo/zephyr-course_ram/app/modules/ring_buf
  starting_dir /home/rodrigo/zephyr-course_ram
  obj_dir      /home/rodrigo/zephyr-course_ram/twister-out
  gcda_fname   native_sim_native/host_gnu/zephyr-course_ram/tests/ring_buf/homework.unit.ring_buf/zephyr/kernel/CMakeFiles/kernel.dir/init.c.gcda
  --> fname    /home/rodrigo/zephyrproject/zephyr/include/zephyr/kernel/thread_stack.h
(DEBUG) Check if /home/rodrigo/zephyrproject/zephyr/include/zephyr/kernel/thread_stack.h is included (source file)...
(DEBUG)   No filter matched.
(DEBUG) --> File is excluded.
(DEBUG) Check if /home/rodrigo/zephyr-course_ram/twister-out/gcov.h##c305440c56feff489cd28491af3054e6.gcov is included (trace)...
(DEBUG)   No filter matched.
(DEBUG) --> File is excluded.
(DEBUG) Finding source file corresponding to a gcov data file
  gcov_fname   /home/rodrigo/zephyr-course_ram/twister-out/gcov.h##c305440c56feff489cd28491af3054e6.gcov
  current_dir  /home/rodrigo/zephyr-course_ram/twister-out
  root         /home/rodrigo/zephyr-course_ram/app/modules/ring_buf
  starting_dir /home/rodrigo/zephyr-course_ram
  obj_dir      /home/rodrigo/zephyr-course_ram/twister-out
  gcda_fname   native_sim_native/host_gnu/zephyr-course_ram/tests/ring_buf/homework.unit.ring_buf/zephyr/kernel/CMakeFiles/kernel.dir/init.c.gcda
  --> fname    /home/rodrigo/zephyrproject/zephyr/include/zephyr/debug/gcov.h
(DEBUG) Check if /home/rodrigo/zephyrproject/zephyr/include/zephyr/debug/gcov.h is included (source file)...
(DEBUG)   No filter matched.
(DEBUG) --> File is excluded.
(DEBUG) Check if /home/rodrigo/zephyr-course_ram/twister-out/native_sim_native/host_gnu/zephyr-course_ram/tests/ring_buf/homework.unit.ring_buf/zephyr/kernel/CMakeFiles/kernel.dir/kheap.c.gcno is included (trace)...
(DEBUG)   No filter matched.
(DEBUG) --> File is excluded.
(DEBUG) Check if /home/rodrigo/zephyr-course_ram/twister-out/native_sim_native/host_gnu/zephyr-course_ram/tests/ring_buf/homework.unit.ring_buf/zephyr/kernel/CMakeFiles/kernel.dir/kheap.c.gcno is included (trace)...
(DEBUG) --> File is excluded.
(DEBUG) Check if kheap.c##fd2d5410b6fbb62336415cd7d7f1cb6c.gcov is included (gcov file)...
(DEBUG)   Filter AlwaysMatchFilter() matched.
(DEBUG) --> File is included.
(DEBUG) Check if wait_q.h##8d032c01ad982a605e65d14d4975cccf.gcov is included (gcov file)...
(DEBUG) --> File is included.
(DEBUG) Check if math_extras_impl.h##2563a8d28efffc0e643dbd8634325f21.gcov is included (gcov file)...
(DEBUG) --> File is included.
(DEBUG) Check if kernel_arch_func.h##580562feec2edfd32c5a873362c5c8d2.gcov is included (gcov file)...
(DEBUG) --> File is included.
(DEBUG) Check if spinlock.h##d84264fdde7bca8b949809fef8cbefdd.gcov is included (gcov file)...
(DEBUG) --> File is included.
(DEBUG) Check if arch.h##239ee5cbaf1f4f5309f62049e6f0de61.gcov is included (gcov file)...
(DEBUG) --> File is included.
(DEBUG) Check if dlist.h##3219a21b45bb2c61f5ea102d5482e32e.gcov is included (gcov file)...
(DEBUG) --> File is included.
(DEBUG) Check if /home/rodrigo/zephyr-course_ram/twister-out/arch.h##239ee5cbaf1f4f5309f62049e6f0de61.gcov is included (trace)...
(DEBUG) --> File is excluded.
(DEBUG) Finding source file corresponding to a gcov data file
  gcov_fname   /home/rodrigo/zephyr-course_ram/twister-out/arch.h##239ee5cbaf1f4f5309f62049e6f0de61.gcov
  current_dir  /home/rodrigo/zephyr-course_ram/twister-out
  root         /home/rodrigo/zephyr-course_ram/app/modules/ring_buf
  starting_dir /home/rodrigo/zephyr-course_ram
  obj_dir      /home/rodrigo/zephyr-course_ram/twister-out
  gcda_fname   native_sim_native/host_gnu/zephyr-course_ram/tests/ring_buf/homework.unit.ring_buf/zephyr/kernel/CMakeFiles/kernel.dir/kheap.c.gcno
  --> fname    /home/rodrigo/zephyrproject/zephyr/include/zephyr/arch/posix/arch.h
(DEBUG) Check if /home/rodrigo/zephyrproject/zephyr/include/zephyr/arch/posix/arch.h is included (source file)...
(DEBUG) --> File is excluded.
(DEBUG) Check if /home/rodrigo/zephyr-course_ram/twister-out/math_extras_impl.h##2563a8d28efffc0e643dbd8634325f21.gcov is included (trace)...
(DEBUG) --> File is excluded.
(DEBUG) Finding source file corresponding to a gcov data file
  gcov_fname   /home/rodrigo/zephyr-course_ram/twister-out/math_extras_impl.h##2563a8d28efffc0e643dbd8634325f21.gcov
  current_dir  /home/rodrigo/zephyr-course_ram/twister-out
  root         /home/rodrigo/zephyr-course_ram/app/modules/ring_buf
  starting_dir /home/rodrigo/zephyr-course_ram
  obj_dir      /home/rodrigo/zephyr-course_ram/twister-out
  gcda_fname   native_sim_native/host_gnu/zephyr-course_ram/tests/ring_buf/homework.unit.ring_buf/zephyr/kernel/CMakeFiles/kernel.dir/kheap.c.gcno
  --> fname    /home/rodrigo/zephyrproject/zephyr/include/zephyr/sys/math_extras_impl.h
(DEBUG) Check if /home/rodrigo/zephyrproject/zephyr/include/zephyr/sys/math_extras_impl.h is included (source file)...
(DEBUG) --> File is excluded.
(DEBUG) Check if /home/rodrigo/zephyr-course_ram/twister-out/kheap.c##fd2d5410b6fbb62336415cd7d7f1cb6c.gcov is included (trace)...
(DEBUG)   No filter matched.
(DEBUG) --> File is excluded.
(DEBUG) Finding source file corresponding to a gcov data file
  gcov_fname   /home/rodrigo/zephyr-course_ram/twister-out/kheap.c##fd2d5410b6fbb62336415cd7d7f1cb6c.gcov
  current_dir  /home/rodrigo/zephyr-course_ram/twister-out
  root         /home/rodrigo/zephyr-course_ram/app/modules/ring_buf
  starting_dir /home/rodrigo/zephyr-course_ram
  obj_dir      /home/rodrigo/zephyr-course_ram/twister-out
  gcda_fname   native_sim_native/host_gnu/zephyr-course_ram/tests/ring_buf/homework.unit.ring_buf/zephyr/kernel/CMakeFiles/kernel.dir/kheap.c.gcno
  --> fname    /home/rodrigo/zephyrproject/zephyr/kernel/kheap.c
(DEBUG) Check if /home/rodrigo/zephyrproject/zephyr/kernel/kheap.c is included (source file)...
(DEBUG)   No filter matched.
(DEBUG) --> File is excluded.
(DEBUG) Check if /home/rodrigo/zephyr-course_ram/twister-out/kernel_arch_func.h##580562feec2edfd32c5a873362c5c8d2.gcov is included (trace)...
(DEBUG) --> File is excluded.
(DEBUG) Finding source file corresponding to a gcov data file
  gcov_fname   /home/rodrigo/zephyr-course_ram/twister-out/kernel_arch_func.h##580562feec2edfd32c5a873362c5c8d2.gcov
  current_dir  /home/rodrigo/zephyr-course_ram/twister-out
  root         /home/rodrigo/zephyr-course_ram/app/modules/ring_buf
  starting_dir /home/rodrigo/zephyr-course_ram
  obj_dir      /home/rodrigo/zephyr-course_ram/twister-out
  gcda_fname   native_sim_native/host_gnu/zephyr-course_ram/tests/ring_buf/homework.unit.ring_buf/zephyr/kernel/CMakeFiles/kernel.dir/kheap.c.gcno
  --> fname    /home/rodrigo/zephyrproject/zephyr/arch/posix/include/kernel_arch_func.h
(DEBUG) Check if /home/rodrigo/zephyrproject/zephyr/arch/posix/include/kernel_arch_func.h is included (source file)...
(DEBUG) --> File is excluded.
(DEBUG) Check if /home/rodrigo/zephyr-course_ram/twister-out/dlist.h##3219a21b45bb2c61f5ea102d5482e32e.gcov is included (trace)...
(DEBUG) --> File is excluded.
(DEBUG) Finding source file corresponding to a gcov data file
  gcov_fname   /home/rodrigo/zephyr-course_ram/twister-out/dlist.h##3219a21b45bb2c61f5ea102d5482e32e.gcov
  current_dir  /home/rodrigo/zephyr-course_ram/twister-out
  root         /home/rodrigo/zephyr-course_ram/app/modules/ring_buf
  starting_dir /home/rodrigo/zephyr-course_ram
  obj_dir      /home/rodrigo/zephyr-course_ram/twister-out
  gcda_fname   native_sim_native/host_gnu/zephyr-course_ram/tests/ring_buf/homework.unit.ring_buf/zephyr/kernel/CMakeFiles/kernel.dir/kheap.c.gcno
  --> fname    /home/rodrigo/zephyrproject/zephyr/include/zephyr/sys/dlist.h
(DEBUG) Check if /home/rodrigo/zephyrproject/zephyr/include/zephyr/sys/dlist.h is included (source file)...
(DEBUG) --> File is excluded.
(DEBUG) Check if /home/rodrigo/zephyr-course_ram/twister-out/spinlock.h##d84264fdde7bca8b949809fef8cbefdd.gcov is included (trace)...
(DEBUG) --> File is excluded.
(DEBUG) Finding source file corresponding to a gcov data file
  gcov_fname   /home/rodrigo/zephyr-course_ram/twister-out/spinlock.h##d84264fdde7bca8b949809fef8cbefdd.gcov
  current_dir  /home/rodrigo/zephyr-course_ram/twister-out
  root         /home/rodrigo/zephyr-course_ram/app/modules/ring_buf
  starting_dir /home/rodrigo/zephyr-course_ram
  obj_dir      /home/rodrigo/zephyr-course_ram/twister-out
  gcda_fname   native_sim_native/host_gnu/zephyr-course_ram/tests/ring_buf/homework.unit.ring_buf/zephyr/kernel/CMakeFiles/kernel.dir/kheap.c.gcno
  --> fname    /home/rodrigo/zephyrproject/zephyr/include/zephyr/spinlock.h
(DEBUG) Check if /home/rodrigo/zephyrproject/zephyr/include/zephyr/spinlock.h is included (source file)...
(DEBUG) --> File is excluded.
(DEBUG) Check if /home/rodrigo/zephyr-course_ram/twister-out/wait_q.h##8d032c01ad982a605e65d14d4975cccf.gcov is included (trace)...
(DEBUG) --> File is excluded.
(DEBUG) Finding source file corresponding to a gcov data file
  gcov_fname   /home/rodrigo/zephyr-course_ram/twister-out/wait_q.h##8d032c01ad982a605e65d14d4975cccf.gcov
  current_dir  /home/rodrigo/zephyr-course_ram/twister-out
  root         /home/rodrigo/zephyr-course_ram/app/modules/ring_buf
  starting_dir /home/rodrigo/zephyr-course_ram
  obj_dir      /home/rodrigo/zephyr-course_ram/twister-out
  gcda_fname   native_sim_native/host_gnu/zephyr-course_ram/tests/ring_buf/homework.unit.ring_buf/zephyr/kernel/CMakeFiles/kernel.dir/kheap.c.gcno
  --> fname    /home/rodrigo/zephyrproject/zephyr/kernel/include/wait_q.h
(DEBUG) Check if /home/rodrigo/zephyrproject/zephyr/kernel/include/wait_q.h is included (source file)...
(DEBUG) --> File is excluded.
(DEBUG) Check if /home/rodrigo/zephyr-course_ram/twister-out/native_sim_native/host_gnu/zephyr-course_ram/tests/ring_buf/homework.unit.ring_buf/zephyr/kernel/CMakeFiles/kernel.dir/mailbox.c.gcno is included (trace)...
(DEBUG)   No filter matched.
(DEBUG) --> File is excluded.
(DEBUG) Check if /home/rodrigo/zephyr-course_ram/twister-out/native_sim_native/host_gnu/zephyr-course_ram/tests/ring_buf/homework.unit.ring_buf/zephyr/kernel/CMakeFiles/kernel.dir/mailbox.c.gcno is included (trace)...
(DEBUG) --> File is excluded.
(DEBUG) Check if mailbox.c##829cda109ec9a3311a7a737589ae5c2d.gcov is included (gcov file)...
(DEBUG)   Filter AlwaysMatchFilter() matched.
(DEBUG) --> File is included.
(DEBUG) Check if wait_q.h##8d032c01ad982a605e65d14d4975cccf.gcov is included (gcov file)...
(DEBUG) --> File is included.
(DEBUG) Check if ksched.h##172c555d5b2e2629e8c5e6360532febc.gcov is included (gcov file)...
(DEBUG) --> File is included.
(DEBUG) Check if kthread.h##3887c82394eb1cae4bd9b6e72588a2b1.gcov is included (gcov file)...
(DEBUG) --> File is included.
(DEBUG) Check if kernel_arch_func.h##580562feec2edfd32c5a873362c5c8d2.gcov is included (gcov file)...
(DEBUG) --> File is included.
(DEBUG) Check if kernel.h##33e25e586cdfb0cc7078a38f16ec62da.gcov is included (gcov file)...
(DEBUG) --> File is included.
(DEBUG) Check if spinlock.h##d84264fdde7bca8b949809fef8cbefdd.gcov is included (gcov file)...
(DEBUG) --> File is included.
(DEBUG) Check if arch.h##239ee5cbaf1f4f5309f62049e6f0de61.gcov is included (gcov file)...
(DEBUG) --> File is included.
(DEBUG) Check if dlist.h##3219a21b45bb2c61f5ea102d5482e32e.gcov is included (gcov file)...
(DEBUG) --> File is included.
(DEBUG) Check if /home/rodrigo/zephyr-course_ram/twister-out/arch.h##239ee5cbaf1f4f5309f62049e6f0de61.gcov is included (trace)...
(DEBUG) --> File is excluded.
(DEBUG) Finding source file corresponding to a gcov data file
  gcov_fname   /home/rodrigo/zephyr-course_ram/twister-out/arch.h##239ee5cbaf1f4f5309f62049e6f0de61.gcov
  current_dir  /home/rodrigo/zephyr-course_ram/twister-out
  root         /home/rodrigo/zephyr-course_ram/app/modules/ring_buf
  starting_dir /home/rodrigo/zephyr-course_ram
  obj_dir      /home/rodrigo/zephyr-course_ram/twister-out
  gcda_fname   native_sim_native/host_gnu/zephyr-course_ram/tests/ring_buf/homework.unit.ring_buf/zephyr/kernel/CMakeFiles/kernel.dir/mailbox.c.gcno
  --> fname    /home/rodrigo/zephyrproject/zephyr/include/zephyr/arch/posix/arch.h
(DEBUG) Check if /home/rodrigo/zephyrproject/zephyr/include/zephyr/arch/posix/arch.h is included (source file)...
(DEBUG) --> File is excluded.
(DEBUG) Check if /home/rodrigo/zephyr-course_ram/twister-out/mailbox.c##829cda109ec9a3311a7a737589ae5c2d.gcov is included (trace)...
(DEBUG)   No filter matched.
(DEBUG) --> File is excluded.
(DEBUG) Finding source file corresponding to a gcov data file
  gcov_fname   /home/rodrigo/zephyr-course_ram/twister-out/mailbox.c##829cda109ec9a3311a7a737589ae5c2d.gcov
  current_dir  /home/rodrigo/zephyr-course_ram/twister-out
  root         /home/rodrigo/zephyr-course_ram/app/modules/ring_buf
  starting_dir /home/rodrigo/zephyr-course_ram
  obj_dir      /home/rodrigo/zephyr-course_ram/twister-out
  gcda_fname   native_sim_native/host_gnu/zephyr-course_ram/tests/ring_buf/homework.unit.ring_buf/zephyr/kernel/CMakeFiles/kernel.dir/mailbox.c.gcno
  --> fname    /home/rodrigo/zephyrproject/zephyr/kernel/mailbox.c
(DEBUG) Check if /home/rodrigo/zephyrproject/zephyr/kernel/mailbox.c is included (source file)...
(DEBUG)   No filter matched.
(DEBUG) --> File is excluded.
(DEBUG) Check if /home/rodrigo/zephyr-course_ram/twister-out/dlist.h##3219a21b45bb2c61f5ea102d5482e32e.gcov is included (trace)...
(DEBUG) --> File is excluded.
(DEBUG) Finding source file corresponding to a gcov data file
  gcov_fname   /home/rodrigo/zephyr-course_ram/twister-out/dlist.h##3219a21b45bb2c61f5ea102d5482e32e.gcov
  current_dir  /home/rodrigo/zephyr-course_ram/twister-out
  root         /home/rodrigo/zephyr-course_ram/app/modules/ring_buf
  starting_dir /home/rodrigo/zephyr-course_ram
  obj_dir      /home/rodrigo/zephyr-course_ram/twister-out
  gcda_fname   native_sim_native/host_gnu/zephyr-course_ram/tests/ring_buf/homework.unit.ring_buf/zephyr/kernel/CMakeFiles/kernel.dir/mailbox.c.gcno
  --> fname    /home/rodrigo/zephyrproject/zephyr/include/zephyr/sys/dlist.h
(DEBUG) Check if /home/rodrigo/zephyrproject/zephyr/include/zephyr/sys/dlist.h is included (source file)...
(DEBUG) --> File is excluded.
(DEBUG) Check if /home/rodrigo/zephyr-course_ram/twister-out/kernel_arch_func.h##580562feec2edfd32c5a873362c5c8d2.gcov is included (trace)...
(DEBUG) --> File is excluded.
(DEBUG) Finding source file corresponding to a gcov data file
  gcov_fname   /home/rodrigo/zephyr-course_ram/twister-out/kernel_arch_func.h##580562feec2edfd32c5a873362c5c8d2.gcov
  current_dir  /home/rodrigo/zephyr-course_ram/twister-out
  root         /home/rodrigo/zephyr-course_ram/app/modules/ring_buf
  starting_dir /home/rodrigo/zephyr-course_ram
  obj_dir      /home/rodrigo/zephyr-course_ram/twister-out
  gcda_fname   native_sim_native/host_gnu/zephyr-course_ram/tests/ring_buf/homework.unit.ring_buf/zephyr/kernel/CMakeFiles/kernel.dir/mailbox.c.gcno
  --> fname    /home/rodrigo/zephyrproject/zephyr/arch/posix/include/kernel_arch_func.h
(DEBUG) Check if /home/rodrigo/zephyrproject/zephyr/arch/posix/include/kernel_arch_func.h is included (source file)...
(DEBUG) --> File is excluded.
(DEBUG) Check if /home/rodrigo/zephyr-course_ram/twister-out/kthread.h##3887c82394eb1cae4bd9b6e72588a2b1.gcov is included (trace)...
(DEBUG) --> File is excluded.
(DEBUG) Finding source file corresponding to a gcov data file
  gcov_fname   /home/rodrigo/zephyr-course_ram/twister-out/kthread.h##3887c82394eb1cae4bd9b6e72588a2b1.gcov
  current_dir  /home/rodrigo/zephyr-course_ram/twister-out
  root         /home/rodrigo/zephyr-course_ram/app/modules/ring_buf
  starting_dir /home/rodrigo/zephyr-course_ram
  obj_dir      /home/rodrigo/zephyr-course_ram/twister-out
  gcda_fname   native_sim_native/host_gnu/zephyr-course_ram/tests/ring_buf/homework.unit.ring_buf/zephyr/kernel/CMakeFiles/kernel.dir/mailbox.c.gcno
  --> fname    /home/rodrigo/zephyrproject/zephyr/kernel/include/kthread.h
(DEBUG) Check if /home/rodrigo/zephyrproject/zephyr/kernel/include/kthread.h is included (source file)...
(DEBUG) --> File is excluded.
(DEBUG) Check if /home/rodrigo/zephyr-course_ram/twister-out/spinlock.h##d84264fdde7bca8b949809fef8cbefdd.gcov is included (trace)...
(DEBUG) --> File is excluded.
(DEBUG) Finding source file corresponding to a gcov data file
  gcov_fname   /home/rodrigo/zephyr-course_ram/twister-out/spinlock.h##d84264fdde7bca8b949809fef8cbefdd.gcov
  current_dir  /home/rodrigo/zephyr-course_ram/twister-out
  root         /home/rodrigo/zephyr-course_ram/app/modules/ring_buf
  starting_dir /home/rodrigo/zephyr-course_ram
  obj_dir      /home/rodrigo/zephyr-course_ram/twister-out
  gcda_fname   native_sim_native/host_gnu/zephyr-course_ram/tests/ring_buf/homework.unit.ring_buf/zephyr/kernel/CMakeFiles/kernel.dir/mailbox.c.gcno
  --> fname    /home/rodrigo/zephyrproject/zephyr/include/zephyr/spinlock.h
(DEBUG) Check if /home/rodrigo/zephyrproject/zephyr/include/zephyr/spinlock.h is included (source file)...
(DEBUG) --> File is excluded.
(DEBUG) Check if /home/rodrigo/zephyr-course_ram/twister-out/kernel.h##33e25e586cdfb0cc7078a38f16ec62da.gcov is included (trace)...
(DEBUG) --> File is excluded.
(DEBUG) Finding source file corresponding to a gcov data file
  gcov_fname   /home/rodrigo/zephyr-course_ram/twister-out/kernel.h##33e25e586cdfb0cc7078a38f16ec62da.gcov
  current_dir  /home/rodrigo/zephyr-course_ram/twister-out
  root         /home/rodrigo/zephyr-course_ram/app/modules/ring_buf
  starting_dir /home/rodrigo/zephyr-course_ram
  obj_dir      /home/rodrigo/zephyr-course_ram/twister-out
  gcda_fname   native_sim_native/host_gnu/zephyr-course_ram/tests/ring_buf/homework.unit.ring_buf/zephyr/kernel/CMakeFiles/kernel.dir/mailbox.c.gcno
  --> fname    /home/rodrigo/zephyr-course_ram/twister-out/native_sim_native/host_gnu/zephyr-course_ram/tests/ring_buf/homework.unit.ring_buf/zephyr/include/generated/zephyr/syscalls/kernel.h
(DEBUG) Check if /home/rodrigo/zephyr-course_ram/twister-out/native_sim_native/host_gnu/zephyr-course_ram/tests/ring_buf/homework.unit.ring_buf/zephyr/include/generated/zephyr/syscalls/kernel.h is included (source file)...
(DEBUG) --> File is excluded.
(DEBUG) Check if /home/rodrigo/zephyr-course_ram/twister-out/ksched.h##172c555d5b2e2629e8c5e6360532febc.gcov is included (trace)...
(DEBUG) --> File is excluded.
(DEBUG) Finding source file corresponding to a gcov data file
  gcov_fname   /home/rodrigo/zephyr-course_ram/twister-out/ksched.h##172c555d5b2e2629e8c5e6360532febc.gcov
  current_dir  /home/rodrigo/zephyr-course_ram/twister-out
  root         /home/rodrigo/zephyr-course_ram/app/modules/ring_buf
  starting_dir /home/rodrigo/zephyr-course_ram
  obj_dir      /home/rodrigo/zephyr-course_ram/twister-out
  gcda_fname   native_sim_native/host_gnu/zephyr-course_ram/tests/ring_buf/homework.unit.ring_buf/zephyr/kernel/CMakeFiles/kernel.dir/mailbox.c.gcno
  --> fname    /home/rodrigo/zephyrproject/zephyr/kernel/include/ksched.h
(DEBUG) Check if /home/rodrigo/zephyrproject/zephyr/kernel/include/ksched.h is included (source file)...
(DEBUG) --> File is excluded.
(DEBUG) Check if /home/rodrigo/zephyr-course_ram/twister-out/wait_q.h##8d032c01ad982a605e65d14d4975cccf.gcov is included (trace)...
(DEBUG) --> File is excluded.
(DEBUG) Finding source file corresponding to a gcov data file
  gcov_fname   /home/rodrigo/zephyr-course_ram/twister-out/wait_q.h##8d032c01ad982a605e65d14d4975cccf.gcov
  current_dir  /home/rodrigo/zephyr-course_ram/twister-out
  root         /home/rodrigo/zephyr-course_ram/app/modules/ring_buf
  starting_dir /home/rodrigo/zephyr-course_ram
  obj_dir      /home/rodrigo/zephyr-course_ram/twister-out
  gcda_fname   native_sim_native/host_gnu/zephyr-course_ram/tests/ring_buf/homework.unit.ring_buf/zephyr/kernel/CMakeFiles/kernel.dir/mailbox.c.gcno
  --> fname    /home/rodrigo/zephyrproject/zephyr/kernel/include/wait_q.h
(DEBUG) Check if /home/rodrigo/zephyrproject/zephyr/kernel/include/wait_q.h is included (source file)...
(DEBUG) --> File is excluded.
(DEBUG) Check if /home/rodrigo/zephyr-course_ram/twister-out/native_sim_native/host_gnu/zephyr-course_ram/tests/ring_buf/homework.unit.ring_buf/zephyr/kernel/CMakeFiles/kernel.dir/main_weak.c.gcno is included (trace)...
(DEBUG)   No filter matched.
(DEBUG) --> File is excluded.
(DEBUG) Check if /home/rodrigo/zephyr-course_ram/twister-out/native_sim_native/host_gnu/zephyr-course_ram/tests/ring_buf/homework.unit.ring_buf/zephyr/kernel/CMakeFiles/kernel.dir/main_weak.c.gcno is included (trace)...
(DEBUG) --> File is excluded.
(DEBUG) Check if main_weak.c##5302eb7c25d49effe01e656b05ba1424.gcov is included (gcov file)...
(DEBUG)   Filter AlwaysMatchFilter() matched.
(DEBUG) --> File is included.
(DEBUG) Check if arch.h##239ee5cbaf1f4f5309f62049e6f0de61.gcov is included (gcov file)...
(DEBUG) --> File is included.
(DEBUG) Check if /home/rodrigo/zephyr-course_ram/twister-out/arch.h##239ee5cbaf1f4f5309f62049e6f0de61.gcov is included (trace)...
(DEBUG) --> File is excluded.
(DEBUG) Finding source file corresponding to a gcov data file
  gcov_fname   /home/rodrigo/zephyr-course_ram/twister-out/arch.h##239ee5cbaf1f4f5309f62049e6f0de61.gcov
  current_dir  /home/rodrigo/zephyr-course_ram/twister-out
  root         /home/rodrigo/zephyr-course_ram/app/modules/ring_buf
  starting_dir /home/rodrigo/zephyr-course_ram
  obj_dir      /home/rodrigo/zephyr-course_ram/twister-out
  gcda_fname   native_sim_native/host_gnu/zephyr-course_ram/tests/ring_buf/homework.unit.ring_buf/zephyr/kernel/CMakeFiles/kernel.dir/main_weak.c.gcno
  --> fname    /home/rodrigo/zephyrproject/zephyr/include/zephyr/arch/posix/arch.h
(DEBUG) Check if /home/rodrigo/zephyrproject/zephyr/include/zephyr/arch/posix/arch.h is included (source file)...
(DEBUG) --> File is excluded.
(DEBUG) Check if /home/rodrigo/zephyr-course_ram/twister-out/main_weak.c##5302eb7c25d49effe01e656b05ba1424.gcov is included (trace)...
(DEBUG)   No filter matched.
(DEBUG) --> File is excluded.
(DEBUG) Finding source file corresponding to a gcov data file
  gcov_fname   /home/rodrigo/zephyr-course_ram/twister-out/main_weak.c##5302eb7c25d49effe01e656b05ba1424.gcov
  current_dir  /home/rodrigo/zephyr-course_ram/twister-out
  root         /home/rodrigo/zephyr-course_ram/app/modules/ring_buf
  starting_dir /home/rodrigo/zephyr-course_ram
  obj_dir      /home/rodrigo/zephyr-course_ram/twister-out
  gcda_fname   native_sim_native/host_gnu/zephyr-course_ram/tests/ring_buf/homework.unit.ring_buf/zephyr/kernel/CMakeFiles/kernel.dir/main_weak.c.gcno
  --> fname    /home/rodrigo/zephyrproject/zephyr/kernel/main_weak.c
(DEBUG) Check if /home/rodrigo/zephyrproject/zephyr/kernel/main_weak.c is included (source file)...
(DEBUG)   No filter matched.
(DEBUG) --> File is excluded.
(DEBUG) Check if /home/rodrigo/zephyr-course_ram/twister-out/native_sim_native/host_gnu/zephyr-course_ram/tests/ring_buf/homework.unit.ring_buf/zephyr/kernel/CMakeFiles/kernel.dir/mem_slab.c.gcno is included (trace)...
(DEBUG)   No filter matched.
(DEBUG) --> File is excluded.
(DEBUG) Check if /home/rodrigo/zephyr-course_ram/twister-out/native_sim_native/host_gnu/zephyr-course_ram/tests/ring_buf/homework.unit.ring_buf/zephyr/kernel/CMakeFiles/kernel.dir/mem_slab.c.gcno is included (trace)...
(DEBUG) --> File is excluded.
(DEBUG) Check if mem_slab.c##8361a42c2951e9da238ecd594cd8f961.gcov is included (gcov file)...
(DEBUG)   Filter AlwaysMatchFilter() matched.
(DEBUG) --> File is included.
(DEBUG) Check if wait_q.h##8d032c01ad982a605e65d14d4975cccf.gcov is included (gcov file)...
(DEBUG) --> File is included.
(DEBUG) Check if ksched.h##172c555d5b2e2629e8c5e6360532febc.gcov is included (gcov file)...
(DEBUG) --> File is included.
(DEBUG) Check if priority_q.h##99147f16078ebc096e4d103f378ac7d3.gcov is included (gcov file)...
(DEBUG) --> File is included.
(DEBUG) Check if math_extras_impl.h##2563a8d28efffc0e643dbd8634325f21.gcov is included (gcov file)...
(DEBUG) --> File is included.
(DEBUG) Check if kernel_internal.h##dca9100bcab2f1d67b3e4cb85a4aba72.gcov is included (gcov file)...
(DEBUG)   Filter AlwaysMatchFilter() matched.
(DEBUG) --> File is included.
(DEBUG) Check if kthread.h##3887c82394eb1cae4bd9b6e72588a2b1.gcov is included (gcov file)...
(DEBUG) --> File is included.
(DEBUG) Check if timeout_q.h##c6366127490abe4c065d005513ed50b8.gcov is included (gcov file)...
(DEBUG) --> File is included.
(DEBUG) Check if kernel_arch_func.h##580562feec2edfd32c5a873362c5c8d2.gcov is included (gcov file)...
(DEBUG) --> File is included.
(DEBUG) Check if kobject_internal.h##dca6fbe52c3225f96b4d07c0f7f6cb30.gcov is included (gcov file)...
(DEBUG) --> File is included.
(DEBUG) Check if spinlock.h##d84264fdde7bca8b949809fef8cbefdd.gcov is included (gcov file)...
(DEBUG) --> File is included.
(DEBUG) Check if arch.h##239ee5cbaf1f4f5309f62049e6f0de61.gcov is included (gcov file)...
(DEBUG) --> File is included.
(DEBUG) Check if dlist.h##3219a21b45bb2c61f5ea102d5482e32e.gcov is included (gcov file)...
(DEBUG) --> File is included.
(DEBUG) Check if /home/rodrigo/zephyr-course_ram/twister-out/arch.h##239ee5cbaf1f4f5309f62049e6f0de61.gcov is included (trace)...
(DEBUG) --> File is excluded.
(DEBUG) Finding source file corresponding to a gcov data file
  gcov_fname   /home/rodrigo/zephyr-course_ram/twister-out/arch.h##239ee5cbaf1f4f5309f62049e6f0de61.gcov
  current_dir  /home/rodrigo/zephyr-course_ram/twister-out
  root         /home/rodrigo/zephyr-course_ram/app/modules/ring_buf
  starting_dir /home/rodrigo/zephyr-course_ram
  obj_dir      /home/rodrigo/zephyr-course_ram/twister-out
  gcda_fname   native_sim_native/host_gnu/zephyr-course_ram/tests/ring_buf/homework.unit.ring_buf/zephyr/kernel/CMakeFiles/kernel.dir/mem_slab.c.gcno
  --> fname    /home/rodrigo/zephyrproject/zephyr/include/zephyr/arch/posix/arch.h
(DEBUG) Check if /home/rodrigo/zephyrproject/zephyr/include/zephyr/arch/posix/arch.h is included (source file)...
(DEBUG) --> File is excluded.
(DEBUG) Check if /home/rodrigo/zephyr-course_ram/twister-out/math_extras_impl.h##2563a8d28efffc0e643dbd8634325f21.gcov is included (trace)...
(DEBUG) --> File is excluded.
(DEBUG) Finding source file corresponding to a gcov data file
  gcov_fname   /home/rodrigo/zephyr-course_ram/twister-out/math_extras_impl.h##2563a8d28efffc0e643dbd8634325f21.gcov
  current_dir  /home/rodrigo/zephyr-course_ram/twister-out
  root         /home/rodrigo/zephyr-course_ram/app/modules/ring_buf
  starting_dir /home/rodrigo/zephyr-course_ram
  obj_dir      /home/rodrigo/zephyr-course_ram/twister-out
  gcda_fname   native_sim_native/host_gnu/zephyr-course_ram/tests/ring_buf/homework.unit.ring_buf/zephyr/kernel/CMakeFiles/kernel.dir/mem_slab.c.gcno
  --> fname    /home/rodrigo/zephyrproject/zephyr/include/zephyr/sys/math_extras_impl.h
(DEBUG) Check if /home/rodrigo/zephyrproject/zephyr/include/zephyr/sys/math_extras_impl.h is included (source file)...
(DEBUG) --> File is excluded.
(DEBUG) Check if /home/rodrigo/zephyr-course_ram/twister-out/kernel_internal.h##dca9100bcab2f1d67b3e4cb85a4aba72.gcov is included (trace)...
(DEBUG)   No filter matched.
(DEBUG) --> File is excluded.
(DEBUG) Finding source file corresponding to a gcov data file
  gcov_fname   /home/rodrigo/zephyr-course_ram/twister-out/kernel_internal.h##dca9100bcab2f1d67b3e4cb85a4aba72.gcov
  current_dir  /home/rodrigo/zephyr-course_ram/twister-out
  root         /home/rodrigo/zephyr-course_ram/app/modules/ring_buf
  starting_dir /home/rodrigo/zephyr-course_ram
  obj_dir      /home/rodrigo/zephyr-course_ram/twister-out
  gcda_fname   native_sim_native/host_gnu/zephyr-course_ram/tests/ring_buf/homework.unit.ring_buf/zephyr/kernel/CMakeFiles/kernel.dir/mem_slab.c.gcno
  --> fname    /home/rodrigo/zephyrproject/zephyr/kernel/include/kernel_internal.h
(DEBUG) Check if /home/rodrigo/zephyrproject/zephyr/kernel/include/kernel_internal.h is included (source file)...
(DEBUG)   No filter matched.
(DEBUG) --> File is excluded.
(DEBUG) Check if /home/rodrigo/zephyr-course_ram/twister-out/kobject_internal.h##dca6fbe52c3225f96b4d07c0f7f6cb30.gcov is included (trace)...
(DEBUG) --> File is excluded.
(DEBUG) Finding source file corresponding to a gcov data file
  gcov_fname   /home/rodrigo/zephyr-course_ram/twister-out/kobject_internal.h##dca6fbe52c3225f96b4d07c0f7f6cb30.gcov
  current_dir  /home/rodrigo/zephyr-course_ram/twister-out
  root         /home/rodrigo/zephyr-course_ram/app/modules/ring_buf
  starting_dir /home/rodrigo/zephyr-course_ram
  obj_dir      /home/rodrigo/zephyr-course_ram/twister-out
  gcda_fname   native_sim_native/host_gnu/zephyr-course_ram/tests/ring_buf/homework.unit.ring_buf/zephyr/kernel/CMakeFiles/kernel.dir/mem_slab.c.gcno
  --> fname    /home/rodrigo/zephyrproject/zephyr/include/zephyr/sys/internal/kobject_internal.h
(DEBUG) Check if /home/rodrigo/zephyrproject/zephyr/include/zephyr/sys/internal/kobject_internal.h is included (source file)...
(DEBUG) --> File is excluded.
(DEBUG) Check if /home/rodrigo/zephyr-course_ram/twister-out/dlist.h##3219a21b45bb2c61f5ea102d5482e32e.gcov is included (trace)...
(DEBUG) --> File is excluded.
(DEBUG) Finding source file corresponding to a gcov data file
  gcov_fname   /home/rodrigo/zephyr-course_ram/twister-out/dlist.h##3219a21b45bb2c61f5ea102d5482e32e.gcov
  current_dir  /home/rodrigo/zephyr-course_ram/twister-out
  root         /home/rodrigo/zephyr-course_ram/app/modules/ring_buf
  starting_dir /home/rodrigo/zephyr-course_ram
  obj_dir      /home/rodrigo/zephyr-course_ram/twister-out
  gcda_fname   native_sim_native/host_gnu/zephyr-course_ram/tests/ring_buf/homework.unit.ring_buf/zephyr/kernel/CMakeFiles/kernel.dir/mem_slab.c.gcno
  --> fname    /home/rodrigo/zephyrproject/zephyr/include/zephyr/sys/dlist.h
(DEBUG) Check if /home/rodrigo/zephyrproject/zephyr/include/zephyr/sys/dlist.h is included (source file)...
(DEBUG) --> File is excluded.
(DEBUG) Check if /home/rodrigo/zephyr-course_ram/twister-out/kernel_arch_func.h##580562feec2edfd32c5a873362c5c8d2.gcov is included (trace)...
(DEBUG) --> File is excluded.
(DEBUG) Finding source file corresponding to a gcov data file
  gcov_fname   /home/rodrigo/zephyr-course_ram/twister-out/kernel_arch_func.h##580562feec2edfd32c5a873362c5c8d2.gcov
  current_dir  /home/rodrigo/zephyr-course_ram/twister-out
  root         /home/rodrigo/zephyr-course_ram/app/modules/ring_buf
  starting_dir /home/rodrigo/zephyr-course_ram
  obj_dir      /home/rodrigo/zephyr-course_ram/twister-out
  gcda_fname   native_sim_native/host_gnu/zephyr-course_ram/tests/ring_buf/homework.unit.ring_buf/zephyr/kernel/CMakeFiles/kernel.dir/mem_slab.c.gcno
  --> fname    /home/rodrigo/zephyrproject/zephyr/arch/posix/include/kernel_arch_func.h
(DEBUG) Check if /home/rodrigo/zephyrproject/zephyr/arch/posix/include/kernel_arch_func.h is included (source file)...
(DEBUG) --> File is excluded.
(DEBUG) Check if /home/rodrigo/zephyr-course_ram/twister-out/kthread.h##3887c82394eb1cae4bd9b6e72588a2b1.gcov is included (trace)...
(DEBUG) --> File is excluded.
(DEBUG) Finding source file corresponding to a gcov data file
  gcov_fname   /home/rodrigo/zephyr-course_ram/twister-out/kthread.h##3887c82394eb1cae4bd9b6e72588a2b1.gcov
  current_dir  /home/rodrigo/zephyr-course_ram/twister-out
  root         /home/rodrigo/zephyr-course_ram/app/modules/ring_buf
  starting_dir /home/rodrigo/zephyr-course_ram
  obj_dir      /home/rodrigo/zephyr-course_ram/twister-out
  gcda_fname   native_sim_native/host_gnu/zephyr-course_ram/tests/ring_buf/homework.unit.ring_buf/zephyr/kernel/CMakeFiles/kernel.dir/mem_slab.c.gcno
  --> fname    /home/rodrigo/zephyrproject/zephyr/kernel/include/kthread.h
(DEBUG) Check if /home/rodrigo/zephyrproject/zephyr/kernel/include/kthread.h is included (source file)...
(DEBUG) --> File is excluded.
(DEBUG) Check if /home/rodrigo/zephyr-course_ram/twister-out/spinlock.h##d84264fdde7bca8b949809fef8cbefdd.gcov is included (trace)...
(DEBUG) --> File is excluded.
(DEBUG) Finding source file corresponding to a gcov data file
  gcov_fname   /home/rodrigo/zephyr-course_ram/twister-out/spinlock.h##d84264fdde7bca8b949809fef8cbefdd.gcov
  current_dir  /home/rodrigo/zephyr-course_ram/twister-out
  root         /home/rodrigo/zephyr-course_ram/app/modules/ring_buf
  starting_dir /home/rodrigo/zephyr-course_ram
  obj_dir      /home/rodrigo/zephyr-course_ram/twister-out
  gcda_fname   native_sim_native/host_gnu/zephyr-course_ram/tests/ring_buf/homework.unit.ring_buf/zephyr/kernel/CMakeFiles/kernel.dir/mem_slab.c.gcno
  --> fname    /home/rodrigo/zephyrproject/zephyr/include/zephyr/spinlock.h
(DEBUG) Check if /home/rodrigo/zephyrproject/zephyr/include/zephyr/spinlock.h is included (source file)...
(DEBUG) --> File is excluded.
(DEBUG) Check if /home/rodrigo/zephyr-course_ram/twister-out/priority_q.h##99147f16078ebc096e4d103f378ac7d3.gcov is included (trace)...
(DEBUG) --> File is excluded.
(DEBUG) Finding source file corresponding to a gcov data file
  gcov_fname   /home/rodrigo/zephyr-course_ram/twister-out/priority_q.h##99147f16078ebc096e4d103f378ac7d3.gcov
  current_dir  /home/rodrigo/zephyr-course_ram/twister-out
  root         /home/rodrigo/zephyr-course_ram/app/modules/ring_buf
  starting_dir /home/rodrigo/zephyr-course_ram
  obj_dir      /home/rodrigo/zephyr-course_ram/twister-out
  gcda_fname   native_sim_native/host_gnu/zephyr-course_ram/tests/ring_buf/homework.unit.ring_buf/zephyr/kernel/CMakeFiles/kernel.dir/mem_slab.c.gcno
  --> fname    /home/rodrigo/zephyrproject/zephyr/kernel/include/priority_q.h
(DEBUG) Check if /home/rodrigo/zephyrproject/zephyr/kernel/include/priority_q.h is included (source file)...
(DEBUG) --> File is excluded.
(DEBUG) Check if /home/rodrigo/zephyr-course_ram/twister-out/ksched.h##172c555d5b2e2629e8c5e6360532febc.gcov is included (trace)...
(DEBUG) --> File is excluded.
(DEBUG) Finding source file corresponding to a gcov data file
  gcov_fname   /home/rodrigo/zephyr-course_ram/twister-out/ksched.h##172c555d5b2e2629e8c5e6360532febc.gcov
  current_dir  /home/rodrigo/zephyr-course_ram/twister-out
  root         /home/rodrigo/zephyr-course_ram/app/modules/ring_buf
  starting_dir /home/rodrigo/zephyr-course_ram
  obj_dir      /home/rodrigo/zephyr-course_ram/twister-out
  gcda_fname   native_sim_native/host_gnu/zephyr-course_ram/tests/ring_buf/homework.unit.ring_buf/zephyr/kernel/CMakeFiles/kernel.dir/mem_slab.c.gcno
  --> fname    /home/rodrigo/zephyrproject/zephyr/kernel/include/ksched.h
(DEBUG) Check if /home/rodrigo/zephyrproject/zephyr/kernel/include/ksched.h is included (source file)...
(DEBUG) --> File is excluded.
(DEBUG) Check if /home/rodrigo/zephyr-course_ram/twister-out/timeout_q.h##c6366127490abe4c065d005513ed50b8.gcov is included (trace)...
(DEBUG) --> File is excluded.
(DEBUG) Finding source file corresponding to a gcov data file
  gcov_fname   /home/rodrigo/zephyr-course_ram/twister-out/timeout_q.h##c6366127490abe4c065d005513ed50b8.gcov
  current_dir  /home/rodrigo/zephyr-course_ram/twister-out
  root         /home/rodrigo/zephyr-course_ram/app/modules/ring_buf
  starting_dir /home/rodrigo/zephyr-course_ram
  obj_dir      /home/rodrigo/zephyr-course_ram/twister-out
  gcda_fname   native_sim_native/host_gnu/zephyr-course_ram/tests/ring_buf/homework.unit.ring_buf/zephyr/kernel/CMakeFiles/kernel.dir/mem_slab.c.gcno
  --> fname    /home/rodrigo/zephyrproject/zephyr/kernel/include/timeout_q.h
(DEBUG) Check if /home/rodrigo/zephyrproject/zephyr/kernel/include/timeout_q.h is included (source file)...
(DEBUG) --> File is excluded.
(DEBUG) Check if /home/rodrigo/zephyr-course_ram/twister-out/wait_q.h##8d032c01ad982a605e65d14d4975cccf.gcov is included (trace)...
(DEBUG) --> File is excluded.
(DEBUG) Finding source file corresponding to a gcov data file
  gcov_fname   /home/rodrigo/zephyr-course_ram/twister-out/wait_q.h##8d032c01ad982a605e65d14d4975cccf.gcov
  current_dir  /home/rodrigo/zephyr-course_ram/twister-out
  root         /home/rodrigo/zephyr-course_ram/app/modules/ring_buf
  starting_dir /home/rodrigo/zephyr-course_ram
  obj_dir      /home/rodrigo/zephyr-course_ram/twister-out
  gcda_fname   native_sim_native/host_gnu/zephyr-course_ram/tests/ring_buf/homework.unit.ring_buf/zephyr/kernel/CMakeFiles/kernel.dir/mem_slab.c.gcno
  --> fname    /home/rodrigo/zephyrproject/zephyr/kernel/include/wait_q.h
(DEBUG) Check if /home/rodrigo/zephyrproject/zephyr/kernel/include/wait_q.h is included (source file)...
(DEBUG) --> File is excluded.
(DEBUG) Check if /home/rodrigo/zephyr-course_ram/twister-out/mem_slab.c##8361a42c2951e9da238ecd594cd8f961.gcov is included (trace)...
(DEBUG)   No filter matched.
(DEBUG) --> File is excluded.
(DEBUG) Finding source file corresponding to a gcov data file
  gcov_fname   /home/rodrigo/zephyr-course_ram/twister-out/mem_slab.c##8361a42c2951e9da238ecd594cd8f961.gcov
  current_dir  /home/rodrigo/zephyr-course_ram/twister-out
  root         /home/rodrigo/zephyr-course_ram/app/modules/ring_buf
  starting_dir /home/rodrigo/zephyr-course_ram
  obj_dir      /home/rodrigo/zephyr-course_ram/twister-out
  gcda_fname   native_sim_native/host_gnu/zephyr-course_ram/tests/ring_buf/homework.unit.ring_buf/zephyr/kernel/CMakeFiles/kernel.dir/mem_slab.c.gcno
  --> fname    /home/rodrigo/zephyrproject/zephyr/kernel/mem_slab.c
(DEBUG) Check if /home/rodrigo/zephyrproject/zephyr/kernel/mem_slab.c is included (source file)...
(DEBUG)   No filter matched.
(DEBUG) --> File is excluded.
(DEBUG) Check if /home/rodrigo/zephyr-course_ram/twister-out/native_sim_native/host_gnu/zephyr-course_ram/tests/ring_buf/homework.unit.ring_buf/zephyr/kernel/CMakeFiles/kernel.dir/mempool.c.gcno is included (trace)...
(DEBUG)   No filter matched.
(DEBUG) --> File is excluded.
(DEBUG) Check if /home/rodrigo/zephyr-course_ram/twister-out/native_sim_native/host_gnu/zephyr-course_ram/tests/ring_buf/homework.unit.ring_buf/zephyr/kernel/CMakeFiles/kernel.dir/mempool.c.gcno is included (trace)...
(DEBUG) --> File is excluded.
(DEBUG) Check if mempool.c##cb4736c62f735f449652ff09ad7465b9.gcov is included (gcov file)...
(DEBUG)   Filter AlwaysMatchFilter() matched.
(DEBUG) --> File is included.
(DEBUG) Check if math_extras_impl.h##2563a8d28efffc0e643dbd8634325f21.gcov is included (gcov file)...
(DEBUG) --> File is included.
(DEBUG) Check if spinlock.h##d84264fdde7bca8b949809fef8cbefdd.gcov is included (gcov file)...
(DEBUG) --> File is included.
(DEBUG) Check if arch.h##239ee5cbaf1f4f5309f62049e6f0de61.gcov is included (gcov file)...
(DEBUG) --> File is included.
(DEBUG) Check if /home/rodrigo/zephyr-course_ram/twister-out/math_extras_impl.h##2563a8d28efffc0e643dbd8634325f21.gcov is included (trace)...
(DEBUG) --> File is excluded.
(DEBUG) Finding source file corresponding to a gcov data file
  gcov_fname   /home/rodrigo/zephyr-course_ram/twister-out/math_extras_impl.h##2563a8d28efffc0e643dbd8634325f21.gcov
  current_dir  /home/rodrigo/zephyr-course_ram/twister-out
  root         /home/rodrigo/zephyr-course_ram/app/modules/ring_buf
  starting_dir /home/rodrigo/zephyr-course_ram
  obj_dir      /home/rodrigo/zephyr-course_ram/twister-out
  gcda_fname   native_sim_native/host_gnu/zephyr-course_ram/tests/ring_buf/homework.unit.ring_buf/zephyr/kernel/CMakeFiles/kernel.dir/mempool.c.gcno
  --> fname    /home/rodrigo/zephyrproject/zephyr/include/zephyr/sys/math_extras_impl.h
(DEBUG) Check if /home/rodrigo/zephyrproject/zephyr/include/zephyr/sys/math_extras_impl.h is included (source file)...
(DEBUG) --> File is excluded.
(DEBUG) Check if /home/rodrigo/zephyr-course_ram/twister-out/arch.h##239ee5cbaf1f4f5309f62049e6f0de61.gcov is included (trace)...
(DEBUG) --> File is excluded.
(DEBUG) Finding source file corresponding to a gcov data file
  gcov_fname   /home/rodrigo/zephyr-course_ram/twister-out/arch.h##239ee5cbaf1f4f5309f62049e6f0de61.gcov
  current_dir  /home/rodrigo/zephyr-course_ram/twister-out
  root         /home/rodrigo/zephyr-course_ram/app/modules/ring_buf
  starting_dir /home/rodrigo/zephyr-course_ram
  obj_dir      /home/rodrigo/zephyr-course_ram/twister-out
  gcda_fname   native_sim_native/host_gnu/zephyr-course_ram/tests/ring_buf/homework.unit.ring_buf/zephyr/kernel/CMakeFiles/kernel.dir/mempool.c.gcno
  --> fname    /home/rodrigo/zephyrproject/zephyr/include/zephyr/arch/posix/arch.h
(DEBUG) Check if /home/rodrigo/zephyrproject/zephyr/include/zephyr/arch/posix/arch.h is included (source file)...
(DEBUG) --> File is excluded.
(DEBUG) Check if /home/rodrigo/zephyr-course_ram/twister-out/mempool.c##cb4736c62f735f449652ff09ad7465b9.gcov is included (trace)...
(DEBUG)   No filter matched.
(DEBUG) --> File is excluded.
(DEBUG) Finding source file corresponding to a gcov data file
  gcov_fname   /home/rodrigo/zephyr-course_ram/twister-out/mempool.c##cb4736c62f735f449652ff09ad7465b9.gcov
  current_dir  /home/rodrigo/zephyr-course_ram/twister-out
  root         /home/rodrigo/zephyr-course_ram/app/modules/ring_buf
  starting_dir /home/rodrigo/zephyr-course_ram
  obj_dir      /home/rodrigo/zephyr-course_ram/twister-out
  gcda_fname   native_sim_native/host_gnu/zephyr-course_ram/tests/ring_buf/homework.unit.ring_buf/zephyr/kernel/CMakeFiles/kernel.dir/mempool.c.gcno
  --> fname    /home/rodrigo/zephyrproject/zephyr/kernel/mempool.c
(DEBUG) Check if /home/rodrigo/zephyrproject/zephyr/kernel/mempool.c is included (source file)...
(DEBUG)   No filter matched.
(DEBUG) --> File is excluded.
(DEBUG) Check if /home/rodrigo/zephyr-course_ram/twister-out/spinlock.h##d84264fdde7bca8b949809fef8cbefdd.gcov is included (trace)...
(DEBUG) --> File is excluded.
(DEBUG) Finding source file corresponding to a gcov data file
  gcov_fname   /home/rodrigo/zephyr-course_ram/twister-out/spinlock.h##d84264fdde7bca8b949809fef8cbefdd.gcov
  current_dir  /home/rodrigo/zephyr-course_ram/twister-out
  root         /home/rodrigo/zephyr-course_ram/app/modules/ring_buf
  starting_dir /home/rodrigo/zephyr-course_ram
  obj_dir      /home/rodrigo/zephyr-course_ram/twister-out
  gcda_fname   native_sim_native/host_gnu/zephyr-course_ram/tests/ring_buf/homework.unit.ring_buf/zephyr/kernel/CMakeFiles/kernel.dir/mempool.c.gcno
  --> fname    /home/rodrigo/zephyrproject/zephyr/include/zephyr/spinlock.h
(DEBUG) Check if /home/rodrigo/zephyrproject/zephyr/include/zephyr/spinlock.h is included (source file)...
(DEBUG) --> File is excluded.
(DEBUG) Check if /home/rodrigo/zephyr-course_ram/twister-out/native_sim_native/host_gnu/zephyr-course_ram/tests/ring_buf/homework.unit.ring_buf/zephyr/kernel/CMakeFiles/kernel.dir/msg_q.c.gcno is included (trace)...
(DEBUG)   No filter matched.
(DEBUG) --> File is excluded.
(DEBUG) Check if /home/rodrigo/zephyr-course_ram/twister-out/native_sim_native/host_gnu/zephyr-course_ram/tests/ring_buf/homework.unit.ring_buf/zephyr/kernel/CMakeFiles/kernel.dir/msg_q.c.gcno is included (trace)...
(DEBUG) --> File is excluded.
(DEBUG) Check if msg_q.c##f212cfb6fba6d4dcd4f274611fcf5141.gcov is included (gcov file)...
(DEBUG)   Filter AlwaysMatchFilter() matched.
(DEBUG) --> File is included.
(DEBUG) Check if wait_q.h##8d032c01ad982a605e65d14d4975cccf.gcov is included (gcov file)...
(DEBUG) --> File is included.
(DEBUG) Check if ksched.h##172c555d5b2e2629e8c5e6360532febc.gcov is included (gcov file)...
(DEBUG) --> File is included.
(DEBUG) Check if priority_q.h##99147f16078ebc096e4d103f378ac7d3.gcov is included (gcov file)...
(DEBUG) --> File is included.
(DEBUG) Check if math_extras_impl.h##2563a8d28efffc0e643dbd8634325f21.gcov is included (gcov file)...
(DEBUG) --> File is included.
(DEBUG) Check if kthread.h##3887c82394eb1cae4bd9b6e72588a2b1.gcov is included (gcov file)...
(DEBUG) --> File is included.
(DEBUG) Check if timeout_q.h##c6366127490abe4c065d005513ed50b8.gcov is included (gcov file)...
(DEBUG) --> File is included.
(DEBUG) Check if kernel_arch_func.h##580562feec2edfd32c5a873362c5c8d2.gcov is included (gcov file)...
(DEBUG) --> File is included.
(DEBUG) Check if kobject_internal.h##dca6fbe52c3225f96b4d07c0f7f6cb30.gcov is included (gcov file)...
(DEBUG) --> File is included.
(DEBUG) Check if spinlock.h##d84264fdde7bca8b949809fef8cbefdd.gcov is included (gcov file)...
(DEBUG) --> File is included.
(DEBUG) Check if arch.h##239ee5cbaf1f4f5309f62049e6f0de61.gcov is included (gcov file)...
(DEBUG) --> File is included.
(DEBUG) Check if dlist.h##3219a21b45bb2c61f5ea102d5482e32e.gcov is included (gcov file)...
(DEBUG) --> File is included.
(DEBUG) Check if /home/rodrigo/zephyr-course_ram/twister-out/arch.h##239ee5cbaf1f4f5309f62049e6f0de61.gcov is included (trace)...
(DEBUG) --> File is excluded.
(DEBUG) Finding source file corresponding to a gcov data file
  gcov_fname   /home/rodrigo/zephyr-course_ram/twister-out/arch.h##239ee5cbaf1f4f5309f62049e6f0de61.gcov
  current_dir  /home/rodrigo/zephyr-course_ram/twister-out
  root         /home/rodrigo/zephyr-course_ram/app/modules/ring_buf
  starting_dir /home/rodrigo/zephyr-course_ram
  obj_dir      /home/rodrigo/zephyr-course_ram/twister-out
  gcda_fname   native_sim_native/host_gnu/zephyr-course_ram/tests/ring_buf/homework.unit.ring_buf/zephyr/kernel/CMakeFiles/kernel.dir/msg_q.c.gcno
  --> fname    /home/rodrigo/zephyrproject/zephyr/include/zephyr/arch/posix/arch.h
(DEBUG) Check if /home/rodrigo/zephyrproject/zephyr/include/zephyr/arch/posix/arch.h is included (source file)...
(DEBUG) --> File is excluded.
(DEBUG) Check if /home/rodrigo/zephyr-course_ram/twister-out/math_extras_impl.h##2563a8d28efffc0e643dbd8634325f21.gcov is included (trace)...
(DEBUG) --> File is excluded.
(DEBUG) Finding source file corresponding to a gcov data file
  gcov_fname   /home/rodrigo/zephyr-course_ram/twister-out/math_extras_impl.h##2563a8d28efffc0e643dbd8634325f21.gcov
  current_dir  /home/rodrigo/zephyr-course_ram/twister-out
  root         /home/rodrigo/zephyr-course_ram/app/modules/ring_buf
  starting_dir /home/rodrigo/zephyr-course_ram
  obj_dir      /home/rodrigo/zephyr-course_ram/twister-out
  gcda_fname   native_sim_native/host_gnu/zephyr-course_ram/tests/ring_buf/homework.unit.ring_buf/zephyr/kernel/CMakeFiles/kernel.dir/msg_q.c.gcno
  --> fname    /home/rodrigo/zephyrproject/zephyr/include/zephyr/sys/math_extras_impl.h
(DEBUG) Check if /home/rodrigo/zephyrproject/zephyr/include/zephyr/sys/math_extras_impl.h is included (source file)...
(DEBUG) --> File is excluded.
(DEBUG) Check if /home/rodrigo/zephyr-course_ram/twister-out/kobject_internal.h##dca6fbe52c3225f96b4d07c0f7f6cb30.gcov is included (trace)...
(DEBUG) --> File is excluded.
(DEBUG) Finding source file corresponding to a gcov data file
  gcov_fname   /home/rodrigo/zephyr-course_ram/twister-out/kobject_internal.h##dca6fbe52c3225f96b4d07c0f7f6cb30.gcov
  current_dir  /home/rodrigo/zephyr-course_ram/twister-out
  root         /home/rodrigo/zephyr-course_ram/app/modules/ring_buf
  starting_dir /home/rodrigo/zephyr-course_ram
  obj_dir      /home/rodrigo/zephyr-course_ram/twister-out
  gcda_fname   native_sim_native/host_gnu/zephyr-course_ram/tests/ring_buf/homework.unit.ring_buf/zephyr/kernel/CMakeFiles/kernel.dir/msg_q.c.gcno
  --> fname    /home/rodrigo/zephyrproject/zephyr/include/zephyr/sys/internal/kobject_internal.h
(DEBUG) Check if /home/rodrigo/zephyrproject/zephyr/include/zephyr/sys/internal/kobject_internal.h is included (source file)...
(DEBUG) --> File is excluded.
(DEBUG) Check if /home/rodrigo/zephyr-course_ram/twister-out/dlist.h##3219a21b45bb2c61f5ea102d5482e32e.gcov is included (trace)...
(DEBUG) --> File is excluded.
(DEBUG) Finding source file corresponding to a gcov data file
  gcov_fname   /home/rodrigo/zephyr-course_ram/twister-out/dlist.h##3219a21b45bb2c61f5ea102d5482e32e.gcov
  current_dir  /home/rodrigo/zephyr-course_ram/twister-out
  root         /home/rodrigo/zephyr-course_ram/app/modules/ring_buf
  starting_dir /home/rodrigo/zephyr-course_ram
  obj_dir      /home/rodrigo/zephyr-course_ram/twister-out
  gcda_fname   native_sim_native/host_gnu/zephyr-course_ram/tests/ring_buf/homework.unit.ring_buf/zephyr/kernel/CMakeFiles/kernel.dir/msg_q.c.gcno
  --> fname    /home/rodrigo/zephyrproject/zephyr/include/zephyr/sys/dlist.h
(DEBUG) Check if /home/rodrigo/zephyrproject/zephyr/include/zephyr/sys/dlist.h is included (source file)...
(DEBUG) --> File is excluded.
(DEBUG) Check if /home/rodrigo/zephyr-course_ram/twister-out/kernel_arch_func.h##580562feec2edfd32c5a873362c5c8d2.gcov is included (trace)...
(DEBUG) --> File is excluded.
(DEBUG) Finding source file corresponding to a gcov data file
  gcov_fname   /home/rodrigo/zephyr-course_ram/twister-out/kernel_arch_func.h##580562feec2edfd32c5a873362c5c8d2.gcov
  current_dir  /home/rodrigo/zephyr-course_ram/twister-out
  root         /home/rodrigo/zephyr-course_ram/app/modules/ring_buf
  starting_dir /home/rodrigo/zephyr-course_ram
  obj_dir      /home/rodrigo/zephyr-course_ram/twister-out
  gcda_fname   native_sim_native/host_gnu/zephyr-course_ram/tests/ring_buf/homework.unit.ring_buf/zephyr/kernel/CMakeFiles/kernel.dir/msg_q.c.gcno
  --> fname    /home/rodrigo/zephyrproject/zephyr/arch/posix/include/kernel_arch_func.h
(DEBUG) Check if /home/rodrigo/zephyrproject/zephyr/arch/posix/include/kernel_arch_func.h is included (source file)...
(DEBUG) --> File is excluded.
(DEBUG) Check if /home/rodrigo/zephyr-course_ram/twister-out/kthread.h##3887c82394eb1cae4bd9b6e72588a2b1.gcov is included (trace)...
(DEBUG) --> File is excluded.
(DEBUG) Finding source file corresponding to a gcov data file
  gcov_fname   /home/rodrigo/zephyr-course_ram/twister-out/kthread.h##3887c82394eb1cae4bd9b6e72588a2b1.gcov
  current_dir  /home/rodrigo/zephyr-course_ram/twister-out
  root         /home/rodrigo/zephyr-course_ram/app/modules/ring_buf
  starting_dir /home/rodrigo/zephyr-course_ram
  obj_dir      /home/rodrigo/zephyr-course_ram/twister-out
  gcda_fname   native_sim_native/host_gnu/zephyr-course_ram/tests/ring_buf/homework.unit.ring_buf/zephyr/kernel/CMakeFiles/kernel.dir/msg_q.c.gcno
  --> fname    /home/rodrigo/zephyrproject/zephyr/kernel/include/kthread.h
(DEBUG) Check if /home/rodrigo/zephyrproject/zephyr/kernel/include/kthread.h is included (source file)...
(DEBUG) --> File is excluded.
(DEBUG) Check if /home/rodrigo/zephyr-course_ram/twister-out/spinlock.h##d84264fdde7bca8b949809fef8cbefdd.gcov is included (trace)...
(DEBUG) --> File is excluded.
(DEBUG) Finding source file corresponding to a gcov data file
  gcov_fname   /home/rodrigo/zephyr-course_ram/twister-out/spinlock.h##d84264fdde7bca8b949809fef8cbefdd.gcov
  current_dir  /home/rodrigo/zephyr-course_ram/twister-out
  root         /home/rodrigo/zephyr-course_ram/app/modules/ring_buf
  starting_dir /home/rodrigo/zephyr-course_ram
  obj_dir      /home/rodrigo/zephyr-course_ram/twister-out
  gcda_fname   native_sim_native/host_gnu/zephyr-course_ram/tests/ring_buf/homework.unit.ring_buf/zephyr/kernel/CMakeFiles/kernel.dir/msg_q.c.gcno
  --> fname    /home/rodrigo/zephyrproject/zephyr/include/zephyr/spinlock.h
(DEBUG) Check if /home/rodrigo/zephyrproject/zephyr/include/zephyr/spinlock.h is included (source file)...
(DEBUG) --> File is excluded.
(DEBUG) Check if /home/rodrigo/zephyr-course_ram/twister-out/msg_q.c##f212cfb6fba6d4dcd4f274611fcf5141.gcov is included (trace)...
(DEBUG)   No filter matched.
(DEBUG) --> File is excluded.
(DEBUG) Finding source file corresponding to a gcov data file
  gcov_fname   /home/rodrigo/zephyr-course_ram/twister-out/msg_q.c##f212cfb6fba6d4dcd4f274611fcf5141.gcov
  current_dir  /home/rodrigo/zephyr-course_ram/twister-out
  root         /home/rodrigo/zephyr-course_ram/app/modules/ring_buf
  starting_dir /home/rodrigo/zephyr-course_ram
  obj_dir      /home/rodrigo/zephyr-course_ram/twister-out
  gcda_fname   native_sim_native/host_gnu/zephyr-course_ram/tests/ring_buf/homework.unit.ring_buf/zephyr/kernel/CMakeFiles/kernel.dir/msg_q.c.gcno
  --> fname    /home/rodrigo/zephyrproject/zephyr/kernel/msg_q.c
(DEBUG) Check if /home/rodrigo/zephyrproject/zephyr/kernel/msg_q.c is included (source file)...
(DEBUG)   No filter matched.
(DEBUG) --> File is excluded.
(DEBUG) Check if /home/rodrigo/zephyr-course_ram/twister-out/priority_q.h##99147f16078ebc096e4d103f378ac7d3.gcov is included (trace)...
(DEBUG) --> File is excluded.
(DEBUG) Finding source file corresponding to a gcov data file
  gcov_fname   /home/rodrigo/zephyr-course_ram/twister-out/priority_q.h##99147f16078ebc096e4d103f378ac7d3.gcov
  current_dir  /home/rodrigo/zephyr-course_ram/twister-out
  root         /home/rodrigo/zephyr-course_ram/app/modules/ring_buf
  starting_dir /home/rodrigo/zephyr-course_ram
  obj_dir      /home/rodrigo/zephyr-course_ram/twister-out
  gcda_fname   native_sim_native/host_gnu/zephyr-course_ram/tests/ring_buf/homework.unit.ring_buf/zephyr/kernel/CMakeFiles/kernel.dir/msg_q.c.gcno
  --> fname    /home/rodrigo/zephyrproject/zephyr/kernel/include/priority_q.h
(DEBUG) Check if /home/rodrigo/zephyrproject/zephyr/kernel/include/priority_q.h is included (source file)...
(DEBUG) --> File is excluded.
(DEBUG) Check if /home/rodrigo/zephyr-course_ram/twister-out/ksched.h##172c555d5b2e2629e8c5e6360532febc.gcov is included (trace)...
(DEBUG) --> File is excluded.
(DEBUG) Finding source file corresponding to a gcov data file
  gcov_fname   /home/rodrigo/zephyr-course_ram/twister-out/ksched.h##172c555d5b2e2629e8c5e6360532febc.gcov
  current_dir  /home/rodrigo/zephyr-course_ram/twister-out
  root         /home/rodrigo/zephyr-course_ram/app/modules/ring_buf
  starting_dir /home/rodrigo/zephyr-course_ram
  obj_dir      /home/rodrigo/zephyr-course_ram/twister-out
  gcda_fname   native_sim_native/host_gnu/zephyr-course_ram/tests/ring_buf/homework.unit.ring_buf/zephyr/kernel/CMakeFiles/kernel.dir/msg_q.c.gcno
  --> fname    /home/rodrigo/zephyrproject/zephyr/kernel/include/ksched.h
(DEBUG) Check if /home/rodrigo/zephyrproject/zephyr/kernel/include/ksched.h is included (source file)...
(DEBUG) --> File is excluded.
(DEBUG) Check if /home/rodrigo/zephyr-course_ram/twister-out/timeout_q.h##c6366127490abe4c065d005513ed50b8.gcov is included (trace)...
(DEBUG) --> File is excluded.
(DEBUG) Finding source file corresponding to a gcov data file
  gcov_fname   /home/rodrigo/zephyr-course_ram/twister-out/timeout_q.h##c6366127490abe4c065d005513ed50b8.gcov
  current_dir  /home/rodrigo/zephyr-course_ram/twister-out
  root         /home/rodrigo/zephyr-course_ram/app/modules/ring_buf
  starting_dir /home/rodrigo/zephyr-course_ram
  obj_dir      /home/rodrigo/zephyr-course_ram/twister-out
  gcda_fname   native_sim_native/host_gnu/zephyr-course_ram/tests/ring_buf/homework.unit.ring_buf/zephyr/kernel/CMakeFiles/kernel.dir/msg_q.c.gcno
  --> fname    /home/rodrigo/zephyrproject/zephyr/kernel/include/timeout_q.h
(DEBUG) Check if /home/rodrigo/zephyrproject/zephyr/kernel/include/timeout_q.h is included (source file)...
(DEBUG) --> File is excluded.
(DEBUG) Check if /home/rodrigo/zephyr-course_ram/twister-out/wait_q.h##8d032c01ad982a605e65d14d4975cccf.gcov is included (trace)...
(DEBUG) --> File is excluded.
(DEBUG) Finding source file corresponding to a gcov data file
  gcov_fname   /home/rodrigo/zephyr-course_ram/twister-out/wait_q.h##8d032c01ad982a605e65d14d4975cccf.gcov
  current_dir  /home/rodrigo/zephyr-course_ram/twister-out
  root         /home/rodrigo/zephyr-course_ram/app/modules/ring_buf
  starting_dir /home/rodrigo/zephyr-course_ram
  obj_dir      /home/rodrigo/zephyr-course_ram/twister-out
  gcda_fname   native_sim_native/host_gnu/zephyr-course_ram/tests/ring_buf/homework.unit.ring_buf/zephyr/kernel/CMakeFiles/kernel.dir/msg_q.c.gcno
  --> fname    /home/rodrigo/zephyrproject/zephyr/kernel/include/wait_q.h
(DEBUG) Check if /home/rodrigo/zephyrproject/zephyr/kernel/include/wait_q.h is included (source file)...
(DEBUG) --> File is excluded.
(DEBUG) Check if /home/rodrigo/zephyr-course_ram/twister-out/native_sim_native/host_gnu/zephyr-course_ram/tests/ring_buf/homework.unit.ring_buf/zephyr/kernel/CMakeFiles/kernel.dir/mutex.c.gcno is included (trace)...
(DEBUG)   No filter matched.
(DEBUG) --> File is excluded.
(DEBUG) Check if /home/rodrigo/zephyr-course_ram/twister-out/native_sim_native/host_gnu/zephyr-course_ram/tests/ring_buf/homework.unit.ring_buf/zephyr/kernel/CMakeFiles/kernel.dir/mutex.c.gcno is included (trace)...
(DEBUG) --> File is excluded.
(DEBUG) Check if mutex.c##1d5859b74925f7910c9e560459271a44.gcov is included (gcov file)...
(DEBUG)   Filter AlwaysMatchFilter() matched.
(DEBUG) --> File is included.
(DEBUG) Check if log_msg.h##fe60156c532143d1e30e21c32299f503.gcov is included (gcov file)...
(DEBUG) --> File is included.
(DEBUG) Check if wait_q.h##8d032c01ad982a605e65d14d4975cccf.gcov is included (gcov file)...
(DEBUG) --> File is included.
(DEBUG) Check if ksched.h##172c555d5b2e2629e8c5e6360532febc.gcov is included (gcov file)...
(DEBUG) --> File is included.
(DEBUG) Check if priority_q.h##99147f16078ebc096e4d103f378ac7d3.gcov is included (gcov file)...
(DEBUG) --> File is included.
(DEBUG) Check if kthread.h##3887c82394eb1cae4bd9b6e72588a2b1.gcov is included (gcov file)...
(DEBUG) --> File is included.
(DEBUG) Check if timeout_q.h##c6366127490abe4c065d005513ed50b8.gcov is included (gcov file)...
(DEBUG) --> File is included.
(DEBUG) Check if kernel_arch_func.h##580562feec2edfd32c5a873362c5c8d2.gcov is included (gcov file)...
(DEBUG) --> File is included.
(DEBUG) Check if kobject_internal.h##dca6fbe52c3225f96b4d07c0f7f6cb30.gcov is included (gcov file)...
(DEBUG) --> File is included.
(DEBUG) Check if spinlock.h##d84264fdde7bca8b949809fef8cbefdd.gcov is included (gcov file)...
(DEBUG) --> File is included.
(DEBUG) Check if arch.h##239ee5cbaf1f4f5309f62049e6f0de61.gcov is included (gcov file)...
(DEBUG) --> File is included.
(DEBUG) Check if dlist.h##3219a21b45bb2c61f5ea102d5482e32e.gcov is included (gcov file)...
(DEBUG) --> File is included.
(DEBUG) Check if /home/rodrigo/zephyr-course_ram/twister-out/arch.h##239ee5cbaf1f4f5309f62049e6f0de61.gcov is included (trace)...
(DEBUG) --> File is excluded.
(DEBUG) Finding source file corresponding to a gcov data file
  gcov_fname   /home/rodrigo/zephyr-course_ram/twister-out/arch.h##239ee5cbaf1f4f5309f62049e6f0de61.gcov
  current_dir  /home/rodrigo/zephyr-course_ram/twister-out
  root         /home/rodrigo/zephyr-course_ram/app/modules/ring_buf
  starting_dir /home/rodrigo/zephyr-course_ram
  obj_dir      /home/rodrigo/zephyr-course_ram/twister-out
  gcda_fname   native_sim_native/host_gnu/zephyr-course_ram/tests/ring_buf/homework.unit.ring_buf/zephyr/kernel/CMakeFiles/kernel.dir/mutex.c.gcno
  --> fname    /home/rodrigo/zephyrproject/zephyr/include/zephyr/arch/posix/arch.h
(DEBUG) Check if /home/rodrigo/zephyrproject/zephyr/include/zephyr/arch/posix/arch.h is included (source file)...
(DEBUG) --> File is excluded.
(DEBUG) Check if /home/rodrigo/zephyr-course_ram/twister-out/log_msg.h##fe60156c532143d1e30e21c32299f503.gcov is included (trace)...
(DEBUG) --> File is excluded.
(DEBUG) Finding source file corresponding to a gcov data file
  gcov_fname   /home/rodrigo/zephyr-course_ram/twister-out/log_msg.h##fe60156c532143d1e30e21c32299f503.gcov
  current_dir  /home/rodrigo/zephyr-course_ram/twister-out
  root         /home/rodrigo/zephyr-course_ram/app/modules/ring_buf
  starting_dir /home/rodrigo/zephyr-course_ram
  obj_dir      /home/rodrigo/zephyr-course_ram/twister-out
  gcda_fname   native_sim_native/host_gnu/zephyr-course_ram/tests/ring_buf/homework.unit.ring_buf/zephyr/kernel/CMakeFiles/kernel.dir/mutex.c.gcno
  --> fname    /home/rodrigo/zephyrproject/zephyr/include/zephyr/logging/log_msg.h
(DEBUG) Check if /home/rodrigo/zephyrproject/zephyr/include/zephyr/logging/log_msg.h is included (source file)...
(DEBUG) --> File is excluded.
(DEBUG) Check if /home/rodrigo/zephyr-course_ram/twister-out/kobject_internal.h##dca6fbe52c3225f96b4d07c0f7f6cb30.gcov is included (trace)...
(DEBUG) --> File is excluded.
(DEBUG) Finding source file corresponding to a gcov data file
  gcov_fname   /home/rodrigo/zephyr-course_ram/twister-out/kobject_internal.h##dca6fbe52c3225f96b4d07c0f7f6cb30.gcov
  current_dir  /home/rodrigo/zephyr-course_ram/twister-out
  root         /home/rodrigo/zephyr-course_ram/app/modules/ring_buf
  starting_dir /home/rodrigo/zephyr-course_ram
  obj_dir      /home/rodrigo/zephyr-course_ram/twister-out
  gcda_fname   native_sim_native/host_gnu/zephyr-course_ram/tests/ring_buf/homework.unit.ring_buf/zephyr/kernel/CMakeFiles/kernel.dir/mutex.c.gcno
  --> fname    /home/rodrigo/zephyrproject/zephyr/include/zephyr/sys/internal/kobject_internal.h
(DEBUG) Check if /home/rodrigo/zephyrproject/zephyr/include/zephyr/sys/internal/kobject_internal.h is included (source file)...
(DEBUG) --> File is excluded.
(DEBUG) Check if /home/rodrigo/zephyr-course_ram/twister-out/dlist.h##3219a21b45bb2c61f5ea102d5482e32e.gcov is included (trace)...
(DEBUG) --> File is excluded.
(DEBUG) Finding source file corresponding to a gcov data file
  gcov_fname   /home/rodrigo/zephyr-course_ram/twister-out/dlist.h##3219a21b45bb2c61f5ea102d5482e32e.gcov
  current_dir  /home/rodrigo/zephyr-course_ram/twister-out
  root         /home/rodrigo/zephyr-course_ram/app/modules/ring_buf
  starting_dir /home/rodrigo/zephyr-course_ram
  obj_dir      /home/rodrigo/zephyr-course_ram/twister-out
  gcda_fname   native_sim_native/host_gnu/zephyr-course_ram/tests/ring_buf/homework.unit.ring_buf/zephyr/kernel/CMakeFiles/kernel.dir/mutex.c.gcno
  --> fname    /home/rodrigo/zephyrproject/zephyr/include/zephyr/sys/dlist.h
(DEBUG) Check if /home/rodrigo/zephyrproject/zephyr/include/zephyr/sys/dlist.h is included (source file)...
(DEBUG) --> File is excluded.
(DEBUG) Check if /home/rodrigo/zephyr-course_ram/twister-out/kernel_arch_func.h##580562feec2edfd32c5a873362c5c8d2.gcov is included (trace)...
(DEBUG) --> File is excluded.
(DEBUG) Finding source file corresponding to a gcov data file
  gcov_fname   /home/rodrigo/zephyr-course_ram/twister-out/kernel_arch_func.h##580562feec2edfd32c5a873362c5c8d2.gcov
  current_dir  /home/rodrigo/zephyr-course_ram/twister-out
  root         /home/rodrigo/zephyr-course_ram/app/modules/ring_buf
  starting_dir /home/rodrigo/zephyr-course_ram
  obj_dir      /home/rodrigo/zephyr-course_ram/twister-out
  gcda_fname   native_sim_native/host_gnu/zephyr-course_ram/tests/ring_buf/homework.unit.ring_buf/zephyr/kernel/CMakeFiles/kernel.dir/mutex.c.gcno
  --> fname    /home/rodrigo/zephyrproject/zephyr/arch/posix/include/kernel_arch_func.h
(DEBUG) Check if /home/rodrigo/zephyrproject/zephyr/arch/posix/include/kernel_arch_func.h is included (source file)...
(DEBUG) --> File is excluded.
(DEBUG) Check if /home/rodrigo/zephyr-course_ram/twister-out/mutex.c##1d5859b74925f7910c9e560459271a44.gcov is included (trace)...
(DEBUG)   No filter matched.
(DEBUG) --> File is excluded.
(DEBUG) Finding source file corresponding to a gcov data file
  gcov_fname   /home/rodrigo/zephyr-course_ram/twister-out/mutex.c##1d5859b74925f7910c9e560459271a44.gcov
  current_dir  /home/rodrigo/zephyr-course_ram/twister-out
  root         /home/rodrigo/zephyr-course_ram/app/modules/ring_buf
  starting_dir /home/rodrigo/zephyr-course_ram
  obj_dir      /home/rodrigo/zephyr-course_ram/twister-out
  gcda_fname   native_sim_native/host_gnu/zephyr-course_ram/tests/ring_buf/homework.unit.ring_buf/zephyr/kernel/CMakeFiles/kernel.dir/mutex.c.gcno
  --> fname    /home/rodrigo/zephyrproject/zephyr/kernel/mutex.c
(DEBUG) Check if /home/rodrigo/zephyrproject/zephyr/kernel/mutex.c is included (source file)...
(DEBUG)   No filter matched.
(DEBUG) --> File is excluded.
(DEBUG) Check if /home/rodrigo/zephyr-course_ram/twister-out/kthread.h##3887c82394eb1cae4bd9b6e72588a2b1.gcov is included (trace)...
(DEBUG) --> File is excluded.
(DEBUG) Finding source file corresponding to a gcov data file
  gcov_fname   /home/rodrigo/zephyr-course_ram/twister-out/kthread.h##3887c82394eb1cae4bd9b6e72588a2b1.gcov
  current_dir  /home/rodrigo/zephyr-course_ram/twister-out
  root         /home/rodrigo/zephyr-course_ram/app/modules/ring_buf
  starting_dir /home/rodrigo/zephyr-course_ram
  obj_dir      /home/rodrigo/zephyr-course_ram/twister-out
  gcda_fname   native_sim_native/host_gnu/zephyr-course_ram/tests/ring_buf/homework.unit.ring_buf/zephyr/kernel/CMakeFiles/kernel.dir/mutex.c.gcno
  --> fname    /home/rodrigo/zephyrproject/zephyr/kernel/include/kthread.h
(DEBUG) Check if /home/rodrigo/zephyrproject/zephyr/kernel/include/kthread.h is included (source file)...
(DEBUG) --> File is excluded.
(DEBUG) Check if /home/rodrigo/zephyr-course_ram/twister-out/spinlock.h##d84264fdde7bca8b949809fef8cbefdd.gcov is included (trace)...
(DEBUG) --> File is excluded.
(DEBUG) Finding source file corresponding to a gcov data file
  gcov_fname   /home/rodrigo/zephyr-course_ram/twister-out/spinlock.h##d84264fdde7bca8b949809fef8cbefdd.gcov
  current_dir  /home/rodrigo/zephyr-course_ram/twister-out
  root         /home/rodrigo/zephyr-course_ram/app/modules/ring_buf
  starting_dir /home/rodrigo/zephyr-course_ram
  obj_dir      /home/rodrigo/zephyr-course_ram/twister-out
  gcda_fname   native_sim_native/host_gnu/zephyr-course_ram/tests/ring_buf/homework.unit.ring_buf/zephyr/kernel/CMakeFiles/kernel.dir/mutex.c.gcno
  --> fname    /home/rodrigo/zephyrproject/zephyr/include/zephyr/spinlock.h
(DEBUG) Check if /home/rodrigo/zephyrproject/zephyr/include/zephyr/spinlock.h is included (source file)...
(DEBUG) --> File is excluded.
(DEBUG) Check if /home/rodrigo/zephyr-course_ram/twister-out/priority_q.h##99147f16078ebc096e4d103f378ac7d3.gcov is included (trace)...
(DEBUG) --> File is excluded.
(DEBUG) Finding source file corresponding to a gcov data file
  gcov_fname   /home/rodrigo/zephyr-course_ram/twister-out/priority_q.h##99147f16078ebc096e4d103f378ac7d3.gcov
  current_dir  /home/rodrigo/zephyr-course_ram/twister-out
  root         /home/rodrigo/zephyr-course_ram/app/modules/ring_buf
  starting_dir /home/rodrigo/zephyr-course_ram
  obj_dir      /home/rodrigo/zephyr-course_ram/twister-out
  gcda_fname   native_sim_native/host_gnu/zephyr-course_ram/tests/ring_buf/homework.unit.ring_buf/zephyr/kernel/CMakeFiles/kernel.dir/mutex.c.gcno
  --> fname    /home/rodrigo/zephyrproject/zephyr/kernel/include/priority_q.h
(DEBUG) Check if /home/rodrigo/zephyrproject/zephyr/kernel/include/priority_q.h is included (source file)...
(DEBUG) --> File is excluded.
(DEBUG) Check if /home/rodrigo/zephyr-course_ram/twister-out/ksched.h##172c555d5b2e2629e8c5e6360532febc.gcov is included (trace)...
(DEBUG) --> File is excluded.
(DEBUG) Finding source file corresponding to a gcov data file
  gcov_fname   /home/rodrigo/zephyr-course_ram/twister-out/ksched.h##172c555d5b2e2629e8c5e6360532febc.gcov
  current_dir  /home/rodrigo/zephyr-course_ram/twister-out
  root         /home/rodrigo/zephyr-course_ram/app/modules/ring_buf
  starting_dir /home/rodrigo/zephyr-course_ram
  obj_dir      /home/rodrigo/zephyr-course_ram/twister-out
  gcda_fname   native_sim_native/host_gnu/zephyr-course_ram/tests/ring_buf/homework.unit.ring_buf/zephyr/kernel/CMakeFiles/kernel.dir/mutex.c.gcno
  --> fname    /home/rodrigo/zephyrproject/zephyr/kernel/include/ksched.h
(DEBUG) Check if /home/rodrigo/zephyrproject/zephyr/kernel/include/ksched.h is included (source file)...
(DEBUG) --> File is excluded.
(DEBUG) Check if /home/rodrigo/zephyr-course_ram/twister-out/timeout_q.h##c6366127490abe4c065d005513ed50b8.gcov is included (trace)...
(DEBUG) --> File is excluded.
(DEBUG) Finding source file corresponding to a gcov data file
  gcov_fname   /home/rodrigo/zephyr-course_ram/twister-out/timeout_q.h##c6366127490abe4c065d005513ed50b8.gcov
  current_dir  /home/rodrigo/zephyr-course_ram/twister-out
  root         /home/rodrigo/zephyr-course_ram/app/modules/ring_buf
  starting_dir /home/rodrigo/zephyr-course_ram
  obj_dir      /home/rodrigo/zephyr-course_ram/twister-out
  gcda_fname   native_sim_native/host_gnu/zephyr-course_ram/tests/ring_buf/homework.unit.ring_buf/zephyr/kernel/CMakeFiles/kernel.dir/mutex.c.gcno
  --> fname    /home/rodrigo/zephyrproject/zephyr/kernel/include/timeout_q.h
(DEBUG) Check if /home/rodrigo/zephyrproject/zephyr/kernel/include/timeout_q.h is included (source file)...
(DEBUG) --> File is excluded.
(DEBUG) Check if /home/rodrigo/zephyr-course_ram/twister-out/wait_q.h##8d032c01ad982a605e65d14d4975cccf.gcov is included (trace)...
(DEBUG) --> File is excluded.
(DEBUG) Finding source file corresponding to a gcov data file
  gcov_fname   /home/rodrigo/zephyr-course_ram/twister-out/wait_q.h##8d032c01ad982a605e65d14d4975cccf.gcov
  current_dir  /home/rodrigo/zephyr-course_ram/twister-out
  root         /home/rodrigo/zephyr-course_ram/app/modules/ring_buf
  starting_dir /home/rodrigo/zephyr-course_ram
  obj_dir      /home/rodrigo/zephyr-course_ram/twister-out
  gcda_fname   native_sim_native/host_gnu/zephyr-course_ram/tests/ring_buf/homework.unit.ring_buf/zephyr/kernel/CMakeFiles/kernel.dir/mutex.c.gcno
  --> fname    /home/rodrigo/zephyrproject/zephyr/kernel/include/wait_q.h
(DEBUG) Check if /home/rodrigo/zephyrproject/zephyr/kernel/include/wait_q.h is included (source file)...
(DEBUG) --> File is excluded.
(DEBUG) Check if /home/rodrigo/zephyr-course_ram/twister-out/native_sim_native/host_gnu/zephyr-course_ram/tests/ring_buf/homework.unit.ring_buf/zephyr/kernel/CMakeFiles/kernel.dir/pipe.c.gcno is included (trace)...
(DEBUG)   No filter matched.
(DEBUG) --> File is excluded.
(DEBUG) Check if /home/rodrigo/zephyr-course_ram/twister-out/native_sim_native/host_gnu/zephyr-course_ram/tests/ring_buf/homework.unit.ring_buf/zephyr/kernel/CMakeFiles/kernel.dir/pipe.c.gcno is included (trace)...
(DEBUG) --> File is excluded.
(DEBUG) Check if pipe.c##dae720269d9a04ed6990cff197bfaa54.gcov is included (gcov file)...
(DEBUG)   Filter AlwaysMatchFilter() matched.
(DEBUG) --> File is included.
(DEBUG) Check if wait_q.h##8d032c01ad982a605e65d14d4975cccf.gcov is included (gcov file)...
(DEBUG) --> File is included.
(DEBUG) Check if ksched.h##172c555d5b2e2629e8c5e6360532febc.gcov is included (gcov file)...
(DEBUG) --> File is included.
(DEBUG) Check if priority_q.h##99147f16078ebc096e4d103f378ac7d3.gcov is included (gcov file)...
(DEBUG) --> File is included.
(DEBUG) Check if kernel_internal.h##dca9100bcab2f1d67b3e4cb85a4aba72.gcov is included (gcov file)...
(DEBUG) --> File is included.
(DEBUG) Check if kthread.h##3887c82394eb1cae4bd9b6e72588a2b1.gcov is included (gcov file)...
(DEBUG) --> File is included.
(DEBUG) Check if timeout_q.h##c6366127490abe4c065d005513ed50b8.gcov is included (gcov file)...
(DEBUG) --> File is included.
(DEBUG) Check if kernel_arch_func.h##580562feec2edfd32c5a873362c5c8d2.gcov is included (gcov file)...
(DEBUG) --> File is included.
(DEBUG) Check if ring_buffer.h##8fa5bcb86fec24a9d5114ae8b797c0ba.gcov is included (gcov file)...
(DEBUG) --> File is included.
(DEBUG) Check if kobject_internal.h##dca6fbe52c3225f96b4d07c0f7f6cb30.gcov is included (gcov file)...
(DEBUG) --> File is included.
(DEBUG) Check if spinlock.h##d84264fdde7bca8b949809fef8cbefdd.gcov is included (gcov file)...
(DEBUG) --> File is included.
(DEBUG) Check if arch.h##239ee5cbaf1f4f5309f62049e6f0de61.gcov is included (gcov file)...
(DEBUG) --> File is included.
(DEBUG) Check if dlist.h##3219a21b45bb2c61f5ea102d5482e32e.gcov is included (gcov file)...
(DEBUG) --> File is included.
(DEBUG) Check if /home/rodrigo/zephyr-course_ram/twister-out/arch.h##239ee5cbaf1f4f5309f62049e6f0de61.gcov is included (trace)...
(DEBUG) --> File is excluded.
(DEBUG) Finding source file corresponding to a gcov data file
  gcov_fname   /home/rodrigo/zephyr-course_ram/twister-out/arch.h##239ee5cbaf1f4f5309f62049e6f0de61.gcov
  current_dir  /home/rodrigo/zephyr-course_ram/twister-out
  root         /home/rodrigo/zephyr-course_ram/app/modules/ring_buf
  starting_dir /home/rodrigo/zephyr-course_ram
  obj_dir      /home/rodrigo/zephyr-course_ram/twister-out
  gcda_fname   native_sim_native/host_gnu/zephyr-course_ram/tests/ring_buf/homework.unit.ring_buf/zephyr/kernel/CMakeFiles/kernel.dir/pipe.c.gcno
  --> fname    /home/rodrigo/zephyrproject/zephyr/include/zephyr/arch/posix/arch.h
(DEBUG) Check if /home/rodrigo/zephyrproject/zephyr/include/zephyr/arch/posix/arch.h is included (source file)...
(DEBUG) --> File is excluded.
(DEBUG) Check if /home/rodrigo/zephyr-course_ram/twister-out/ring_buffer.h##8fa5bcb86fec24a9d5114ae8b797c0ba.gcov is included (trace)...
(DEBUG) --> File is excluded.
(DEBUG) Finding source file corresponding to a gcov data file
  gcov_fname   /home/rodrigo/zephyr-course_ram/twister-out/ring_buffer.h##8fa5bcb86fec24a9d5114ae8b797c0ba.gcov
  current_dir  /home/rodrigo/zephyr-course_ram/twister-out
  root         /home/rodrigo/zephyr-course_ram/app/modules/ring_buf
  starting_dir /home/rodrigo/zephyr-course_ram
  obj_dir      /home/rodrigo/zephyr-course_ram/twister-out
  gcda_fname   native_sim_native/host_gnu/zephyr-course_ram/tests/ring_buf/homework.unit.ring_buf/zephyr/kernel/CMakeFiles/kernel.dir/pipe.c.gcno
  --> fname    /home/rodrigo/zephyrproject/zephyr/include/zephyr/sys/ring_buffer.h
(DEBUG) Check if /home/rodrigo/zephyrproject/zephyr/include/zephyr/sys/ring_buffer.h is included (source file)...
(DEBUG) --> File is excluded.
(DEBUG) Check if /home/rodrigo/zephyr-course_ram/twister-out/kernel_internal.h##dca9100bcab2f1d67b3e4cb85a4aba72.gcov is included (trace)...
(DEBUG) --> File is excluded.
(DEBUG) Finding source file corresponding to a gcov data file
  gcov_fname   /home/rodrigo/zephyr-course_ram/twister-out/kernel_internal.h##dca9100bcab2f1d67b3e4cb85a4aba72.gcov
  current_dir  /home/rodrigo/zephyr-course_ram/twister-out
  root         /home/rodrigo/zephyr-course_ram/app/modules/ring_buf
  starting_dir /home/rodrigo/zephyr-course_ram
  obj_dir      /home/rodrigo/zephyr-course_ram/twister-out
  gcda_fname   native_sim_native/host_gnu/zephyr-course_ram/tests/ring_buf/homework.unit.ring_buf/zephyr/kernel/CMakeFiles/kernel.dir/pipe.c.gcno
  --> fname    /home/rodrigo/zephyrproject/zephyr/kernel/include/kernel_internal.h
(DEBUG) Check if /home/rodrigo/zephyrproject/zephyr/kernel/include/kernel_internal.h is included (source file)...
(DEBUG) --> File is excluded.
(DEBUG) Check if /home/rodrigo/zephyr-course_ram/twister-out/kobject_internal.h##dca6fbe52c3225f96b4d07c0f7f6cb30.gcov is included (trace)...
(DEBUG) --> File is excluded.
(DEBUG) Finding source file corresponding to a gcov data file
  gcov_fname   /home/rodrigo/zephyr-course_ram/twister-out/kobject_internal.h##dca6fbe52c3225f96b4d07c0f7f6cb30.gcov
  current_dir  /home/rodrigo/zephyr-course_ram/twister-out
  root         /home/rodrigo/zephyr-course_ram/app/modules/ring_buf
  starting_dir /home/rodrigo/zephyr-course_ram
  obj_dir      /home/rodrigo/zephyr-course_ram/twister-out
  gcda_fname   native_sim_native/host_gnu/zephyr-course_ram/tests/ring_buf/homework.unit.ring_buf/zephyr/kernel/CMakeFiles/kernel.dir/pipe.c.gcno
  --> fname    /home/rodrigo/zephyrproject/zephyr/include/zephyr/sys/internal/kobject_internal.h
(DEBUG) Check if /home/rodrigo/zephyrproject/zephyr/include/zephyr/sys/internal/kobject_internal.h is included (source file)...
(DEBUG) --> File is excluded.
(DEBUG) Check if /home/rodrigo/zephyr-course_ram/twister-out/dlist.h##3219a21b45bb2c61f5ea102d5482e32e.gcov is included (trace)...
(DEBUG) --> File is excluded.
(DEBUG) Finding source file corresponding to a gcov data file
  gcov_fname   /home/rodrigo/zephyr-course_ram/twister-out/dlist.h##3219a21b45bb2c61f5ea102d5482e32e.gcov
  current_dir  /home/rodrigo/zephyr-course_ram/twister-out
  root         /home/rodrigo/zephyr-course_ram/app/modules/ring_buf
  starting_dir /home/rodrigo/zephyr-course_ram
  obj_dir      /home/rodrigo/zephyr-course_ram/twister-out
  gcda_fname   native_sim_native/host_gnu/zephyr-course_ram/tests/ring_buf/homework.unit.ring_buf/zephyr/kernel/CMakeFiles/kernel.dir/pipe.c.gcno
  --> fname    /home/rodrigo/zephyrproject/zephyr/include/zephyr/sys/dlist.h
(DEBUG) Check if /home/rodrigo/zephyrproject/zephyr/include/zephyr/sys/dlist.h is included (source file)...
(DEBUG) --> File is excluded.
(DEBUG) Check if /home/rodrigo/zephyr-course_ram/twister-out/kernel_arch_func.h##580562feec2edfd32c5a873362c5c8d2.gcov is included (trace)...
(DEBUG) --> File is excluded.
(DEBUG) Finding source file corresponding to a gcov data file
  gcov_fname   /home/rodrigo/zephyr-course_ram/twister-out/kernel_arch_func.h##580562feec2edfd32c5a873362c5c8d2.gcov
  current_dir  /home/rodrigo/zephyr-course_ram/twister-out
  root         /home/rodrigo/zephyr-course_ram/app/modules/ring_buf
  starting_dir /home/rodrigo/zephyr-course_ram
  obj_dir      /home/rodrigo/zephyr-course_ram/twister-out
  gcda_fname   native_sim_native/host_gnu/zephyr-course_ram/tests/ring_buf/homework.unit.ring_buf/zephyr/kernel/CMakeFiles/kernel.dir/pipe.c.gcno
  --> fname    /home/rodrigo/zephyrproject/zephyr/arch/posix/include/kernel_arch_func.h
(DEBUG) Check if /home/rodrigo/zephyrproject/zephyr/arch/posix/include/kernel_arch_func.h is included (source file)...
(DEBUG) --> File is excluded.
(DEBUG) Check if /home/rodrigo/zephyr-course_ram/twister-out/kthread.h##3887c82394eb1cae4bd9b6e72588a2b1.gcov is included (trace)...
(DEBUG) --> File is excluded.
(DEBUG) Finding source file corresponding to a gcov data file
  gcov_fname   /home/rodrigo/zephyr-course_ram/twister-out/kthread.h##3887c82394eb1cae4bd9b6e72588a2b1.gcov
  current_dir  /home/rodrigo/zephyr-course_ram/twister-out
  root         /home/rodrigo/zephyr-course_ram/app/modules/ring_buf
  starting_dir /home/rodrigo/zephyr-course_ram
  obj_dir      /home/rodrigo/zephyr-course_ram/twister-out
  gcda_fname   native_sim_native/host_gnu/zephyr-course_ram/tests/ring_buf/homework.unit.ring_buf/zephyr/kernel/CMakeFiles/kernel.dir/pipe.c.gcno
  --> fname    /home/rodrigo/zephyrproject/zephyr/kernel/include/kthread.h
(DEBUG) Check if /home/rodrigo/zephyrproject/zephyr/kernel/include/kthread.h is included (source file)...
(DEBUG) --> File is excluded.
(DEBUG) Check if /home/rodrigo/zephyr-course_ram/twister-out/spinlock.h##d84264fdde7bca8b949809fef8cbefdd.gcov is included (trace)...
(DEBUG) --> File is excluded.
(DEBUG) Finding source file corresponding to a gcov data file
  gcov_fname   /home/rodrigo/zephyr-course_ram/twister-out/spinlock.h##d84264fdde7bca8b949809fef8cbefdd.gcov
  current_dir  /home/rodrigo/zephyr-course_ram/twister-out
  root         /home/rodrigo/zephyr-course_ram/app/modules/ring_buf
  starting_dir /home/rodrigo/zephyr-course_ram
  obj_dir      /home/rodrigo/zephyr-course_ram/twister-out
  gcda_fname   native_sim_native/host_gnu/zephyr-course_ram/tests/ring_buf/homework.unit.ring_buf/zephyr/kernel/CMakeFiles/kernel.dir/pipe.c.gcno
  --> fname    /home/rodrigo/zephyrproject/zephyr/include/zephyr/spinlock.h
(DEBUG) Check if /home/rodrigo/zephyrproject/zephyr/include/zephyr/spinlock.h is included (source file)...
(DEBUG) --> File is excluded.
(DEBUG) Check if /home/rodrigo/zephyr-course_ram/twister-out/priority_q.h##99147f16078ebc096e4d103f378ac7d3.gcov is included (trace)...
(DEBUG) --> File is excluded.
(DEBUG) Finding source file corresponding to a gcov data file
  gcov_fname   /home/rodrigo/zephyr-course_ram/twister-out/priority_q.h##99147f16078ebc096e4d103f378ac7d3.gcov
  current_dir  /home/rodrigo/zephyr-course_ram/twister-out
  root         /home/rodrigo/zephyr-course_ram/app/modules/ring_buf
  starting_dir /home/rodrigo/zephyr-course_ram
  obj_dir      /home/rodrigo/zephyr-course_ram/twister-out
  gcda_fname   native_sim_native/host_gnu/zephyr-course_ram/tests/ring_buf/homework.unit.ring_buf/zephyr/kernel/CMakeFiles/kernel.dir/pipe.c.gcno
  --> fname    /home/rodrigo/zephyrproject/zephyr/kernel/include/priority_q.h
(DEBUG) Check if /home/rodrigo/zephyrproject/zephyr/kernel/include/priority_q.h is included (source file)...
(DEBUG) --> File is excluded.
(DEBUG) Check if /home/rodrigo/zephyr-course_ram/twister-out/ksched.h##172c555d5b2e2629e8c5e6360532febc.gcov is included (trace)...
(DEBUG) --> File is excluded.
(DEBUG) Finding source file corresponding to a gcov data file
  gcov_fname   /home/rodrigo/zephyr-course_ram/twister-out/ksched.h##172c555d5b2e2629e8c5e6360532febc.gcov
  current_dir  /home/rodrigo/zephyr-course_ram/twister-out
  root         /home/rodrigo/zephyr-course_ram/app/modules/ring_buf
  starting_dir /home/rodrigo/zephyr-course_ram
  obj_dir      /home/rodrigo/zephyr-course_ram/twister-out
  gcda_fname   native_sim_native/host_gnu/zephyr-course_ram/tests/ring_buf/homework.unit.ring_buf/zephyr/kernel/CMakeFiles/kernel.dir/pipe.c.gcno
  --> fname    /home/rodrigo/zephyrproject/zephyr/kernel/include/ksched.h
(DEBUG) Check if /home/rodrigo/zephyrproject/zephyr/kernel/include/ksched.h is included (source file)...
(DEBUG) --> File is excluded.
(DEBUG) Check if /home/rodrigo/zephyr-course_ram/twister-out/timeout_q.h##c6366127490abe4c065d005513ed50b8.gcov is included (trace)...
(DEBUG) --> File is excluded.
(DEBUG) Finding source file corresponding to a gcov data file
  gcov_fname   /home/rodrigo/zephyr-course_ram/twister-out/timeout_q.h##c6366127490abe4c065d005513ed50b8.gcov
  current_dir  /home/rodrigo/zephyr-course_ram/twister-out
  root         /home/rodrigo/zephyr-course_ram/app/modules/ring_buf
  starting_dir /home/rodrigo/zephyr-course_ram
  obj_dir      /home/rodrigo/zephyr-course_ram/twister-out
  gcda_fname   native_sim_native/host_gnu/zephyr-course_ram/tests/ring_buf/homework.unit.ring_buf/zephyr/kernel/CMakeFiles/kernel.dir/pipe.c.gcno
  --> fname    /home/rodrigo/zephyrproject/zephyr/kernel/include/timeout_q.h
(DEBUG) Check if /home/rodrigo/zephyrproject/zephyr/kernel/include/timeout_q.h is included (source file)...
(DEBUG) --> File is excluded.
(DEBUG) Check if /home/rodrigo/zephyr-course_ram/twister-out/pipe.c##dae720269d9a04ed6990cff197bfaa54.gcov is included (trace)...
(DEBUG)   No filter matched.
(DEBUG) --> File is excluded.
(DEBUG) Finding source file corresponding to a gcov data file
  gcov_fname   /home/rodrigo/zephyr-course_ram/twister-out/pipe.c##dae720269d9a04ed6990cff197bfaa54.gcov
  current_dir  /home/rodrigo/zephyr-course_ram/twister-out
  root         /home/rodrigo/zephyr-course_ram/app/modules/ring_buf
  starting_dir /home/rodrigo/zephyr-course_ram
  obj_dir      /home/rodrigo/zephyr-course_ram/twister-out
  gcda_fname   native_sim_native/host_gnu/zephyr-course_ram/tests/ring_buf/homework.unit.ring_buf/zephyr/kernel/CMakeFiles/kernel.dir/pipe.c.gcno
  --> fname    /home/rodrigo/zephyrproject/zephyr/kernel/pipe.c
(DEBUG) Check if /home/rodrigo/zephyrproject/zephyr/kernel/pipe.c is included (source file)...
(DEBUG)   No filter matched.
(DEBUG) --> File is excluded.
(DEBUG) Check if /home/rodrigo/zephyr-course_ram/twister-out/wait_q.h##8d032c01ad982a605e65d14d4975cccf.gcov is included (trace)...
(DEBUG) --> File is excluded.
(DEBUG) Finding source file corresponding to a gcov data file
  gcov_fname   /home/rodrigo/zephyr-course_ram/twister-out/wait_q.h##8d032c01ad982a605e65d14d4975cccf.gcov
  current_dir  /home/rodrigo/zephyr-course_ram/twister-out
  root         /home/rodrigo/zephyr-course_ram/app/modules/ring_buf
  starting_dir /home/rodrigo/zephyr-course_ram
  obj_dir      /home/rodrigo/zephyr-course_ram/twister-out
  gcda_fname   native_sim_native/host_gnu/zephyr-course_ram/tests/ring_buf/homework.unit.ring_buf/zephyr/kernel/CMakeFiles/kernel.dir/pipe.c.gcno
  --> fname    /home/rodrigo/zephyrproject/zephyr/kernel/include/wait_q.h
(DEBUG) Check if /home/rodrigo/zephyrproject/zephyr/kernel/include/wait_q.h is included (source file)...
(DEBUG) --> File is excluded.
(DEBUG) Check if /home/rodrigo/zephyr-course_ram/twister-out/native_sim_native/host_gnu/zephyr-course_ram/tests/ring_buf/homework.unit.ring_buf/zephyr/kernel/CMakeFiles/kernel.dir/queue.c.gcno is included (trace)...
(DEBUG)   No filter matched.
(DEBUG) --> File is excluded.
(DEBUG) Check if /home/rodrigo/zephyr-course_ram/twister-out/native_sim_native/host_gnu/zephyr-course_ram/tests/ring_buf/homework.unit.ring_buf/zephyr/kernel/CMakeFiles/kernel.dir/queue.c.gcno is included (trace)...
(DEBUG) --> File is excluded.
(DEBUG) Check if queue.c##6df9c45812181fd3b073f0e505700ad4.gcov is included (gcov file)...
(DEBUG)   Filter AlwaysMatchFilter() matched.
(DEBUG) --> File is included.
(DEBUG) Check if ksched.h##172c555d5b2e2629e8c5e6360532febc.gcov is included (gcov file)...
(DEBUG) --> File is included.
(DEBUG) Check if kernel_internal.h##dca9100bcab2f1d67b3e4cb85a4aba72.gcov is included (gcov file)...
(DEBUG) --> File is included.
(DEBUG) Check if kthread.h##3887c82394eb1cae4bd9b6e72588a2b1.gcov is included (gcov file)...
(DEBUG) --> File is included.
(DEBUG) Check if kernel_arch_func.h##580562feec2edfd32c5a873362c5c8d2.gcov is included (gcov file)...
(DEBUG) --> File is included.
(DEBUG) Check if wait_q.h##8d032c01ad982a605e65d14d4975cccf.gcov is included (gcov file)...
(DEBUG) --> File is included.
(DEBUG) Check if priority_q.h##99147f16078ebc096e4d103f378ac7d3.gcov is included (gcov file)...
(DEBUG) --> File is included.
(DEBUG) Check if timeout_q.h##c6366127490abe4c065d005513ed50b8.gcov is included (gcov file)...
(DEBUG) --> File is included.
(DEBUG) Check if kobject_internal.h##dca6fbe52c3225f96b4d07c0f7f6cb30.gcov is included (gcov file)...
(DEBUG) --> File is included.
(DEBUG) Check if spinlock.h##d84264fdde7bca8b949809fef8cbefdd.gcov is included (gcov file)...
(DEBUG) --> File is included.
(DEBUG) Check if arch.h##239ee5cbaf1f4f5309f62049e6f0de61.gcov is included (gcov file)...
(DEBUG) --> File is included.
(DEBUG) Check if sflist.h##4b0e754160a576f6ba174d81210fe33d.gcov is included (gcov file)...
(DEBUG)   Filter AlwaysMatchFilter() matched.
(DEBUG) --> File is included.
(DEBUG) Check if slist.h##48084af0c7a478624712e6629c6036ca.gcov is included (gcov file)...
(DEBUG) --> File is included.
(DEBUG) Check if dlist.h##3219a21b45bb2c61f5ea102d5482e32e.gcov is included (gcov file)...
(DEBUG) --> File is included.
(DEBUG) Check if /home/rodrigo/zephyr-course_ram/twister-out/arch.h##239ee5cbaf1f4f5309f62049e6f0de61.gcov is included (trace)...
(DEBUG) --> File is excluded.
(DEBUG) Finding source file corresponding to a gcov data file
  gcov_fname   /home/rodrigo/zephyr-course_ram/twister-out/arch.h##239ee5cbaf1f4f5309f62049e6f0de61.gcov
  current_dir  /home/rodrigo/zephyr-course_ram/twister-out
  root         /home/rodrigo/zephyr-course_ram/app/modules/ring_buf
  starting_dir /home/rodrigo/zephyr-course_ram
  obj_dir      /home/rodrigo/zephyr-course_ram/twister-out
  gcda_fname   native_sim_native/host_gnu/zephyr-course_ram/tests/ring_buf/homework.unit.ring_buf/zephyr/kernel/CMakeFiles/kernel.dir/queue.c.gcno
  --> fname    /home/rodrigo/zephyrproject/zephyr/include/zephyr/arch/posix/arch.h
(DEBUG) Check if /home/rodrigo/zephyrproject/zephyr/include/zephyr/arch/posix/arch.h is included (source file)...
(DEBUG) --> File is excluded.
(DEBUG) Check if /home/rodrigo/zephyr-course_ram/twister-out/kernel_internal.h##dca9100bcab2f1d67b3e4cb85a4aba72.gcov is included (trace)...
(DEBUG) --> File is excluded.
(DEBUG) Finding source file corresponding to a gcov data file
  gcov_fname   /home/rodrigo/zephyr-course_ram/twister-out/kernel_internal.h##dca9100bcab2f1d67b3e4cb85a4aba72.gcov
  current_dir  /home/rodrigo/zephyr-course_ram/twister-out
  root         /home/rodrigo/zephyr-course_ram/app/modules/ring_buf
  starting_dir /home/rodrigo/zephyr-course_ram
  obj_dir      /home/rodrigo/zephyr-course_ram/twister-out
  gcda_fname   native_sim_native/host_gnu/zephyr-course_ram/tests/ring_buf/homework.unit.ring_buf/zephyr/kernel/CMakeFiles/kernel.dir/queue.c.gcno
  --> fname    /home/rodrigo/zephyrproject/zephyr/kernel/include/kernel_internal.h
(DEBUG) Check if /home/rodrigo/zephyrproject/zephyr/kernel/include/kernel_internal.h is included (source file)...
(DEBUG) --> File is excluded.
(DEBUG) Check if /home/rodrigo/zephyr-course_ram/twister-out/kobject_internal.h##dca6fbe52c3225f96b4d07c0f7f6cb30.gcov is included (trace)...
(DEBUG) --> File is excluded.
(DEBUG) Finding source file corresponding to a gcov data file
  gcov_fname   /home/rodrigo/zephyr-course_ram/twister-out/kobject_internal.h##dca6fbe52c3225f96b4d07c0f7f6cb30.gcov
  current_dir  /home/rodrigo/zephyr-course_ram/twister-out
  root         /home/rodrigo/zephyr-course_ram/app/modules/ring_buf
  starting_dir /home/rodrigo/zephyr-course_ram
  obj_dir      /home/rodrigo/zephyr-course_ram/twister-out
  gcda_fname   native_sim_native/host_gnu/zephyr-course_ram/tests/ring_buf/homework.unit.ring_buf/zephyr/kernel/CMakeFiles/kernel.dir/queue.c.gcno
  --> fname    /home/rodrigo/zephyrproject/zephyr/include/zephyr/sys/internal/kobject_internal.h
(DEBUG) Check if /home/rodrigo/zephyrproject/zephyr/include/zephyr/sys/internal/kobject_internal.h is included (source file)...
(DEBUG) --> File is excluded.
(DEBUG) Check if /home/rodrigo/zephyr-course_ram/twister-out/dlist.h##3219a21b45bb2c61f5ea102d5482e32e.gcov is included (trace)...
(DEBUG) --> File is excluded.
(DEBUG) Finding source file corresponding to a gcov data file
  gcov_fname   /home/rodrigo/zephyr-course_ram/twister-out/dlist.h##3219a21b45bb2c61f5ea102d5482e32e.gcov
  current_dir  /home/rodrigo/zephyr-course_ram/twister-out
  root         /home/rodrigo/zephyr-course_ram/app/modules/ring_buf
  starting_dir /home/rodrigo/zephyr-course_ram
  obj_dir      /home/rodrigo/zephyr-course_ram/twister-out
  gcda_fname   native_sim_native/host_gnu/zephyr-course_ram/tests/ring_buf/homework.unit.ring_buf/zephyr/kernel/CMakeFiles/kernel.dir/queue.c.gcno
  --> fname    /home/rodrigo/zephyrproject/zephyr/include/zephyr/sys/dlist.h
(DEBUG) Check if /home/rodrigo/zephyrproject/zephyr/include/zephyr/sys/dlist.h is included (source file)...
(DEBUG) --> File is excluded.
(DEBUG) Check if /home/rodrigo/zephyr-course_ram/twister-out/kernel_arch_func.h##580562feec2edfd32c5a873362c5c8d2.gcov is included (trace)...
(DEBUG) --> File is excluded.
(DEBUG) Finding source file corresponding to a gcov data file
  gcov_fname   /home/rodrigo/zephyr-course_ram/twister-out/kernel_arch_func.h##580562feec2edfd32c5a873362c5c8d2.gcov
  current_dir  /home/rodrigo/zephyr-course_ram/twister-out
  root         /home/rodrigo/zephyr-course_ram/app/modules/ring_buf
  starting_dir /home/rodrigo/zephyr-course_ram
  obj_dir      /home/rodrigo/zephyr-course_ram/twister-out
  gcda_fname   native_sim_native/host_gnu/zephyr-course_ram/tests/ring_buf/homework.unit.ring_buf/zephyr/kernel/CMakeFiles/kernel.dir/queue.c.gcno
  --> fname    /home/rodrigo/zephyrproject/zephyr/arch/posix/include/kernel_arch_func.h
(DEBUG) Check if /home/rodrigo/zephyrproject/zephyr/arch/posix/include/kernel_arch_func.h is included (source file)...
(DEBUG) --> File is excluded.
(DEBUG) Check if /home/rodrigo/zephyr-course_ram/twister-out/kthread.h##3887c82394eb1cae4bd9b6e72588a2b1.gcov is included (trace)...
(DEBUG) --> File is excluded.
(DEBUG) Finding source file corresponding to a gcov data file
  gcov_fname   /home/rodrigo/zephyr-course_ram/twister-out/kthread.h##3887c82394eb1cae4bd9b6e72588a2b1.gcov
  current_dir  /home/rodrigo/zephyr-course_ram/twister-out
  root         /home/rodrigo/zephyr-course_ram/app/modules/ring_buf
  starting_dir /home/rodrigo/zephyr-course_ram
  obj_dir      /home/rodrigo/zephyr-course_ram/twister-out
  gcda_fname   native_sim_native/host_gnu/zephyr-course_ram/tests/ring_buf/homework.unit.ring_buf/zephyr/kernel/CMakeFiles/kernel.dir/queue.c.gcno
  --> fname    /home/rodrigo/zephyrproject/zephyr/kernel/include/kthread.h
(DEBUG) Check if /home/rodrigo/zephyrproject/zephyr/kernel/include/kthread.h is included (source file)...
(DEBUG) --> File is excluded.
(DEBUG) Check if /home/rodrigo/zephyr-course_ram/twister-out/spinlock.h##d84264fdde7bca8b949809fef8cbefdd.gcov is included (trace)...
(DEBUG) --> File is excluded.
(DEBUG) Finding source file corresponding to a gcov data file
  gcov_fname   /home/rodrigo/zephyr-course_ram/twister-out/spinlock.h##d84264fdde7bca8b949809fef8cbefdd.gcov
  current_dir  /home/rodrigo/zephyr-course_ram/twister-out
  root         /home/rodrigo/zephyr-course_ram/app/modules/ring_buf
  starting_dir /home/rodrigo/zephyr-course_ram
  obj_dir      /home/rodrigo/zephyr-course_ram/twister-out
  gcda_fname   native_sim_native/host_gnu/zephyr-course_ram/tests/ring_buf/homework.unit.ring_buf/zephyr/kernel/CMakeFiles/kernel.dir/queue.c.gcno
  --> fname    /home/rodrigo/zephyrproject/zephyr/include/zephyr/spinlock.h
(DEBUG) Check if /home/rodrigo/zephyrproject/zephyr/include/zephyr/spinlock.h is included (source file)...
(DEBUG) --> File is excluded.
(DEBUG) Check if /home/rodrigo/zephyr-course_ram/twister-out/priority_q.h##99147f16078ebc096e4d103f378ac7d3.gcov is included (trace)...
(DEBUG) --> File is excluded.
(DEBUG) Finding source file corresponding to a gcov data file
  gcov_fname   /home/rodrigo/zephyr-course_ram/twister-out/priority_q.h##99147f16078ebc096e4d103f378ac7d3.gcov
  current_dir  /home/rodrigo/zephyr-course_ram/twister-out
  root         /home/rodrigo/zephyr-course_ram/app/modules/ring_buf
  starting_dir /home/rodrigo/zephyr-course_ram
  obj_dir      /home/rodrigo/zephyr-course_ram/twister-out
  gcda_fname   native_sim_native/host_gnu/zephyr-course_ram/tests/ring_buf/homework.unit.ring_buf/zephyr/kernel/CMakeFiles/kernel.dir/queue.c.gcno
  --> fname    /home/rodrigo/zephyrproject/zephyr/kernel/include/priority_q.h
(DEBUG) Check if /home/rodrigo/zephyrproject/zephyr/kernel/include/priority_q.h is included (source file)...
(DEBUG) --> File is excluded.
(DEBUG) Check if /home/rodrigo/zephyr-course_ram/twister-out/ksched.h##172c555d5b2e2629e8c5e6360532febc.gcov is included (trace)...
(DEBUG) --> File is excluded.
(DEBUG) Finding source file corresponding to a gcov data file
  gcov_fname   /home/rodrigo/zephyr-course_ram/twister-out/ksched.h##172c555d5b2e2629e8c5e6360532febc.gcov
  current_dir  /home/rodrigo/zephyr-course_ram/twister-out
  root         /home/rodrigo/zephyr-course_ram/app/modules/ring_buf
  starting_dir /home/rodrigo/zephyr-course_ram
  obj_dir      /home/rodrigo/zephyr-course_ram/twister-out
  gcda_fname   native_sim_native/host_gnu/zephyr-course_ram/tests/ring_buf/homework.unit.ring_buf/zephyr/kernel/CMakeFiles/kernel.dir/queue.c.gcno
  --> fname    /home/rodrigo/zephyrproject/zephyr/kernel/include/ksched.h
(DEBUG) Check if /home/rodrigo/zephyrproject/zephyr/kernel/include/ksched.h is included (source file)...
(DEBUG) --> File is excluded.
(DEBUG) Check if /home/rodrigo/zephyr-course_ram/twister-out/timeout_q.h##c6366127490abe4c065d005513ed50b8.gcov is included (trace)...
(DEBUG) --> File is excluded.
(DEBUG) Finding source file corresponding to a gcov data file
  gcov_fname   /home/rodrigo/zephyr-course_ram/twister-out/timeout_q.h##c6366127490abe4c065d005513ed50b8.gcov
  current_dir  /home/rodrigo/zephyr-course_ram/twister-out
  root         /home/rodrigo/zephyr-course_ram/app/modules/ring_buf
  starting_dir /home/rodrigo/zephyr-course_ram
  obj_dir      /home/rodrigo/zephyr-course_ram/twister-out
  gcda_fname   native_sim_native/host_gnu/zephyr-course_ram/tests/ring_buf/homework.unit.ring_buf/zephyr/kernel/CMakeFiles/kernel.dir/queue.c.gcno
  --> fname    /home/rodrigo/zephyrproject/zephyr/kernel/include/timeout_q.h
(DEBUG) Check if /home/rodrigo/zephyrproject/zephyr/kernel/include/timeout_q.h is included (source file)...
(DEBUG) --> File is excluded.
(DEBUG) Check if /home/rodrigo/zephyr-course_ram/twister-out/sflist.h##4b0e754160a576f6ba174d81210fe33d.gcov is included (trace)...
(DEBUG)   No filter matched.
(DEBUG) --> File is excluded.
(DEBUG) Finding source file corresponding to a gcov data file
  gcov_fname   /home/rodrigo/zephyr-course_ram/twister-out/sflist.h##4b0e754160a576f6ba174d81210fe33d.gcov
  current_dir  /home/rodrigo/zephyr-course_ram/twister-out
  root         /home/rodrigo/zephyr-course_ram/app/modules/ring_buf
  starting_dir /home/rodrigo/zephyr-course_ram
  obj_dir      /home/rodrigo/zephyr-course_ram/twister-out
  gcda_fname   native_sim_native/host_gnu/zephyr-course_ram/tests/ring_buf/homework.unit.ring_buf/zephyr/kernel/CMakeFiles/kernel.dir/queue.c.gcno
  --> fname    /home/rodrigo/zephyrproject/zephyr/include/zephyr/sys/sflist.h
(DEBUG) Check if /home/rodrigo/zephyrproject/zephyr/include/zephyr/sys/sflist.h is included (source file)...
(DEBUG)   No filter matched.
(DEBUG) --> File is excluded.
(DEBUG) Check if /home/rodrigo/zephyr-course_ram/twister-out/slist.h##48084af0c7a478624712e6629c6036ca.gcov is included (trace)...
(DEBUG) --> File is excluded.
(DEBUG) Finding source file corresponding to a gcov data file
  gcov_fname   /home/rodrigo/zephyr-course_ram/twister-out/slist.h##48084af0c7a478624712e6629c6036ca.gcov
  current_dir  /home/rodrigo/zephyr-course_ram/twister-out
  root         /home/rodrigo/zephyr-course_ram/app/modules/ring_buf
  starting_dir /home/rodrigo/zephyr-course_ram
  obj_dir      /home/rodrigo/zephyr-course_ram/twister-out
  gcda_fname   native_sim_native/host_gnu/zephyr-course_ram/tests/ring_buf/homework.unit.ring_buf/zephyr/kernel/CMakeFiles/kernel.dir/queue.c.gcno
  --> fname    /home/rodrigo/zephyrproject/zephyr/include/zephyr/sys/slist.h
(DEBUG) Check if /home/rodrigo/zephyrproject/zephyr/include/zephyr/sys/slist.h is included (source file)...
(DEBUG) --> File is excluded.
(DEBUG) Check if /home/rodrigo/zephyr-course_ram/twister-out/wait_q.h##8d032c01ad982a605e65d14d4975cccf.gcov is included (trace)...
(DEBUG) --> File is excluded.
(DEBUG) Finding source file corresponding to a gcov data file
  gcov_fname   /home/rodrigo/zephyr-course_ram/twister-out/wait_q.h##8d032c01ad982a605e65d14d4975cccf.gcov
  current_dir  /home/rodrigo/zephyr-course_ram/twister-out
  root         /home/rodrigo/zephyr-course_ram/app/modules/ring_buf
  starting_dir /home/rodrigo/zephyr-course_ram
  obj_dir      /home/rodrigo/zephyr-course_ram/twister-out
  gcda_fname   native_sim_native/host_gnu/zephyr-course_ram/tests/ring_buf/homework.unit.ring_buf/zephyr/kernel/CMakeFiles/kernel.dir/queue.c.gcno
  --> fname    /home/rodrigo/zephyrproject/zephyr/kernel/include/wait_q.h
(DEBUG) Check if /home/rodrigo/zephyrproject/zephyr/kernel/include/wait_q.h is included (source file)...
(DEBUG) --> File is excluded.
(DEBUG) Check if /home/rodrigo/zephyr-course_ram/twister-out/queue.c##6df9c45812181fd3b073f0e505700ad4.gcov is included (trace)...
(DEBUG)   No filter matched.
(DEBUG) --> File is excluded.
(DEBUG) Finding source file corresponding to a gcov data file
  gcov_fname   /home/rodrigo/zephyr-course_ram/twister-out/queue.c##6df9c45812181fd3b073f0e505700ad4.gcov
  current_dir  /home/rodrigo/zephyr-course_ram/twister-out
  root         /home/rodrigo/zephyr-course_ram/app/modules/ring_buf
  starting_dir /home/rodrigo/zephyr-course_ram
  obj_dir      /home/rodrigo/zephyr-course_ram/twister-out
  gcda_fname   native_sim_native/host_gnu/zephyr-course_ram/tests/ring_buf/homework.unit.ring_buf/zephyr/kernel/CMakeFiles/kernel.dir/queue.c.gcno
  --> fname    /home/rodrigo/zephyrproject/zephyr/kernel/queue.c
(DEBUG) Check if /home/rodrigo/zephyrproject/zephyr/kernel/queue.c is included (source file)...
(DEBUG)   No filter matched.
(DEBUG) --> File is excluded.
(DEBUG) Check if /home/rodrigo/zephyr-course_ram/twister-out/native_sim_native/host_gnu/zephyr-course_ram/tests/ring_buf/homework.unit.ring_buf/zephyr/kernel/CMakeFiles/kernel.dir/sched.c.gcda is included (trace)...
(DEBUG)   No filter matched.
(DEBUG) --> File is excluded.
(DEBUG) Check if /home/rodrigo/zephyr-course_ram/twister-out/native_sim_native/host_gnu/zephyr-course_ram/tests/ring_buf/homework.unit.ring_buf/zephyr/kernel/CMakeFiles/kernel.dir/sched.c.gcda is included (trace)...
(DEBUG) --> File is excluded.
(DEBUG) Check if sched.c##91d7cc217da0be16f8124d237c9cbf3d.gcov is included (gcov file)...
(DEBUG)   Filter AlwaysMatchFilter() matched.
(DEBUG) --> File is included.
(DEBUG) Check if log_msg.h##fe60156c532143d1e30e21c32299f503.gcov is included (gcov file)...
(DEBUG) --> File is included.
(DEBUG) Check if kswap.h##8021f979b7d9fd3a3e5b1e96100592cb.gcov is included (gcov file)...
(DEBUG) --> File is included.
(DEBUG) Check if wait_q.h##8d032c01ad982a605e65d14d4975cccf.gcov is included (gcov file)...
(DEBUG) --> File is included.
(DEBUG) Check if ksched.h##172c555d5b2e2629e8c5e6360532febc.gcov is included (gcov file)...
(DEBUG) --> File is included.
(DEBUG) Check if priority_q.h##99147f16078ebc096e4d103f378ac7d3.gcov is included (gcov file)...
(DEBUG) --> File is included.
(DEBUG) Check if kernel_internal.h##dca9100bcab2f1d67b3e4cb85a4aba72.gcov is included (gcov file)...
(DEBUG) --> File is included.
(DEBUG) Check if kthread.h##3887c82394eb1cae4bd9b6e72588a2b1.gcov is included (gcov file)...
(DEBUG) --> File is included.
(DEBUG) Check if timeout_q.h##c6366127490abe4c065d005513ed50b8.gcov is included (gcov file)...
(DEBUG) --> File is included.
(DEBUG) Check if kernel_arch_func.h##580562feec2edfd32c5a873362c5c8d2.gcov is included (gcov file)...
(DEBUG) --> File is included.
(DEBUG) Check if kernel.h##33e25e586cdfb0cc7078a38f16ec62da.gcov is included (gcov file)...
(DEBUG) --> File is included.
(DEBUG) Check if kernel.h##2d3fbe341137ae796abdfaeb5a853926.gcov is included (gcov file)...
(DEBUG) --> File is included.
(DEBUG) Check if spinlock.h##d84264fdde7bca8b949809fef8cbefdd.gcov is included (gcov file)...
(DEBUG) --> File is included.
(DEBUG) Check if arch.h##239ee5cbaf1f4f5309f62049e6f0de61.gcov is included (gcov file)...
(DEBUG) --> File is included.
(DEBUG) Check if syscall.h##f78b8447055080e06b9c6a9c432569e6.gcov is included (gcov file)...
(DEBUG) --> File is included.
(DEBUG) Check if dlist.h##3219a21b45bb2c61f5ea102d5482e32e.gcov is included (gcov file)...
(DEBUG) --> File is included.
(DEBUG) Check if /home/rodrigo/zephyr-course_ram/twister-out/arch.h##239ee5cbaf1f4f5309f62049e6f0de61.gcov is included (trace)...
(DEBUG) --> File is excluded.
(DEBUG) Finding source file corresponding to a gcov data file
  gcov_fname   /home/rodrigo/zephyr-course_ram/twister-out/arch.h##239ee5cbaf1f4f5309f62049e6f0de61.gcov
  current_dir  /home/rodrigo/zephyr-course_ram/twister-out
  root         /home/rodrigo/zephyr-course_ram/app/modules/ring_buf
  starting_dir /home/rodrigo/zephyr-course_ram
  obj_dir      /home/rodrigo/zephyr-course_ram/twister-out
  gcda_fname   native_sim_native/host_gnu/zephyr-course_ram/tests/ring_buf/homework.unit.ring_buf/zephyr/kernel/CMakeFiles/kernel.dir/sched.c.gcda
  --> fname    /home/rodrigo/zephyrproject/zephyr/include/zephyr/arch/posix/arch.h
(DEBUG) Check if /home/rodrigo/zephyrproject/zephyr/include/zephyr/arch/posix/arch.h is included (source file)...
(DEBUG) --> File is excluded.
(DEBUG) Check if /home/rodrigo/zephyr-course_ram/twister-out/sched.c##91d7cc217da0be16f8124d237c9cbf3d.gcov is included (trace)...
(DEBUG)   No filter matched.
(DEBUG) --> File is excluded.
(DEBUG) Finding source file corresponding to a gcov data file
  gcov_fname   /home/rodrigo/zephyr-course_ram/twister-out/sched.c##91d7cc217da0be16f8124d237c9cbf3d.gcov
  current_dir  /home/rodrigo/zephyr-course_ram/twister-out
  root         /home/rodrigo/zephyr-course_ram/app/modules/ring_buf
  starting_dir /home/rodrigo/zephyr-course_ram
  obj_dir      /home/rodrigo/zephyr-course_ram/twister-out
  gcda_fname   native_sim_native/host_gnu/zephyr-course_ram/tests/ring_buf/homework.unit.ring_buf/zephyr/kernel/CMakeFiles/kernel.dir/sched.c.gcda
  --> fname    /home/rodrigo/zephyrproject/zephyr/kernel/sched.c
(DEBUG) Check if /home/rodrigo/zephyrproject/zephyr/kernel/sched.c is included (source file)...
(DEBUG)   No filter matched.
(DEBUG) --> File is excluded.
(DEBUG) Check if /home/rodrigo/zephyr-course_ram/twister-out/log_msg.h##fe60156c532143d1e30e21c32299f503.gcov is included (trace)...
(DEBUG) --> File is excluded.
(DEBUG) Finding source file corresponding to a gcov data file
  gcov_fname   /home/rodrigo/zephyr-course_ram/twister-out/log_msg.h##fe60156c532143d1e30e21c32299f503.gcov
  current_dir  /home/rodrigo/zephyr-course_ram/twister-out
  root         /home/rodrigo/zephyr-course_ram/app/modules/ring_buf
  starting_dir /home/rodrigo/zephyr-course_ram
  obj_dir      /home/rodrigo/zephyr-course_ram/twister-out
  gcda_fname   native_sim_native/host_gnu/zephyr-course_ram/tests/ring_buf/homework.unit.ring_buf/zephyr/kernel/CMakeFiles/kernel.dir/sched.c.gcda
  --> fname    /home/rodrigo/zephyrproject/zephyr/include/zephyr/logging/log_msg.h
(DEBUG) Check if /home/rodrigo/zephyrproject/zephyr/include/zephyr/logging/log_msg.h is included (source file)...
(DEBUG) --> File is excluded.
(DEBUG) Check if /home/rodrigo/zephyr-course_ram/twister-out/kernel_internal.h##dca9100bcab2f1d67b3e4cb85a4aba72.gcov is included (trace)...
(DEBUG) --> File is excluded.
(DEBUG) Finding source file corresponding to a gcov data file
  gcov_fname   /home/rodrigo/zephyr-course_ram/twister-out/kernel_internal.h##dca9100bcab2f1d67b3e4cb85a4aba72.gcov
  current_dir  /home/rodrigo/zephyr-course_ram/twister-out
  root         /home/rodrigo/zephyr-course_ram/app/modules/ring_buf
  starting_dir /home/rodrigo/zephyr-course_ram
  obj_dir      /home/rodrigo/zephyr-course_ram/twister-out
  gcda_fname   native_sim_native/host_gnu/zephyr-course_ram/tests/ring_buf/homework.unit.ring_buf/zephyr/kernel/CMakeFiles/kernel.dir/sched.c.gcda
  --> fname    /home/rodrigo/zephyrproject/zephyr/kernel/include/kernel_internal.h
(DEBUG) Check if /home/rodrigo/zephyrproject/zephyr/kernel/include/kernel_internal.h is included (source file)...
(DEBUG) --> File is excluded.
(DEBUG) Check if /home/rodrigo/zephyr-course_ram/twister-out/kswap.h##8021f979b7d9fd3a3e5b1e96100592cb.gcov is included (trace)...
(DEBUG) --> File is excluded.
(DEBUG) Finding source file corresponding to a gcov data file
  gcov_fname   /home/rodrigo/zephyr-course_ram/twister-out/kswap.h##8021f979b7d9fd3a3e5b1e96100592cb.gcov
  current_dir  /home/rodrigo/zephyr-course_ram/twister-out
  root         /home/rodrigo/zephyr-course_ram/app/modules/ring_buf
  starting_dir /home/rodrigo/zephyr-course_ram
  obj_dir      /home/rodrigo/zephyr-course_ram/twister-out
  gcda_fname   native_sim_native/host_gnu/zephyr-course_ram/tests/ring_buf/homework.unit.ring_buf/zephyr/kernel/CMakeFiles/kernel.dir/sched.c.gcda
  --> fname    /home/rodrigo/zephyrproject/zephyr/kernel/include/kswap.h
(DEBUG) Check if /home/rodrigo/zephyrproject/zephyr/kernel/include/kswap.h is included (source file)...
(DEBUG) --> File is excluded.
(DEBUG) Check if /home/rodrigo/zephyr-course_ram/twister-out/syscall.h##f78b8447055080e06b9c6a9c432569e6.gcov is included (trace)...
(DEBUG) --> File is excluded.
(DEBUG) Finding source file corresponding to a gcov data file
  gcov_fname   /home/rodrigo/zephyr-course_ram/twister-out/syscall.h##f78b8447055080e06b9c6a9c432569e6.gcov
  current_dir  /home/rodrigo/zephyr-course_ram/twister-out
  root         /home/rodrigo/zephyr-course_ram/app/modules/ring_buf
  starting_dir /home/rodrigo/zephyr-course_ram
  obj_dir      /home/rodrigo/zephyr-course_ram/twister-out
  gcda_fname   native_sim_native/host_gnu/zephyr-course_ram/tests/ring_buf/homework.unit.ring_buf/zephyr/kernel/CMakeFiles/kernel.dir/sched.c.gcda
  --> fname    /home/rodrigo/zephyrproject/zephyr/include/zephyr/syscall.h
(DEBUG) Check if /home/rodrigo/zephyrproject/zephyr/include/zephyr/syscall.h is included (source file)...
(DEBUG) --> File is excluded.
(DEBUG) Check if /home/rodrigo/zephyr-course_ram/twister-out/dlist.h##3219a21b45bb2c61f5ea102d5482e32e.gcov is included (trace)...
(DEBUG) --> File is excluded.
(DEBUG) Finding source file corresponding to a gcov data file
  gcov_fname   /home/rodrigo/zephyr-course_ram/twister-out/dlist.h##3219a21b45bb2c61f5ea102d5482e32e.gcov
  current_dir  /home/rodrigo/zephyr-course_ram/twister-out
  root         /home/rodrigo/zephyr-course_ram/app/modules/ring_buf
  starting_dir /home/rodrigo/zephyr-course_ram
  obj_dir      /home/rodrigo/zephyr-course_ram/twister-out
  gcda_fname   native_sim_native/host_gnu/zephyr-course_ram/tests/ring_buf/homework.unit.ring_buf/zephyr/kernel/CMakeFiles/kernel.dir/sched.c.gcda
  --> fname    /home/rodrigo/zephyrproject/zephyr/include/zephyr/sys/dlist.h
(DEBUG) Check if /home/rodrigo/zephyrproject/zephyr/include/zephyr/sys/dlist.h is included (source file)...
(DEBUG) --> File is excluded.
(DEBUG) Check if /home/rodrigo/zephyr-course_ram/twister-out/kernel_arch_func.h##580562feec2edfd32c5a873362c5c8d2.gcov is included (trace)...
(DEBUG) --> File is excluded.
(DEBUG) Finding source file corresponding to a gcov data file
  gcov_fname   /home/rodrigo/zephyr-course_ram/twister-out/kernel_arch_func.h##580562feec2edfd32c5a873362c5c8d2.gcov
  current_dir  /home/rodrigo/zephyr-course_ram/twister-out
  root         /home/rodrigo/zephyr-course_ram/app/modules/ring_buf
  starting_dir /home/rodrigo/zephyr-course_ram
  obj_dir      /home/rodrigo/zephyr-course_ram/twister-out
  gcda_fname   native_sim_native/host_gnu/zephyr-course_ram/tests/ring_buf/homework.unit.ring_buf/zephyr/kernel/CMakeFiles/kernel.dir/sched.c.gcda
  --> fname    /home/rodrigo/zephyrproject/zephyr/arch/posix/include/kernel_arch_func.h
(DEBUG) Check if /home/rodrigo/zephyrproject/zephyr/arch/posix/include/kernel_arch_func.h is included (source file)...
(DEBUG) --> File is excluded.
(DEBUG) Check if /home/rodrigo/zephyr-course_ram/twister-out/kthread.h##3887c82394eb1cae4bd9b6e72588a2b1.gcov is included (trace)...
(DEBUG) --> File is excluded.
(DEBUG) Finding source file corresponding to a gcov data file
  gcov_fname   /home/rodrigo/zephyr-course_ram/twister-out/kthread.h##3887c82394eb1cae4bd9b6e72588a2b1.gcov
  current_dir  /home/rodrigo/zephyr-course_ram/twister-out
  root         /home/rodrigo/zephyr-course_ram/app/modules/ring_buf
  starting_dir /home/rodrigo/zephyr-course_ram
  obj_dir      /home/rodrigo/zephyr-course_ram/twister-out
  gcda_fname   native_sim_native/host_gnu/zephyr-course_ram/tests/ring_buf/homework.unit.ring_buf/zephyr/kernel/CMakeFiles/kernel.dir/sched.c.gcda
  --> fname    /home/rodrigo/zephyrproject/zephyr/kernel/include/kthread.h
(DEBUG) Check if /home/rodrigo/zephyrproject/zephyr/kernel/include/kthread.h is included (source file)...
(DEBUG) --> File is excluded.
(DEBUG) Check if /home/rodrigo/zephyr-course_ram/twister-out/spinlock.h##d84264fdde7bca8b949809fef8cbefdd.gcov is included (trace)...
(DEBUG) --> File is excluded.
(DEBUG) Finding source file corresponding to a gcov data file
  gcov_fname   /home/rodrigo/zephyr-course_ram/twister-out/spinlock.h##d84264fdde7bca8b949809fef8cbefdd.gcov
  current_dir  /home/rodrigo/zephyr-course_ram/twister-out
  root         /home/rodrigo/zephyr-course_ram/app/modules/ring_buf
  starting_dir /home/rodrigo/zephyr-course_ram
  obj_dir      /home/rodrigo/zephyr-course_ram/twister-out
  gcda_fname   native_sim_native/host_gnu/zephyr-course_ram/tests/ring_buf/homework.unit.ring_buf/zephyr/kernel/CMakeFiles/kernel.dir/sched.c.gcda
  --> fname    /home/rodrigo/zephyrproject/zephyr/include/zephyr/spinlock.h
(DEBUG) Check if /home/rodrigo/zephyrproject/zephyr/include/zephyr/spinlock.h is included (source file)...
(DEBUG) --> File is excluded.
(DEBUG) Check if /home/rodrigo/zephyr-course_ram/twister-out/kernel.h##2d3fbe341137ae796abdfaeb5a853926.gcov is included (trace)...
(DEBUG) --> File is excluded.
(DEBUG) Finding source file corresponding to a gcov data file
  gcov_fname   /home/rodrigo/zephyr-course_ram/twister-out/kernel.h##2d3fbe341137ae796abdfaeb5a853926.gcov
  current_dir  /home/rodrigo/zephyr-course_ram/twister-out
  root         /home/rodrigo/zephyr-course_ram/app/modules/ring_buf
  starting_dir /home/rodrigo/zephyr-course_ram
  obj_dir      /home/rodrigo/zephyr-course_ram/twister-out
  gcda_fname   native_sim_native/host_gnu/zephyr-course_ram/tests/ring_buf/homework.unit.ring_buf/zephyr/kernel/CMakeFiles/kernel.dir/sched.c.gcda
  --> fname    /home/rodrigo/zephyrproject/zephyr/include/zephyr/kernel.h
(DEBUG) Check if /home/rodrigo/zephyrproject/zephyr/include/zephyr/kernel.h is included (source file)...
(DEBUG) --> File is excluded.
(DEBUG) Check if /home/rodrigo/zephyr-course_ram/twister-out/priority_q.h##99147f16078ebc096e4d103f378ac7d3.gcov is included (trace)...
(DEBUG) --> File is excluded.
(DEBUG) Finding source file corresponding to a gcov data file
  gcov_fname   /home/rodrigo/zephyr-course_ram/twister-out/priority_q.h##99147f16078ebc096e4d103f378ac7d3.gcov
  current_dir  /home/rodrigo/zephyr-course_ram/twister-out
  root         /home/rodrigo/zephyr-course_ram/app/modules/ring_buf
  starting_dir /home/rodrigo/zephyr-course_ram
  obj_dir      /home/rodrigo/zephyr-course_ram/twister-out
  gcda_fname   native_sim_native/host_gnu/zephyr-course_ram/tests/ring_buf/homework.unit.ring_buf/zephyr/kernel/CMakeFiles/kernel.dir/sched.c.gcda
  --> fname    /home/rodrigo/zephyrproject/zephyr/kernel/include/priority_q.h
(DEBUG) Check if /home/rodrigo/zephyrproject/zephyr/kernel/include/priority_q.h is included (source file)...
(DEBUG) --> File is excluded.
(DEBUG) Check if /home/rodrigo/zephyr-course_ram/twister-out/ksched.h##172c555d5b2e2629e8c5e6360532febc.gcov is included (trace)...
(DEBUG) --> File is excluded.
(DEBUG) Finding source file corresponding to a gcov data file
  gcov_fname   /home/rodrigo/zephyr-course_ram/twister-out/ksched.h##172c555d5b2e2629e8c5e6360532febc.gcov
  current_dir  /home/rodrigo/zephyr-course_ram/twister-out
  root         /home/rodrigo/zephyr-course_ram/app/modules/ring_buf
  starting_dir /home/rodrigo/zephyr-course_ram
  obj_dir      /home/rodrigo/zephyr-course_ram/twister-out
  gcda_fname   native_sim_native/host_gnu/zephyr-course_ram/tests/ring_buf/homework.unit.ring_buf/zephyr/kernel/CMakeFiles/kernel.dir/sched.c.gcda
  --> fname    /home/rodrigo/zephyrproject/zephyr/kernel/include/ksched.h
(DEBUG) Check if /home/rodrigo/zephyrproject/zephyr/kernel/include/ksched.h is included (source file)...
(DEBUG) --> File is excluded.
(DEBUG) Check if /home/rodrigo/zephyr-course_ram/twister-out/timeout_q.h##c6366127490abe4c065d005513ed50b8.gcov is included (trace)...
(DEBUG) --> File is excluded.
(DEBUG) Finding source file corresponding to a gcov data file
  gcov_fname   /home/rodrigo/zephyr-course_ram/twister-out/timeout_q.h##c6366127490abe4c065d005513ed50b8.gcov
  current_dir  /home/rodrigo/zephyr-course_ram/twister-out
  root         /home/rodrigo/zephyr-course_ram/app/modules/ring_buf
  starting_dir /home/rodrigo/zephyr-course_ram
  obj_dir      /home/rodrigo/zephyr-course_ram/twister-out
  gcda_fname   native_sim_native/host_gnu/zephyr-course_ram/tests/ring_buf/homework.unit.ring_buf/zephyr/kernel/CMakeFiles/kernel.dir/sched.c.gcda
  --> fname    /home/rodrigo/zephyrproject/zephyr/kernel/include/timeout_q.h
(DEBUG) Check if /home/rodrigo/zephyrproject/zephyr/kernel/include/timeout_q.h is included (source file)...
(DEBUG) --> File is excluded.
(DEBUG) Check if /home/rodrigo/zephyr-course_ram/twister-out/kernel.h##33e25e586cdfb0cc7078a38f16ec62da.gcov is included (trace)...
(DEBUG) --> File is excluded.
(DEBUG) Finding source file corresponding to a gcov data file
  gcov_fname   /home/rodrigo/zephyr-course_ram/twister-out/kernel.h##33e25e586cdfb0cc7078a38f16ec62da.gcov
  current_dir  /home/rodrigo/zephyr-course_ram/twister-out
  root         /home/rodrigo/zephyr-course_ram/app/modules/ring_buf
  starting_dir /home/rodrigo/zephyr-course_ram
  obj_dir      /home/rodrigo/zephyr-course_ram/twister-out
  gcda_fname   native_sim_native/host_gnu/zephyr-course_ram/tests/ring_buf/homework.unit.ring_buf/zephyr/kernel/CMakeFiles/kernel.dir/sched.c.gcda
  --> fname    /home/rodrigo/zephyr-course_ram/twister-out/native_sim_native/host_gnu/zephyr-course_ram/tests/ring_buf/homework.unit.ring_buf/zephyr/include/generated/zephyr/syscalls/kernel.h
(DEBUG) Check if /home/rodrigo/zephyr-course_ram/twister-out/native_sim_native/host_gnu/zephyr-course_ram/tests/ring_buf/homework.unit.ring_buf/zephyr/include/generated/zephyr/syscalls/kernel.h is included (source file)...
(DEBUG) --> File is excluded.
(DEBUG) Check if /home/rodrigo/zephyr-course_ram/twister-out/wait_q.h##8d032c01ad982a605e65d14d4975cccf.gcov is included (trace)...
(DEBUG) --> File is excluded.
(DEBUG) Finding source file corresponding to a gcov data file
  gcov_fname   /home/rodrigo/zephyr-course_ram/twister-out/wait_q.h##8d032c01ad982a605e65d14d4975cccf.gcov
  current_dir  /home/rodrigo/zephyr-course_ram/twister-out
  root         /home/rodrigo/zephyr-course_ram/app/modules/ring_buf
  starting_dir /home/rodrigo/zephyr-course_ram
  obj_dir      /home/rodrigo/zephyr-course_ram/twister-out
  gcda_fname   native_sim_native/host_gnu/zephyr-course_ram/tests/ring_buf/homework.unit.ring_buf/zephyr/kernel/CMakeFiles/kernel.dir/sched.c.gcda
  --> fname    /home/rodrigo/zephyrproject/zephyr/kernel/include/wait_q.h
(DEBUG) Check if /home/rodrigo/zephyrproject/zephyr/kernel/include/wait_q.h is included (source file)...
(DEBUG) --> File is excluded.
(DEBUG) Check if /home/rodrigo/zephyr-course_ram/twister-out/native_sim_native/host_gnu/zephyr-course_ram/tests/ring_buf/homework.unit.ring_buf/zephyr/kernel/CMakeFiles/kernel.dir/sem.c.gcda is included (trace)...
(DEBUG)   No filter matched.
(DEBUG) --> File is excluded.
(DEBUG) Check if /home/rodrigo/zephyr-course_ram/twister-out/native_sim_native/host_gnu/zephyr-course_ram/tests/ring_buf/homework.unit.ring_buf/zephyr/kernel/CMakeFiles/kernel.dir/sem.c.gcda is included (trace)...
(DEBUG) --> File is excluded.
(DEBUG) Check if sem.c##469f635c5d229d3daa556fa569b0f769.gcov is included (gcov file)...
(DEBUG)   Filter AlwaysMatchFilter() matched.
(DEBUG) --> File is included.
(DEBUG) Check if ksched.h##172c555d5b2e2629e8c5e6360532febc.gcov is included (gcov file)...
(DEBUG) --> File is included.
(DEBUG) Check if kthread.h##3887c82394eb1cae4bd9b6e72588a2b1.gcov is included (gcov file)...
(DEBUG) --> File is included.
(DEBUG) Check if kernel_arch_func.h##580562feec2edfd32c5a873362c5c8d2.gcov is included (gcov file)...
(DEBUG) --> File is included.
(DEBUG) Check if wait_q.h##8d032c01ad982a605e65d14d4975cccf.gcov is included (gcov file)...
(DEBUG) --> File is included.
(DEBUG) Check if priority_q.h##99147f16078ebc096e4d103f378ac7d3.gcov is included (gcov file)...
(DEBUG) --> File is included.
(DEBUG) Check if timeout_q.h##c6366127490abe4c065d005513ed50b8.gcov is included (gcov file)...
(DEBUG) --> File is included.
(DEBUG) Check if kobject_internal.h##dca6fbe52c3225f96b4d07c0f7f6cb30.gcov is included (gcov file)...
(DEBUG) --> File is included.
(DEBUG) Check if spinlock.h##d84264fdde7bca8b949809fef8cbefdd.gcov is included (gcov file)...
(DEBUG) --> File is included.
(DEBUG) Check if arch.h##239ee5cbaf1f4f5309f62049e6f0de61.gcov is included (gcov file)...
(DEBUG) --> File is included.
(DEBUG) Check if dlist.h##3219a21b45bb2c61f5ea102d5482e32e.gcov is included (gcov file)...
(DEBUG) --> File is included.
(DEBUG) Check if /home/rodrigo/zephyr-course_ram/twister-out/arch.h##239ee5cbaf1f4f5309f62049e6f0de61.gcov is included (trace)...
(DEBUG) --> File is excluded.
(DEBUG) Finding source file corresponding to a gcov data file
  gcov_fname   /home/rodrigo/zephyr-course_ram/twister-out/arch.h##239ee5cbaf1f4f5309f62049e6f0de61.gcov
  current_dir  /home/rodrigo/zephyr-course_ram/twister-out
  root         /home/rodrigo/zephyr-course_ram/app/modules/ring_buf
  starting_dir /home/rodrigo/zephyr-course_ram
  obj_dir      /home/rodrigo/zephyr-course_ram/twister-out
  gcda_fname   native_sim_native/host_gnu/zephyr-course_ram/tests/ring_buf/homework.unit.ring_buf/zephyr/kernel/CMakeFiles/kernel.dir/sem.c.gcda
  --> fname    /home/rodrigo/zephyrproject/zephyr/include/zephyr/arch/posix/arch.h
(DEBUG) Check if /home/rodrigo/zephyrproject/zephyr/include/zephyr/arch/posix/arch.h is included (source file)...
(DEBUG) --> File is excluded.
(DEBUG) Check if /home/rodrigo/zephyr-course_ram/twister-out/kobject_internal.h##dca6fbe52c3225f96b4d07c0f7f6cb30.gcov is included (trace)...
(DEBUG) --> File is excluded.
(DEBUG) Finding source file corresponding to a gcov data file
  gcov_fname   /home/rodrigo/zephyr-course_ram/twister-out/kobject_internal.h##dca6fbe52c3225f96b4d07c0f7f6cb30.gcov
  current_dir  /home/rodrigo/zephyr-course_ram/twister-out
  root         /home/rodrigo/zephyr-course_ram/app/modules/ring_buf
  starting_dir /home/rodrigo/zephyr-course_ram
  obj_dir      /home/rodrigo/zephyr-course_ram/twister-out
  gcda_fname   native_sim_native/host_gnu/zephyr-course_ram/tests/ring_buf/homework.unit.ring_buf/zephyr/kernel/CMakeFiles/kernel.dir/sem.c.gcda
  --> fname    /home/rodrigo/zephyrproject/zephyr/include/zephyr/sys/internal/kobject_internal.h
(DEBUG) Check if /home/rodrigo/zephyrproject/zephyr/include/zephyr/sys/internal/kobject_internal.h is included (source file)...
(DEBUG) --> File is excluded.
(DEBUG) Check if /home/rodrigo/zephyr-course_ram/twister-out/dlist.h##3219a21b45bb2c61f5ea102d5482e32e.gcov is included (trace)...
(DEBUG) --> File is excluded.
(DEBUG) Finding source file corresponding to a gcov data file
  gcov_fname   /home/rodrigo/zephyr-course_ram/twister-out/dlist.h##3219a21b45bb2c61f5ea102d5482e32e.gcov
  current_dir  /home/rodrigo/zephyr-course_ram/twister-out
  root         /home/rodrigo/zephyr-course_ram/app/modules/ring_buf
  starting_dir /home/rodrigo/zephyr-course_ram
  obj_dir      /home/rodrigo/zephyr-course_ram/twister-out
  gcda_fname   native_sim_native/host_gnu/zephyr-course_ram/tests/ring_buf/homework.unit.ring_buf/zephyr/kernel/CMakeFiles/kernel.dir/sem.c.gcda
  --> fname    /home/rodrigo/zephyrproject/zephyr/include/zephyr/sys/dlist.h
(DEBUG) Check if /home/rodrigo/zephyrproject/zephyr/include/zephyr/sys/dlist.h is included (source file)...
(DEBUG) --> File is excluded.
(DEBUG) Check if /home/rodrigo/zephyr-course_ram/twister-out/kernel_arch_func.h##580562feec2edfd32c5a873362c5c8d2.gcov is included (trace)...
(DEBUG) --> File is excluded.
(DEBUG) Finding source file corresponding to a gcov data file
  gcov_fname   /home/rodrigo/zephyr-course_ram/twister-out/kernel_arch_func.h##580562feec2edfd32c5a873362c5c8d2.gcov
  current_dir  /home/rodrigo/zephyr-course_ram/twister-out
  root         /home/rodrigo/zephyr-course_ram/app/modules/ring_buf
  starting_dir /home/rodrigo/zephyr-course_ram
  obj_dir      /home/rodrigo/zephyr-course_ram/twister-out
  gcda_fname   native_sim_native/host_gnu/zephyr-course_ram/tests/ring_buf/homework.unit.ring_buf/zephyr/kernel/CMakeFiles/kernel.dir/sem.c.gcda
  --> fname    /home/rodrigo/zephyrproject/zephyr/arch/posix/include/kernel_arch_func.h
(DEBUG) Check if /home/rodrigo/zephyrproject/zephyr/arch/posix/include/kernel_arch_func.h is included (source file)...
(DEBUG) --> File is excluded.
(DEBUG) Check if /home/rodrigo/zephyr-course_ram/twister-out/kthread.h##3887c82394eb1cae4bd9b6e72588a2b1.gcov is included (trace)...
(DEBUG) --> File is excluded.
(DEBUG) Finding source file corresponding to a gcov data file
  gcov_fname   /home/rodrigo/zephyr-course_ram/twister-out/kthread.h##3887c82394eb1cae4bd9b6e72588a2b1.gcov
  current_dir  /home/rodrigo/zephyr-course_ram/twister-out
  root         /home/rodrigo/zephyr-course_ram/app/modules/ring_buf
  starting_dir /home/rodrigo/zephyr-course_ram
  obj_dir      /home/rodrigo/zephyr-course_ram/twister-out
  gcda_fname   native_sim_native/host_gnu/zephyr-course_ram/tests/ring_buf/homework.unit.ring_buf/zephyr/kernel/CMakeFiles/kernel.dir/sem.c.gcda
  --> fname    /home/rodrigo/zephyrproject/zephyr/kernel/include/kthread.h
(DEBUG) Check if /home/rodrigo/zephyrproject/zephyr/kernel/include/kthread.h is included (source file)...
(DEBUG) --> File is excluded.
(DEBUG) Check if /home/rodrigo/zephyr-course_ram/twister-out/spinlock.h##d84264fdde7bca8b949809fef8cbefdd.gcov is included (trace)...
(DEBUG) --> File is excluded.
(DEBUG) Finding source file corresponding to a gcov data file
  gcov_fname   /home/rodrigo/zephyr-course_ram/twister-out/spinlock.h##d84264fdde7bca8b949809fef8cbefdd.gcov
  current_dir  /home/rodrigo/zephyr-course_ram/twister-out
  root         /home/rodrigo/zephyr-course_ram/app/modules/ring_buf
  starting_dir /home/rodrigo/zephyr-course_ram
  obj_dir      /home/rodrigo/zephyr-course_ram/twister-out
  gcda_fname   native_sim_native/host_gnu/zephyr-course_ram/tests/ring_buf/homework.unit.ring_buf/zephyr/kernel/CMakeFiles/kernel.dir/sem.c.gcda
  --> fname    /home/rodrigo/zephyrproject/zephyr/include/zephyr/spinlock.h
(DEBUG) Check if /home/rodrigo/zephyrproject/zephyr/include/zephyr/spinlock.h is included (source file)...
(DEBUG) --> File is excluded.
(DEBUG) Check if /home/rodrigo/zephyr-course_ram/twister-out/sem.c##469f635c5d229d3daa556fa569b0f769.gcov is included (trace)...
(DEBUG)   No filter matched.
(DEBUG) --> File is excluded.
(DEBUG) Finding source file corresponding to a gcov data file
  gcov_fname   /home/rodrigo/zephyr-course_ram/twister-out/sem.c##469f635c5d229d3daa556fa569b0f769.gcov
  current_dir  /home/rodrigo/zephyr-course_ram/twister-out
  root         /home/rodrigo/zephyr-course_ram/app/modules/ring_buf
  starting_dir /home/rodrigo/zephyr-course_ram
  obj_dir      /home/rodrigo/zephyr-course_ram/twister-out
  gcda_fname   native_sim_native/host_gnu/zephyr-course_ram/tests/ring_buf/homework.unit.ring_buf/zephyr/kernel/CMakeFiles/kernel.dir/sem.c.gcda
  --> fname    /home/rodrigo/zephyrproject/zephyr/kernel/sem.c
(DEBUG) Check if /home/rodrigo/zephyrproject/zephyr/kernel/sem.c is included (source file)...
(DEBUG)   No filter matched.
(DEBUG) --> File is excluded.
(DEBUG) Check if /home/rodrigo/zephyr-course_ram/twister-out/priority_q.h##99147f16078ebc096e4d103f378ac7d3.gcov is included (trace)...
(DEBUG) --> File is excluded.
(DEBUG) Finding source file corresponding to a gcov data file
  gcov_fname   /home/rodrigo/zephyr-course_ram/twister-out/priority_q.h##99147f16078ebc096e4d103f378ac7d3.gcov
  current_dir  /home/rodrigo/zephyr-course_ram/twister-out
  root         /home/rodrigo/zephyr-course_ram/app/modules/ring_buf
  starting_dir /home/rodrigo/zephyr-course_ram
  obj_dir      /home/rodrigo/zephyr-course_ram/twister-out
  gcda_fname   native_sim_native/host_gnu/zephyr-course_ram/tests/ring_buf/homework.unit.ring_buf/zephyr/kernel/CMakeFiles/kernel.dir/sem.c.gcda
  --> fname    /home/rodrigo/zephyrproject/zephyr/kernel/include/priority_q.h
(DEBUG) Check if /home/rodrigo/zephyrproject/zephyr/kernel/include/priority_q.h is included (source file)...
(DEBUG) --> File is excluded.
(DEBUG) Check if /home/rodrigo/zephyr-course_ram/twister-out/ksched.h##172c555d5b2e2629e8c5e6360532febc.gcov is included (trace)...
(DEBUG) --> File is excluded.
(DEBUG) Finding source file corresponding to a gcov data file
  gcov_fname   /home/rodrigo/zephyr-course_ram/twister-out/ksched.h##172c555d5b2e2629e8c5e6360532febc.gcov
  current_dir  /home/rodrigo/zephyr-course_ram/twister-out
  root         /home/rodrigo/zephyr-course_ram/app/modules/ring_buf
  starting_dir /home/rodrigo/zephyr-course_ram
  obj_dir      /home/rodrigo/zephyr-course_ram/twister-out
  gcda_fname   native_sim_native/host_gnu/zephyr-course_ram/tests/ring_buf/homework.unit.ring_buf/zephyr/kernel/CMakeFiles/kernel.dir/sem.c.gcda
  --> fname    /home/rodrigo/zephyrproject/zephyr/kernel/include/ksched.h
(DEBUG) Check if /home/rodrigo/zephyrproject/zephyr/kernel/include/ksched.h is included (source file)...
(DEBUG) --> File is excluded.
(DEBUG) Check if /home/rodrigo/zephyr-course_ram/twister-out/timeout_q.h##c6366127490abe4c065d005513ed50b8.gcov is included (trace)...
(DEBUG) --> File is excluded.
(DEBUG) Finding source file corresponding to a gcov data file
  gcov_fname   /home/rodrigo/zephyr-course_ram/twister-out/timeout_q.h##c6366127490abe4c065d005513ed50b8.gcov
  current_dir  /home/rodrigo/zephyr-course_ram/twister-out
  root         /home/rodrigo/zephyr-course_ram/app/modules/ring_buf
  starting_dir /home/rodrigo/zephyr-course_ram
  obj_dir      /home/rodrigo/zephyr-course_ram/twister-out
  gcda_fname   native_sim_native/host_gnu/zephyr-course_ram/tests/ring_buf/homework.unit.ring_buf/zephyr/kernel/CMakeFiles/kernel.dir/sem.c.gcda
  --> fname    /home/rodrigo/zephyrproject/zephyr/kernel/include/timeout_q.h
(DEBUG) Check if /home/rodrigo/zephyrproject/zephyr/kernel/include/timeout_q.h is included (source file)...
(DEBUG) --> File is excluded.
(DEBUG) Check if /home/rodrigo/zephyr-course_ram/twister-out/wait_q.h##8d032c01ad982a605e65d14d4975cccf.gcov is included (trace)...
(DEBUG) --> File is excluded.
(DEBUG) Finding source file corresponding to a gcov data file
  gcov_fname   /home/rodrigo/zephyr-course_ram/twister-out/wait_q.h##8d032c01ad982a605e65d14d4975cccf.gcov
  current_dir  /home/rodrigo/zephyr-course_ram/twister-out
  root         /home/rodrigo/zephyr-course_ram/app/modules/ring_buf
  starting_dir /home/rodrigo/zephyr-course_ram
  obj_dir      /home/rodrigo/zephyr-course_ram/twister-out
  gcda_fname   native_sim_native/host_gnu/zephyr-course_ram/tests/ring_buf/homework.unit.ring_buf/zephyr/kernel/CMakeFiles/kernel.dir/sem.c.gcda
  --> fname    /home/rodrigo/zephyrproject/zephyr/kernel/include/wait_q.h
(DEBUG) Check if /home/rodrigo/zephyrproject/zephyr/kernel/include/wait_q.h is included (source file)...
(DEBUG) --> File is excluded.
(DEBUG) Check if /home/rodrigo/zephyr-course_ram/twister-out/native_sim_native/host_gnu/zephyr-course_ram/tests/ring_buf/homework.unit.ring_buf/zephyr/kernel/CMakeFiles/kernel.dir/spinlock_validate.c.gcda is included (trace)...
(DEBUG)   No filter matched.
(DEBUG) --> File is excluded.
(DEBUG) Check if /home/rodrigo/zephyr-course_ram/twister-out/native_sim_native/host_gnu/zephyr-course_ram/tests/ring_buf/homework.unit.ring_buf/zephyr/kernel/CMakeFiles/kernel.dir/spinlock_validate.c.gcda is included (trace)...
(DEBUG) --> File is excluded.
(DEBUG) Check if spinlock_validate.c##378782f02b7c2bdd23d4340dabd9e2fd.gcov is included (gcov file)...
(DEBUG)   Filter AlwaysMatchFilter() matched.
(DEBUG) --> File is included.
(DEBUG) Check if kernel_arch_func.h##580562feec2edfd32c5a873362c5c8d2.gcov is included (gcov file)...
(DEBUG) --> File is included.
(DEBUG) Check if /home/rodrigo/zephyr-course_ram/twister-out/kernel_arch_func.h##580562feec2edfd32c5a873362c5c8d2.gcov is included (trace)...
(DEBUG) --> File is excluded.
(DEBUG) Finding source file corresponding to a gcov data file
  gcov_fname   /home/rodrigo/zephyr-course_ram/twister-out/kernel_arch_func.h##580562feec2edfd32c5a873362c5c8d2.gcov
  current_dir  /home/rodrigo/zephyr-course_ram/twister-out
  root         /home/rodrigo/zephyr-course_ram/app/modules/ring_buf
  starting_dir /home/rodrigo/zephyr-course_ram
  obj_dir      /home/rodrigo/zephyr-course_ram/twister-out
  gcda_fname   native_sim_native/host_gnu/zephyr-course_ram/tests/ring_buf/homework.unit.ring_buf/zephyr/kernel/CMakeFiles/kernel.dir/spinlock_validate.c.gcda
  --> fname    /home/rodrigo/zephyrproject/zephyr/arch/posix/include/kernel_arch_func.h
(DEBUG) Check if /home/rodrigo/zephyrproject/zephyr/arch/posix/include/kernel_arch_func.h is included (source file)...
(DEBUG) --> File is excluded.
(DEBUG) Check if /home/rodrigo/zephyr-course_ram/twister-out/spinlock_validate.c##378782f02b7c2bdd23d4340dabd9e2fd.gcov is included (trace)...
(DEBUG)   No filter matched.
(DEBUG) --> File is excluded.
(DEBUG) Finding source file corresponding to a gcov data file
  gcov_fname   /home/rodrigo/zephyr-course_ram/twister-out/spinlock_validate.c##378782f02b7c2bdd23d4340dabd9e2fd.gcov
  current_dir  /home/rodrigo/zephyr-course_ram/twister-out
  root         /home/rodrigo/zephyr-course_ram/app/modules/ring_buf
  starting_dir /home/rodrigo/zephyr-course_ram
  obj_dir      /home/rodrigo/zephyr-course_ram/twister-out
  gcda_fname   native_sim_native/host_gnu/zephyr-course_ram/tests/ring_buf/homework.unit.ring_buf/zephyr/kernel/CMakeFiles/kernel.dir/spinlock_validate.c.gcda
  --> fname    /home/rodrigo/zephyrproject/zephyr/kernel/spinlock_validate.c
(DEBUG) Check if /home/rodrigo/zephyrproject/zephyr/kernel/spinlock_validate.c is included (source file)...
(DEBUG)   No filter matched.
(DEBUG) --> File is excluded.
(DEBUG) Check if /home/rodrigo/zephyr-course_ram/twister-out/native_sim_native/host_gnu/zephyr-course_ram/tests/ring_buf/homework.unit.ring_buf/zephyr/kernel/CMakeFiles/kernel.dir/stack.c.gcno is included (trace)...
(DEBUG)   No filter matched.
(DEBUG) --> File is excluded.
(DEBUG) Check if /home/rodrigo/zephyr-course_ram/twister-out/native_sim_native/host_gnu/zephyr-course_ram/tests/ring_buf/homework.unit.ring_buf/zephyr/kernel/CMakeFiles/kernel.dir/stack.c.gcno is included (trace)...
(DEBUG) --> File is excluded.
(DEBUG) Check if stack.c##643843f742f50487906f67f418cc4ad4.gcov is included (gcov file)...
(DEBUG)   Filter AlwaysMatchFilter() matched.
(DEBUG) --> File is included.
(DEBUG) Check if wait_q.h##8d032c01ad982a605e65d14d4975cccf.gcov is included (gcov file)...
(DEBUG) --> File is included.
(DEBUG) Check if ksched.h##172c555d5b2e2629e8c5e6360532febc.gcov is included (gcov file)...
(DEBUG) --> File is included.
(DEBUG) Check if priority_q.h##99147f16078ebc096e4d103f378ac7d3.gcov is included (gcov file)...
(DEBUG) --> File is included.
(DEBUG) Check if kernel_internal.h##dca9100bcab2f1d67b3e4cb85a4aba72.gcov is included (gcov file)...
(DEBUG) --> File is included.
(DEBUG) Check if kthread.h##3887c82394eb1cae4bd9b6e72588a2b1.gcov is included (gcov file)...
(DEBUG) --> File is included.
(DEBUG) Check if timeout_q.h##c6366127490abe4c065d005513ed50b8.gcov is included (gcov file)...
(DEBUG) --> File is included.
(DEBUG) Check if kernel_arch_func.h##580562feec2edfd32c5a873362c5c8d2.gcov is included (gcov file)...
(DEBUG) --> File is included.
(DEBUG) Check if kobject_internal.h##dca6fbe52c3225f96b4d07c0f7f6cb30.gcov is included (gcov file)...
(DEBUG) --> File is included.
(DEBUG) Check if spinlock.h##d84264fdde7bca8b949809fef8cbefdd.gcov is included (gcov file)...
(DEBUG) --> File is included.
(DEBUG) Check if arch.h##239ee5cbaf1f4f5309f62049e6f0de61.gcov is included (gcov file)...
(DEBUG) --> File is included.
(DEBUG) Check if dlist.h##3219a21b45bb2c61f5ea102d5482e32e.gcov is included (gcov file)...
(DEBUG) --> File is included.
(DEBUG) Check if /home/rodrigo/zephyr-course_ram/twister-out/arch.h##239ee5cbaf1f4f5309f62049e6f0de61.gcov is included (trace)...
(DEBUG) --> File is excluded.
(DEBUG) Finding source file corresponding to a gcov data file
  gcov_fname   /home/rodrigo/zephyr-course_ram/twister-out/arch.h##239ee5cbaf1f4f5309f62049e6f0de61.gcov
  current_dir  /home/rodrigo/zephyr-course_ram/twister-out
  root         /home/rodrigo/zephyr-course_ram/app/modules/ring_buf
  starting_dir /home/rodrigo/zephyr-course_ram
  obj_dir      /home/rodrigo/zephyr-course_ram/twister-out
  gcda_fname   native_sim_native/host_gnu/zephyr-course_ram/tests/ring_buf/homework.unit.ring_buf/zephyr/kernel/CMakeFiles/kernel.dir/stack.c.gcno
  --> fname    /home/rodrigo/zephyrproject/zephyr/include/zephyr/arch/posix/arch.h
(DEBUG) Check if /home/rodrigo/zephyrproject/zephyr/include/zephyr/arch/posix/arch.h is included (source file)...
(DEBUG) --> File is excluded.
(DEBUG) Check if /home/rodrigo/zephyr-course_ram/twister-out/kernel_internal.h##dca9100bcab2f1d67b3e4cb85a4aba72.gcov is included (trace)...
(DEBUG) --> File is excluded.
(DEBUG) Finding source file corresponding to a gcov data file
  gcov_fname   /home/rodrigo/zephyr-course_ram/twister-out/kernel_internal.h##dca9100bcab2f1d67b3e4cb85a4aba72.gcov
  current_dir  /home/rodrigo/zephyr-course_ram/twister-out
  root         /home/rodrigo/zephyr-course_ram/app/modules/ring_buf
  starting_dir /home/rodrigo/zephyr-course_ram
  obj_dir      /home/rodrigo/zephyr-course_ram/twister-out
  gcda_fname   native_sim_native/host_gnu/zephyr-course_ram/tests/ring_buf/homework.unit.ring_buf/zephyr/kernel/CMakeFiles/kernel.dir/stack.c.gcno
  --> fname    /home/rodrigo/zephyrproject/zephyr/kernel/include/kernel_internal.h
(DEBUG) Check if /home/rodrigo/zephyrproject/zephyr/kernel/include/kernel_internal.h is included (source file)...
(DEBUG) --> File is excluded.
(DEBUG) Check if /home/rodrigo/zephyr-course_ram/twister-out/kobject_internal.h##dca6fbe52c3225f96b4d07c0f7f6cb30.gcov is included (trace)...
(DEBUG) --> File is excluded.
(DEBUG) Finding source file corresponding to a gcov data file
  gcov_fname   /home/rodrigo/zephyr-course_ram/twister-out/kobject_internal.h##dca6fbe52c3225f96b4d07c0f7f6cb30.gcov
  current_dir  /home/rodrigo/zephyr-course_ram/twister-out
  root         /home/rodrigo/zephyr-course_ram/app/modules/ring_buf
  starting_dir /home/rodrigo/zephyr-course_ram
  obj_dir      /home/rodrigo/zephyr-course_ram/twister-out
  gcda_fname   native_sim_native/host_gnu/zephyr-course_ram/tests/ring_buf/homework.unit.ring_buf/zephyr/kernel/CMakeFiles/kernel.dir/stack.c.gcno
  --> fname    /home/rodrigo/zephyrproject/zephyr/include/zephyr/sys/internal/kobject_internal.h
(DEBUG) Check if /home/rodrigo/zephyrproject/zephyr/include/zephyr/sys/internal/kobject_internal.h is included (source file)...
(DEBUG) --> File is excluded.
(DEBUG) Check if /home/rodrigo/zephyr-course_ram/twister-out/dlist.h##3219a21b45bb2c61f5ea102d5482e32e.gcov is included (trace)...
(DEBUG) --> File is excluded.
(DEBUG) Finding source file corresponding to a gcov data file
  gcov_fname   /home/rodrigo/zephyr-course_ram/twister-out/dlist.h##3219a21b45bb2c61f5ea102d5482e32e.gcov
  current_dir  /home/rodrigo/zephyr-course_ram/twister-out
  root         /home/rodrigo/zephyr-course_ram/app/modules/ring_buf
  starting_dir /home/rodrigo/zephyr-course_ram
  obj_dir      /home/rodrigo/zephyr-course_ram/twister-out
  gcda_fname   native_sim_native/host_gnu/zephyr-course_ram/tests/ring_buf/homework.unit.ring_buf/zephyr/kernel/CMakeFiles/kernel.dir/stack.c.gcno
  --> fname    /home/rodrigo/zephyrproject/zephyr/include/zephyr/sys/dlist.h
(DEBUG) Check if /home/rodrigo/zephyrproject/zephyr/include/zephyr/sys/dlist.h is included (source file)...
(DEBUG) --> File is excluded.
(DEBUG) Check if /home/rodrigo/zephyr-course_ram/twister-out/stack.c##643843f742f50487906f67f418cc4ad4.gcov is included (trace)...
(DEBUG)   No filter matched.
(DEBUG) --> File is excluded.
(DEBUG) Finding source file corresponding to a gcov data file
  gcov_fname   /home/rodrigo/zephyr-course_ram/twister-out/stack.c##643843f742f50487906f67f418cc4ad4.gcov
  current_dir  /home/rodrigo/zephyr-course_ram/twister-out
  root         /home/rodrigo/zephyr-course_ram/app/modules/ring_buf
  starting_dir /home/rodrigo/zephyr-course_ram
  obj_dir      /home/rodrigo/zephyr-course_ram/twister-out
  gcda_fname   native_sim_native/host_gnu/zephyr-course_ram/tests/ring_buf/homework.unit.ring_buf/zephyr/kernel/CMakeFiles/kernel.dir/stack.c.gcno
  --> fname    /home/rodrigo/zephyrproject/zephyr/kernel/stack.c
(DEBUG) Check if /home/rodrigo/zephyrproject/zephyr/kernel/stack.c is included (source file)...
(DEBUG)   No filter matched.
(DEBUG) --> File is excluded.
(DEBUG) Check if /home/rodrigo/zephyr-course_ram/twister-out/kernel_arch_func.h##580562feec2edfd32c5a873362c5c8d2.gcov is included (trace)...
(DEBUG) --> File is excluded.
(DEBUG) Finding source file corresponding to a gcov data file
  gcov_fname   /home/rodrigo/zephyr-course_ram/twister-out/kernel_arch_func.h##580562feec2edfd32c5a873362c5c8d2.gcov
  current_dir  /home/rodrigo/zephyr-course_ram/twister-out
  root         /home/rodrigo/zephyr-course_ram/app/modules/ring_buf
  starting_dir /home/rodrigo/zephyr-course_ram
  obj_dir      /home/rodrigo/zephyr-course_ram/twister-out
  gcda_fname   native_sim_native/host_gnu/zephyr-course_ram/tests/ring_buf/homework.unit.ring_buf/zephyr/kernel/CMakeFiles/kernel.dir/stack.c.gcno
  --> fname    /home/rodrigo/zephyrproject/zephyr/arch/posix/include/kernel_arch_func.h
(DEBUG) Check if /home/rodrigo/zephyrproject/zephyr/arch/posix/include/kernel_arch_func.h is included (source file)...
(DEBUG) --> File is excluded.
(DEBUG) Check if /home/rodrigo/zephyr-course_ram/twister-out/kthread.h##3887c82394eb1cae4bd9b6e72588a2b1.gcov is included (trace)...
(DEBUG) --> File is excluded.
(DEBUG) Finding source file corresponding to a gcov data file
  gcov_fname   /home/rodrigo/zephyr-course_ram/twister-out/kthread.h##3887c82394eb1cae4bd9b6e72588a2b1.gcov
  current_dir  /home/rodrigo/zephyr-course_ram/twister-out
  root         /home/rodrigo/zephyr-course_ram/app/modules/ring_buf
  starting_dir /home/rodrigo/zephyr-course_ram
  obj_dir      /home/rodrigo/zephyr-course_ram/twister-out
  gcda_fname   native_sim_native/host_gnu/zephyr-course_ram/tests/ring_buf/homework.unit.ring_buf/zephyr/kernel/CMakeFiles/kernel.dir/stack.c.gcno
  --> fname    /home/rodrigo/zephyrproject/zephyr/kernel/include/kthread.h
(DEBUG) Check if /home/rodrigo/zephyrproject/zephyr/kernel/include/kthread.h is included (source file)...
(DEBUG) --> File is excluded.
(DEBUG) Check if /home/rodrigo/zephyr-course_ram/twister-out/spinlock.h##d84264fdde7bca8b949809fef8cbefdd.gcov is included (trace)...
(DEBUG) --> File is excluded.
(DEBUG) Finding source file corresponding to a gcov data file
  gcov_fname   /home/rodrigo/zephyr-course_ram/twister-out/spinlock.h##d84264fdde7bca8b949809fef8cbefdd.gcov
  current_dir  /home/rodrigo/zephyr-course_ram/twister-out
  root         /home/rodrigo/zephyr-course_ram/app/modules/ring_buf
  starting_dir /home/rodrigo/zephyr-course_ram
  obj_dir      /home/rodrigo/zephyr-course_ram/twister-out
  gcda_fname   native_sim_native/host_gnu/zephyr-course_ram/tests/ring_buf/homework.unit.ring_buf/zephyr/kernel/CMakeFiles/kernel.dir/stack.c.gcno
  --> fname    /home/rodrigo/zephyrproject/zephyr/include/zephyr/spinlock.h
(DEBUG) Check if /home/rodrigo/zephyrproject/zephyr/include/zephyr/spinlock.h is included (source file)...
(DEBUG) --> File is excluded.
(DEBUG) Check if /home/rodrigo/zephyr-course_ram/twister-out/priority_q.h##99147f16078ebc096e4d103f378ac7d3.gcov is included (trace)...
(DEBUG) --> File is excluded.
(DEBUG) Finding source file corresponding to a gcov data file
  gcov_fname   /home/rodrigo/zephyr-course_ram/twister-out/priority_q.h##99147f16078ebc096e4d103f378ac7d3.gcov
  current_dir  /home/rodrigo/zephyr-course_ram/twister-out
  root         /home/rodrigo/zephyr-course_ram/app/modules/ring_buf
  starting_dir /home/rodrigo/zephyr-course_ram
  obj_dir      /home/rodrigo/zephyr-course_ram/twister-out
  gcda_fname   native_sim_native/host_gnu/zephyr-course_ram/tests/ring_buf/homework.unit.ring_buf/zephyr/kernel/CMakeFiles/kernel.dir/stack.c.gcno
  --> fname    /home/rodrigo/zephyrproject/zephyr/kernel/include/priority_q.h
(DEBUG) Check if /home/rodrigo/zephyrproject/zephyr/kernel/include/priority_q.h is included (source file)...
(DEBUG) --> File is excluded.
(DEBUG) Check if /home/rodrigo/zephyr-course_ram/twister-out/ksched.h##172c555d5b2e2629e8c5e6360532febc.gcov is included (trace)...
(DEBUG) --> File is excluded.
(DEBUG) Finding source file corresponding to a gcov data file
  gcov_fname   /home/rodrigo/zephyr-course_ram/twister-out/ksched.h##172c555d5b2e2629e8c5e6360532febc.gcov
  current_dir  /home/rodrigo/zephyr-course_ram/twister-out
  root         /home/rodrigo/zephyr-course_ram/app/modules/ring_buf
  starting_dir /home/rodrigo/zephyr-course_ram
  obj_dir      /home/rodrigo/zephyr-course_ram/twister-out
  gcda_fname   native_sim_native/host_gnu/zephyr-course_ram/tests/ring_buf/homework.unit.ring_buf/zephyr/kernel/CMakeFiles/kernel.dir/stack.c.gcno
  --> fname    /home/rodrigo/zephyrproject/zephyr/kernel/include/ksched.h
(DEBUG) Check if /home/rodrigo/zephyrproject/zephyr/kernel/include/ksched.h is included (source file)...
(DEBUG) --> File is excluded.
(DEBUG) Check if /home/rodrigo/zephyr-course_ram/twister-out/timeout_q.h##c6366127490abe4c065d005513ed50b8.gcov is included (trace)...
(DEBUG) --> File is excluded.
(DEBUG) Finding source file corresponding to a gcov data file
  gcov_fname   /home/rodrigo/zephyr-course_ram/twister-out/timeout_q.h##c6366127490abe4c065d005513ed50b8.gcov
  current_dir  /home/rodrigo/zephyr-course_ram/twister-out
  root         /home/rodrigo/zephyr-course_ram/app/modules/ring_buf
  starting_dir /home/rodrigo/zephyr-course_ram
  obj_dir      /home/rodrigo/zephyr-course_ram/twister-out
  gcda_fname   native_sim_native/host_gnu/zephyr-course_ram/tests/ring_buf/homework.unit.ring_buf/zephyr/kernel/CMakeFiles/kernel.dir/stack.c.gcno
  --> fname    /home/rodrigo/zephyrproject/zephyr/kernel/include/timeout_q.h
(DEBUG) Check if /home/rodrigo/zephyrproject/zephyr/kernel/include/timeout_q.h is included (source file)...
(DEBUG) --> File is excluded.
(DEBUG) Check if /home/rodrigo/zephyr-course_ram/twister-out/wait_q.h##8d032c01ad982a605e65d14d4975cccf.gcov is included (trace)...
(DEBUG) --> File is excluded.
(DEBUG) Finding source file corresponding to a gcov data file
  gcov_fname   /home/rodrigo/zephyr-course_ram/twister-out/wait_q.h##8d032c01ad982a605e65d14d4975cccf.gcov
  current_dir  /home/rodrigo/zephyr-course_ram/twister-out
  root         /home/rodrigo/zephyr-course_ram/app/modules/ring_buf
  starting_dir /home/rodrigo/zephyr-course_ram
  obj_dir      /home/rodrigo/zephyr-course_ram/twister-out
  gcda_fname   native_sim_native/host_gnu/zephyr-course_ram/tests/ring_buf/homework.unit.ring_buf/zephyr/kernel/CMakeFiles/kernel.dir/stack.c.gcno
  --> fname    /home/rodrigo/zephyrproject/zephyr/kernel/include/wait_q.h
(DEBUG) Check if /home/rodrigo/zephyrproject/zephyr/kernel/include/wait_q.h is included (source file)...
(DEBUG) --> File is excluded.
(DEBUG) Check if /home/rodrigo/zephyr-course_ram/twister-out/native_sim_native/host_gnu/zephyr-course_ram/tests/ring_buf/homework.unit.ring_buf/zephyr/kernel/CMakeFiles/kernel.dir/system_work_q.c.gcno is included (trace)...
(DEBUG)   No filter matched.
(DEBUG) --> File is excluded.
(DEBUG) Check if /home/rodrigo/zephyr-course_ram/twister-out/native_sim_native/host_gnu/zephyr-course_ram/tests/ring_buf/homework.unit.ring_buf/zephyr/kernel/CMakeFiles/kernel.dir/system_work_q.c.gcno is included (trace)...
(DEBUG) --> File is excluded.
(DEBUG) Check if system_work_q.c##8a1530fe1f06d9b54f41f6dcf3602084.gcov is included (gcov file)...
(DEBUG)   Filter AlwaysMatchFilter() matched.
(DEBUG) --> File is included.
(DEBUG) Check if /home/rodrigo/zephyr-course_ram/twister-out/system_work_q.c##8a1530fe1f06d9b54f41f6dcf3602084.gcov is included (trace)...
(DEBUG)   No filter matched.
(DEBUG) --> File is excluded.
(DEBUG) Finding source file corresponding to a gcov data file
  gcov_fname   /home/rodrigo/zephyr-course_ram/twister-out/system_work_q.c##8a1530fe1f06d9b54f41f6dcf3602084.gcov
  current_dir  /home/rodrigo/zephyr-course_ram/twister-out
  root         /home/rodrigo/zephyr-course_ram/app/modules/ring_buf
  starting_dir /home/rodrigo/zephyr-course_ram
  obj_dir      /home/rodrigo/zephyr-course_ram/twister-out
  gcda_fname   native_sim_native/host_gnu/zephyr-course_ram/tests/ring_buf/homework.unit.ring_buf/zephyr/kernel/CMakeFiles/kernel.dir/system_work_q.c.gcno
  --> fname    /home/rodrigo/zephyrproject/zephyr/kernel/system_work_q.c
(DEBUG) Check if /home/rodrigo/zephyrproject/zephyr/kernel/system_work_q.c is included (source file)...
(DEBUG)   No filter matched.
(DEBUG) --> File is excluded.
(DEBUG) Check if /home/rodrigo/zephyr-course_ram/twister-out/native_sim_native/host_gnu/zephyr-course_ram/tests/ring_buf/homework.unit.ring_buf/zephyr/kernel/CMakeFiles/kernel.dir/thread.c.gcda is included (trace)...
(DEBUG)   No filter matched.
(DEBUG) --> File is excluded.
(DEBUG) Check if /home/rodrigo/zephyr-course_ram/twister-out/native_sim_native/host_gnu/zephyr-course_ram/tests/ring_buf/homework.unit.ring_buf/zephyr/kernel/CMakeFiles/kernel.dir/thread.c.gcda is included (trace)...
(DEBUG) --> File is excluded.
(DEBUG) Check if thread.c##ee61ad7a50e1ee3de15c62d3ca1b3696.gcov is included (gcov file)...
(DEBUG)   Filter AlwaysMatchFilter() matched.
(DEBUG) --> File is included.
(DEBUG) Check if log_msg.h##fe60156c532143d1e30e21c32299f503.gcov is included (gcov file)...
(DEBUG) --> File is included.
(DEBUG) Check if wait_q.h##8d032c01ad982a605e65d14d4975cccf.gcov is included (gcov file)...
(DEBUG) --> File is included.
(DEBUG) Check if kthread.h##3887c82394eb1cae4bd9b6e72588a2b1.gcov is included (gcov file)...
(DEBUG) --> File is included.
(DEBUG) Check if timeout_q.h##c6366127490abe4c065d005513ed50b8.gcov is included (gcov file)...
(DEBUG) --> File is included.
(DEBUG) Check if kernel_arch_func.h##580562feec2edfd32c5a873362c5c8d2.gcov is included (gcov file)...
(DEBUG) --> File is included.
(DEBUG) Check if kernel.h##33e25e586cdfb0cc7078a38f16ec62da.gcov is included (gcov file)...
(DEBUG) --> File is included.
(DEBUG) Check if kernel.h##2d3fbe341137ae796abdfaeb5a853926.gcov is included (gcov file)...
(DEBUG) --> File is included.
(DEBUG) Check if thread_stack.h##be13faf5f8471bb82098f4e4437c2bf5.gcov is included (gcov file)...
(DEBUG) --> File is included.
(DEBUG) Check if dlist.h##3219a21b45bb2c61f5ea102d5482e32e.gcov is included (gcov file)...
(DEBUG) --> File is included.
(DEBUG) Check if /home/rodrigo/zephyr-course_ram/twister-out/log_msg.h##fe60156c532143d1e30e21c32299f503.gcov is included (trace)...
(DEBUG) --> File is excluded.
(DEBUG) Finding source file corresponding to a gcov data file
  gcov_fname   /home/rodrigo/zephyr-course_ram/twister-out/log_msg.h##fe60156c532143d1e30e21c32299f503.gcov
  current_dir  /home/rodrigo/zephyr-course_ram/twister-out
  root         /home/rodrigo/zephyr-course_ram/app/modules/ring_buf
  starting_dir /home/rodrigo/zephyr-course_ram
  obj_dir      /home/rodrigo/zephyr-course_ram/twister-out
  gcda_fname   native_sim_native/host_gnu/zephyr-course_ram/tests/ring_buf/homework.unit.ring_buf/zephyr/kernel/CMakeFiles/kernel.dir/thread.c.gcda
  --> fname    /home/rodrigo/zephyrproject/zephyr/include/zephyr/logging/log_msg.h
(DEBUG) Check if /home/rodrigo/zephyrproject/zephyr/include/zephyr/logging/log_msg.h is included (source file)...
(DEBUG) --> File is excluded.
(DEBUG) Check if /home/rodrigo/zephyr-course_ram/twister-out/dlist.h##3219a21b45bb2c61f5ea102d5482e32e.gcov is included (trace)...
(DEBUG) --> File is excluded.
(DEBUG) Finding source file corresponding to a gcov data file
  gcov_fname   /home/rodrigo/zephyr-course_ram/twister-out/dlist.h##3219a21b45bb2c61f5ea102d5482e32e.gcov
  current_dir  /home/rodrigo/zephyr-course_ram/twister-out
  root         /home/rodrigo/zephyr-course_ram/app/modules/ring_buf
  starting_dir /home/rodrigo/zephyr-course_ram
  obj_dir      /home/rodrigo/zephyr-course_ram/twister-out
  gcda_fname   native_sim_native/host_gnu/zephyr-course_ram/tests/ring_buf/homework.unit.ring_buf/zephyr/kernel/CMakeFiles/kernel.dir/thread.c.gcda
  --> fname    /home/rodrigo/zephyrproject/zephyr/include/zephyr/sys/dlist.h
(DEBUG) Check if /home/rodrigo/zephyrproject/zephyr/include/zephyr/sys/dlist.h is included (source file)...
(DEBUG) --> File is excluded.
(DEBUG) Check if /home/rodrigo/zephyr-course_ram/twister-out/kernel_arch_func.h##580562feec2edfd32c5a873362c5c8d2.gcov is included (trace)...
(DEBUG) --> File is excluded.
(DEBUG) Finding source file corresponding to a gcov data file
  gcov_fname   /home/rodrigo/zephyr-course_ram/twister-out/kernel_arch_func.h##580562feec2edfd32c5a873362c5c8d2.gcov
  current_dir  /home/rodrigo/zephyr-course_ram/twister-out
  root         /home/rodrigo/zephyr-course_ram/app/modules/ring_buf
  starting_dir /home/rodrigo/zephyr-course_ram
  obj_dir      /home/rodrigo/zephyr-course_ram/twister-out
  gcda_fname   native_sim_native/host_gnu/zephyr-course_ram/tests/ring_buf/homework.unit.ring_buf/zephyr/kernel/CMakeFiles/kernel.dir/thread.c.gcda
  --> fname    /home/rodrigo/zephyrproject/zephyr/arch/posix/include/kernel_arch_func.h
(DEBUG) Check if /home/rodrigo/zephyrproject/zephyr/arch/posix/include/kernel_arch_func.h is included (source file)...
(DEBUG) --> File is excluded.
(DEBUG) Check if /home/rodrigo/zephyr-course_ram/twister-out/kthread.h##3887c82394eb1cae4bd9b6e72588a2b1.gcov is included (trace)...
(DEBUG) --> File is excluded.
(DEBUG) Finding source file corresponding to a gcov data file
  gcov_fname   /home/rodrigo/zephyr-course_ram/twister-out/kthread.h##3887c82394eb1cae4bd9b6e72588a2b1.gcov
  current_dir  /home/rodrigo/zephyr-course_ram/twister-out
  root         /home/rodrigo/zephyr-course_ram/app/modules/ring_buf
  starting_dir /home/rodrigo/zephyr-course_ram
  obj_dir      /home/rodrigo/zephyr-course_ram/twister-out
  gcda_fname   native_sim_native/host_gnu/zephyr-course_ram/tests/ring_buf/homework.unit.ring_buf/zephyr/kernel/CMakeFiles/kernel.dir/thread.c.gcda
  --> fname    /home/rodrigo/zephyrproject/zephyr/kernel/include/kthread.h
(DEBUG) Check if /home/rodrigo/zephyrproject/zephyr/kernel/include/kthread.h is included (source file)...
(DEBUG) --> File is excluded.
(DEBUG) Check if /home/rodrigo/zephyr-course_ram/twister-out/kernel.h##2d3fbe341137ae796abdfaeb5a853926.gcov is included (trace)...
(DEBUG) --> File is excluded.
(DEBUG) Finding source file corresponding to a gcov data file
  gcov_fname   /home/rodrigo/zephyr-course_ram/twister-out/kernel.h##2d3fbe341137ae796abdfaeb5a853926.gcov
  current_dir  /home/rodrigo/zephyr-course_ram/twister-out
  root         /home/rodrigo/zephyr-course_ram/app/modules/ring_buf
  starting_dir /home/rodrigo/zephyr-course_ram
  obj_dir      /home/rodrigo/zephyr-course_ram/twister-out
  gcda_fname   native_sim_native/host_gnu/zephyr-course_ram/tests/ring_buf/homework.unit.ring_buf/zephyr/kernel/CMakeFiles/kernel.dir/thread.c.gcda
  --> fname    /home/rodrigo/zephyrproject/zephyr/include/zephyr/kernel.h
(DEBUG) Check if /home/rodrigo/zephyrproject/zephyr/include/zephyr/kernel.h is included (source file)...
(DEBUG) --> File is excluded.
(DEBUG) Check if /home/rodrigo/zephyr-course_ram/twister-out/kernel.h##33e25e586cdfb0cc7078a38f16ec62da.gcov is included (trace)...
(DEBUG) --> File is excluded.
(DEBUG) Finding source file corresponding to a gcov data file
  gcov_fname   /home/rodrigo/zephyr-course_ram/twister-out/kernel.h##33e25e586cdfb0cc7078a38f16ec62da.gcov
  current_dir  /home/rodrigo/zephyr-course_ram/twister-out
  root         /home/rodrigo/zephyr-course_ram/app/modules/ring_buf
  starting_dir /home/rodrigo/zephyr-course_ram
  obj_dir      /home/rodrigo/zephyr-course_ram/twister-out
  gcda_fname   native_sim_native/host_gnu/zephyr-course_ram/tests/ring_buf/homework.unit.ring_buf/zephyr/kernel/CMakeFiles/kernel.dir/thread.c.gcda
  --> fname    /home/rodrigo/zephyr-course_ram/twister-out/native_sim_native/host_gnu/zephyr-course_ram/tests/ring_buf/homework.unit.ring_buf/zephyr/include/generated/zephyr/syscalls/kernel.h
(DEBUG) Check if /home/rodrigo/zephyr-course_ram/twister-out/native_sim_native/host_gnu/zephyr-course_ram/tests/ring_buf/homework.unit.ring_buf/zephyr/include/generated/zephyr/syscalls/kernel.h is included (source file)...
(DEBUG) --> File is excluded.
(DEBUG) Check if /home/rodrigo/zephyr-course_ram/twister-out/timeout_q.h##c6366127490abe4c065d005513ed50b8.gcov is included (trace)...
(DEBUG) --> File is excluded.
(DEBUG) Finding source file corresponding to a gcov data file
  gcov_fname   /home/rodrigo/zephyr-course_ram/twister-out/timeout_q.h##c6366127490abe4c065d005513ed50b8.gcov
  current_dir  /home/rodrigo/zephyr-course_ram/twister-out
  root         /home/rodrigo/zephyr-course_ram/app/modules/ring_buf
  starting_dir /home/rodrigo/zephyr-course_ram
  obj_dir      /home/rodrigo/zephyr-course_ram/twister-out
  gcda_fname   native_sim_native/host_gnu/zephyr-course_ram/tests/ring_buf/homework.unit.ring_buf/zephyr/kernel/CMakeFiles/kernel.dir/thread.c.gcda
  --> fname    /home/rodrigo/zephyrproject/zephyr/kernel/include/timeout_q.h
(DEBUG) Check if /home/rodrigo/zephyrproject/zephyr/kernel/include/timeout_q.h is included (source file)...
(DEBUG) --> File is excluded.
(DEBUG) Check if /home/rodrigo/zephyr-course_ram/twister-out/wait_q.h##8d032c01ad982a605e65d14d4975cccf.gcov is included (trace)...
(DEBUG) --> File is excluded.
(DEBUG) Finding source file corresponding to a gcov data file
  gcov_fname   /home/rodrigo/zephyr-course_ram/twister-out/wait_q.h##8d032c01ad982a605e65d14d4975cccf.gcov
  current_dir  /home/rodrigo/zephyr-course_ram/twister-out
  root         /home/rodrigo/zephyr-course_ram/app/modules/ring_buf
  starting_dir /home/rodrigo/zephyr-course_ram
  obj_dir      /home/rodrigo/zephyr-course_ram/twister-out
  gcda_fname   native_sim_native/host_gnu/zephyr-course_ram/tests/ring_buf/homework.unit.ring_buf/zephyr/kernel/CMakeFiles/kernel.dir/thread.c.gcda
  --> fname    /home/rodrigo/zephyrproject/zephyr/kernel/include/wait_q.h
(DEBUG) Check if /home/rodrigo/zephyrproject/zephyr/kernel/include/wait_q.h is included (source file)...
(DEBUG) --> File is excluded.
(DEBUG) Check if /home/rodrigo/zephyr-course_ram/twister-out/thread.c##ee61ad7a50e1ee3de15c62d3ca1b3696.gcov is included (trace)...
(DEBUG)   No filter matched.
(DEBUG) --> File is excluded.
(DEBUG) Finding source file corresponding to a gcov data file
  gcov_fname   /home/rodrigo/zephyr-course_ram/twister-out/thread.c##ee61ad7a50e1ee3de15c62d3ca1b3696.gcov
  current_dir  /home/rodrigo/zephyr-course_ram/twister-out
  root         /home/rodrigo/zephyr-course_ram/app/modules/ring_buf
  starting_dir /home/rodrigo/zephyr-course_ram
  obj_dir      /home/rodrigo/zephyr-course_ram/twister-out
  gcda_fname   native_sim_native/host_gnu/zephyr-course_ram/tests/ring_buf/homework.unit.ring_buf/zephyr/kernel/CMakeFiles/kernel.dir/thread.c.gcda
  --> fname    /home/rodrigo/zephyrproject/zephyr/kernel/thread.c
(DEBUG) Check if /home/rodrigo/zephyrproject/zephyr/kernel/thread.c is included (source file)...
(DEBUG)   No filter matched.
(DEBUG) --> File is excluded.
(DEBUG) Check if /home/rodrigo/zephyr-course_ram/twister-out/thread_stack.h##be13faf5f8471bb82098f4e4437c2bf5.gcov is included (trace)...
(DEBUG) --> File is excluded.
(DEBUG) Finding source file corresponding to a gcov data file
  gcov_fname   /home/rodrigo/zephyr-course_ram/twister-out/thread_stack.h##be13faf5f8471bb82098f4e4437c2bf5.gcov
  current_dir  /home/rodrigo/zephyr-course_ram/twister-out
  root         /home/rodrigo/zephyr-course_ram/app/modules/ring_buf
  starting_dir /home/rodrigo/zephyr-course_ram
  obj_dir      /home/rodrigo/zephyr-course_ram/twister-out
  gcda_fname   native_sim_native/host_gnu/zephyr-course_ram/tests/ring_buf/homework.unit.ring_buf/zephyr/kernel/CMakeFiles/kernel.dir/thread.c.gcda
  --> fname    /home/rodrigo/zephyrproject/zephyr/include/zephyr/kernel/thread_stack.h
(DEBUG) Check if /home/rodrigo/zephyrproject/zephyr/include/zephyr/kernel/thread_stack.h is included (source file)...
(DEBUG) --> File is excluded.
(DEBUG) Check if /home/rodrigo/zephyr-course_ram/twister-out/native_sim_native/host_gnu/zephyr-course_ram/tests/ring_buf/homework.unit.ring_buf/zephyr/kernel/CMakeFiles/kernel.dir/timeout.c.gcda is included (trace)...
(DEBUG)   No filter matched.
(DEBUG) --> File is excluded.
(DEBUG) Check if /home/rodrigo/zephyr-course_ram/twister-out/native_sim_native/host_gnu/zephyr-course_ram/tests/ring_buf/homework.unit.ring_buf/zephyr/kernel/CMakeFiles/kernel.dir/timeout.c.gcda is included (trace)...
(DEBUG) --> File is excluded.
(DEBUG) Check if timeout.c##03fb12d58ec0bcf0ea061f0eeaf9f5fb.gcov is included (gcov file)...
(DEBUG)   Filter AlwaysMatchFilter() matched.
(DEBUG) --> File is included.
(DEBUG) Check if timeout_q.h##c6366127490abe4c065d005513ed50b8.gcov is included (gcov file)...
(DEBUG) --> File is included.
(DEBUG) Check if spinlock.h##d84264fdde7bca8b949809fef8cbefdd.gcov is included (gcov file)...
(DEBUG) --> File is included.
(DEBUG) Check if arch.h##239ee5cbaf1f4f5309f62049e6f0de61.gcov is included (gcov file)...
(DEBUG) --> File is included.
(DEBUG) Check if dlist.h##3219a21b45bb2c61f5ea102d5482e32e.gcov is included (gcov file)...
(DEBUG) --> File is included.
(DEBUG) Check if /home/rodrigo/zephyr-course_ram/twister-out/arch.h##239ee5cbaf1f4f5309f62049e6f0de61.gcov is included (trace)...
(DEBUG) --> File is excluded.
(DEBUG) Finding source file corresponding to a gcov data file
  gcov_fname   /home/rodrigo/zephyr-course_ram/twister-out/arch.h##239ee5cbaf1f4f5309f62049e6f0de61.gcov
  current_dir  /home/rodrigo/zephyr-course_ram/twister-out
  root         /home/rodrigo/zephyr-course_ram/app/modules/ring_buf
  starting_dir /home/rodrigo/zephyr-course_ram
  obj_dir      /home/rodrigo/zephyr-course_ram/twister-out
  gcda_fname   native_sim_native/host_gnu/zephyr-course_ram/tests/ring_buf/homework.unit.ring_buf/zephyr/kernel/CMakeFiles/kernel.dir/timeout.c.gcda
  --> fname    /home/rodrigo/zephyrproject/zephyr/include/zephyr/arch/posix/arch.h
(DEBUG) Check if /home/rodrigo/zephyrproject/zephyr/include/zephyr/arch/posix/arch.h is included (source file)...
(DEBUG) --> File is excluded.
(DEBUG) Check if /home/rodrigo/zephyr-course_ram/twister-out/dlist.h##3219a21b45bb2c61f5ea102d5482e32e.gcov is included (trace)...
(DEBUG) --> File is excluded.
(DEBUG) Finding source file corresponding to a gcov data file
  gcov_fname   /home/rodrigo/zephyr-course_ram/twister-out/dlist.h##3219a21b45bb2c61f5ea102d5482e32e.gcov
  current_dir  /home/rodrigo/zephyr-course_ram/twister-out
  root         /home/rodrigo/zephyr-course_ram/app/modules/ring_buf
  starting_dir /home/rodrigo/zephyr-course_ram
  obj_dir      /home/rodrigo/zephyr-course_ram/twister-out
  gcda_fname   native_sim_native/host_gnu/zephyr-course_ram/tests/ring_buf/homework.unit.ring_buf/zephyr/kernel/CMakeFiles/kernel.dir/timeout.c.gcda
  --> fname    /home/rodrigo/zephyrproject/zephyr/include/zephyr/sys/dlist.h
(DEBUG) Check if /home/rodrigo/zephyrproject/zephyr/include/zephyr/sys/dlist.h is included (source file)...
(DEBUG) --> File is excluded.
(DEBUG) Check if /home/rodrigo/zephyr-course_ram/twister-out/spinlock.h##d84264fdde7bca8b949809fef8cbefdd.gcov is included (trace)...
(DEBUG) --> File is excluded.
(DEBUG) Finding source file corresponding to a gcov data file
  gcov_fname   /home/rodrigo/zephyr-course_ram/twister-out/spinlock.h##d84264fdde7bca8b949809fef8cbefdd.gcov
  current_dir  /home/rodrigo/zephyr-course_ram/twister-out
  root         /home/rodrigo/zephyr-course_ram/app/modules/ring_buf
  starting_dir /home/rodrigo/zephyr-course_ram
  obj_dir      /home/rodrigo/zephyr-course_ram/twister-out
  gcda_fname   native_sim_native/host_gnu/zephyr-course_ram/tests/ring_buf/homework.unit.ring_buf/zephyr/kernel/CMakeFiles/kernel.dir/timeout.c.gcda
  --> fname    /home/rodrigo/zephyrproject/zephyr/include/zephyr/spinlock.h
(DEBUG) Check if /home/rodrigo/zephyrproject/zephyr/include/zephyr/spinlock.h is included (source file)...
(DEBUG) --> File is excluded.
(DEBUG) Check if /home/rodrigo/zephyr-course_ram/twister-out/timeout_q.h##c6366127490abe4c065d005513ed50b8.gcov is included (trace)...
(DEBUG) --> File is excluded.
(DEBUG) Finding source file corresponding to a gcov data file
  gcov_fname   /home/rodrigo/zephyr-course_ram/twister-out/timeout_q.h##c6366127490abe4c065d005513ed50b8.gcov
  current_dir  /home/rodrigo/zephyr-course_ram/twister-out
  root         /home/rodrigo/zephyr-course_ram/app/modules/ring_buf
  starting_dir /home/rodrigo/zephyr-course_ram
  obj_dir      /home/rodrigo/zephyr-course_ram/twister-out
  gcda_fname   native_sim_native/host_gnu/zephyr-course_ram/tests/ring_buf/homework.unit.ring_buf/zephyr/kernel/CMakeFiles/kernel.dir/timeout.c.gcda
  --> fname    /home/rodrigo/zephyrproject/zephyr/kernel/include/timeout_q.h
(DEBUG) Check if /home/rodrigo/zephyrproject/zephyr/kernel/include/timeout_q.h is included (source file)...
(DEBUG) --> File is excluded.
(DEBUG) Check if /home/rodrigo/zephyr-course_ram/twister-out/timeout.c##03fb12d58ec0bcf0ea061f0eeaf9f5fb.gcov is included (trace)...
(DEBUG)   No filter matched.
(DEBUG) --> File is excluded.
(DEBUG) Finding source file corresponding to a gcov data file
  gcov_fname   /home/rodrigo/zephyr-course_ram/twister-out/timeout.c##03fb12d58ec0bcf0ea061f0eeaf9f5fb.gcov
  current_dir  /home/rodrigo/zephyr-course_ram/twister-out
  root         /home/rodrigo/zephyr-course_ram/app/modules/ring_buf
  starting_dir /home/rodrigo/zephyr-course_ram
  obj_dir      /home/rodrigo/zephyr-course_ram/twister-out
  gcda_fname   native_sim_native/host_gnu/zephyr-course_ram/tests/ring_buf/homework.unit.ring_buf/zephyr/kernel/CMakeFiles/kernel.dir/timeout.c.gcda
  --> fname    /home/rodrigo/zephyrproject/zephyr/kernel/timeout.c
(DEBUG) Check if /home/rodrigo/zephyrproject/zephyr/kernel/timeout.c is included (source file)...
(DEBUG)   No filter matched.
(DEBUG) --> File is excluded.
(DEBUG) Check if /home/rodrigo/zephyr-course_ram/twister-out/native_sim_native/host_gnu/zephyr-course_ram/tests/ring_buf/homework.unit.ring_buf/zephyr/kernel/CMakeFiles/kernel.dir/timer.c.gcda is included (trace)...
(DEBUG)   No filter matched.
(DEBUG) --> File is excluded.
(DEBUG) Check if /home/rodrigo/zephyr-course_ram/twister-out/native_sim_native/host_gnu/zephyr-course_ram/tests/ring_buf/homework.unit.ring_buf/zephyr/kernel/CMakeFiles/kernel.dir/timer.c.gcda is included (trace)...
(DEBUG) --> File is excluded.
(DEBUG) Check if timer.c##3dccccf9a444ca83ecf8bcd5e56d93f4.gcov is included (gcov file)...
(DEBUG)   Filter AlwaysMatchFilter() matched.
(DEBUG) --> File is included.
(DEBUG) Check if wait_q.h##8d032c01ad982a605e65d14d4975cccf.gcov is included (gcov file)...
(DEBUG) --> File is included.
(DEBUG) Check if ksched.h##172c555d5b2e2629e8c5e6360532febc.gcov is included (gcov file)...
(DEBUG) --> File is included.
(DEBUG) Check if timeout_q.h##c6366127490abe4c065d005513ed50b8.gcov is included (gcov file)...
(DEBUG) --> File is included.
(DEBUG) Check if kernel_arch_func.h##580562feec2edfd32c5a873362c5c8d2.gcov is included (gcov file)...
(DEBUG) --> File is included.
(DEBUG) Check if kernel.h##33e25e586cdfb0cc7078a38f16ec62da.gcov is included (gcov file)...
(DEBUG) --> File is included.
(DEBUG) Check if kobject_internal.h##dca6fbe52c3225f96b4d07c0f7f6cb30.gcov is included (gcov file)...
(DEBUG) --> File is included.
(DEBUG) Check if spinlock.h##d84264fdde7bca8b949809fef8cbefdd.gcov is included (gcov file)...
(DEBUG) --> File is included.
(DEBUG) Check if arch.h##239ee5cbaf1f4f5309f62049e6f0de61.gcov is included (gcov file)...
(DEBUG) --> File is included.
(DEBUG) Check if dlist.h##3219a21b45bb2c61f5ea102d5482e32e.gcov is included (gcov file)...
(DEBUG) --> File is included.
(DEBUG) Check if /home/rodrigo/zephyr-course_ram/twister-out/arch.h##239ee5cbaf1f4f5309f62049e6f0de61.gcov is included (trace)...
(DEBUG) --> File is excluded.
(DEBUG) Finding source file corresponding to a gcov data file
  gcov_fname   /home/rodrigo/zephyr-course_ram/twister-out/arch.h##239ee5cbaf1f4f5309f62049e6f0de61.gcov
  current_dir  /home/rodrigo/zephyr-course_ram/twister-out
  root         /home/rodrigo/zephyr-course_ram/app/modules/ring_buf
  starting_dir /home/rodrigo/zephyr-course_ram
  obj_dir      /home/rodrigo/zephyr-course_ram/twister-out
  gcda_fname   native_sim_native/host_gnu/zephyr-course_ram/tests/ring_buf/homework.unit.ring_buf/zephyr/kernel/CMakeFiles/kernel.dir/timer.c.gcda
  --> fname    /home/rodrigo/zephyrproject/zephyr/include/zephyr/arch/posix/arch.h
(DEBUG) Check if /home/rodrigo/zephyrproject/zephyr/include/zephyr/arch/posix/arch.h is included (source file)...
(DEBUG) --> File is excluded.
(DEBUG) Check if /home/rodrigo/zephyr-course_ram/twister-out/timer.c##3dccccf9a444ca83ecf8bcd5e56d93f4.gcov is included (trace)...
(DEBUG)   No filter matched.
(DEBUG) --> File is excluded.
(DEBUG) Finding source file corresponding to a gcov data file
  gcov_fname   /home/rodrigo/zephyr-course_ram/twister-out/timer.c##3dccccf9a444ca83ecf8bcd5e56d93f4.gcov
  current_dir  /home/rodrigo/zephyr-course_ram/twister-out
  root         /home/rodrigo/zephyr-course_ram/app/modules/ring_buf
  starting_dir /home/rodrigo/zephyr-course_ram
  obj_dir      /home/rodrigo/zephyr-course_ram/twister-out
  gcda_fname   native_sim_native/host_gnu/zephyr-course_ram/tests/ring_buf/homework.unit.ring_buf/zephyr/kernel/CMakeFiles/kernel.dir/timer.c.gcda
  --> fname    /home/rodrigo/zephyrproject/zephyr/kernel/timer.c
(DEBUG) Check if /home/rodrigo/zephyrproject/zephyr/kernel/timer.c is included (source file)...
(DEBUG)   No filter matched.
(DEBUG) --> File is excluded.
(DEBUG) Check if /home/rodrigo/zephyr-course_ram/twister-out/kobject_internal.h##dca6fbe52c3225f96b4d07c0f7f6cb30.gcov is included (trace)...
(DEBUG) --> File is excluded.
(DEBUG) Finding source file corresponding to a gcov data file
  gcov_fname   /home/rodrigo/zephyr-course_ram/twister-out/kobject_internal.h##dca6fbe52c3225f96b4d07c0f7f6cb30.gcov
  current_dir  /home/rodrigo/zephyr-course_ram/twister-out
  root         /home/rodrigo/zephyr-course_ram/app/modules/ring_buf
  starting_dir /home/rodrigo/zephyr-course_ram
  obj_dir      /home/rodrigo/zephyr-course_ram/twister-out
  gcda_fname   native_sim_native/host_gnu/zephyr-course_ram/tests/ring_buf/homework.unit.ring_buf/zephyr/kernel/CMakeFiles/kernel.dir/timer.c.gcda
  --> fname    /home/rodrigo/zephyrproject/zephyr/include/zephyr/sys/internal/kobject_internal.h
(DEBUG) Check if /home/rodrigo/zephyrproject/zephyr/include/zephyr/sys/internal/kobject_internal.h is included (source file)...
(DEBUG) --> File is excluded.
(DEBUG) Check if /home/rodrigo/zephyr-course_ram/twister-out/dlist.h##3219a21b45bb2c61f5ea102d5482e32e.gcov is included (trace)...
(DEBUG) --> File is excluded.
(DEBUG) Finding source file corresponding to a gcov data file
  gcov_fname   /home/rodrigo/zephyr-course_ram/twister-out/dlist.h##3219a21b45bb2c61f5ea102d5482e32e.gcov
  current_dir  /home/rodrigo/zephyr-course_ram/twister-out
  root         /home/rodrigo/zephyr-course_ram/app/modules/ring_buf
  starting_dir /home/rodrigo/zephyr-course_ram
  obj_dir      /home/rodrigo/zephyr-course_ram/twister-out
  gcda_fname   native_sim_native/host_gnu/zephyr-course_ram/tests/ring_buf/homework.unit.ring_buf/zephyr/kernel/CMakeFiles/kernel.dir/timer.c.gcda
  --> fname    /home/rodrigo/zephyrproject/zephyr/include/zephyr/sys/dlist.h
(DEBUG) Check if /home/rodrigo/zephyrproject/zephyr/include/zephyr/sys/dlist.h is included (source file)...
(DEBUG) --> File is excluded.
(DEBUG) Check if /home/rodrigo/zephyr-course_ram/twister-out/kernel_arch_func.h##580562feec2edfd32c5a873362c5c8d2.gcov is included (trace)...
(DEBUG) --> File is excluded.
(DEBUG) Finding source file corresponding to a gcov data file
  gcov_fname   /home/rodrigo/zephyr-course_ram/twister-out/kernel_arch_func.h##580562feec2edfd32c5a873362c5c8d2.gcov
  current_dir  /home/rodrigo/zephyr-course_ram/twister-out
  root         /home/rodrigo/zephyr-course_ram/app/modules/ring_buf
  starting_dir /home/rodrigo/zephyr-course_ram
  obj_dir      /home/rodrigo/zephyr-course_ram/twister-out
  gcda_fname   native_sim_native/host_gnu/zephyr-course_ram/tests/ring_buf/homework.unit.ring_buf/zephyr/kernel/CMakeFiles/kernel.dir/timer.c.gcda
  --> fname    /home/rodrigo/zephyrproject/zephyr/arch/posix/include/kernel_arch_func.h
(DEBUG) Check if /home/rodrigo/zephyrproject/zephyr/arch/posix/include/kernel_arch_func.h is included (source file)...
(DEBUG) --> File is excluded.
(DEBUG) Check if /home/rodrigo/zephyr-course_ram/twister-out/spinlock.h##d84264fdde7bca8b949809fef8cbefdd.gcov is included (trace)...
(DEBUG) --> File is excluded.
(DEBUG) Finding source file corresponding to a gcov data file
  gcov_fname   /home/rodrigo/zephyr-course_ram/twister-out/spinlock.h##d84264fdde7bca8b949809fef8cbefdd.gcov
  current_dir  /home/rodrigo/zephyr-course_ram/twister-out
  root         /home/rodrigo/zephyr-course_ram/app/modules/ring_buf
  starting_dir /home/rodrigo/zephyr-course_ram
  obj_dir      /home/rodrigo/zephyr-course_ram/twister-out
  gcda_fname   native_sim_native/host_gnu/zephyr-course_ram/tests/ring_buf/homework.unit.ring_buf/zephyr/kernel/CMakeFiles/kernel.dir/timer.c.gcda
  --> fname    /home/rodrigo/zephyrproject/zephyr/include/zephyr/spinlock.h
(DEBUG) Check if /home/rodrigo/zephyrproject/zephyr/include/zephyr/spinlock.h is included (source file)...
(DEBUG) --> File is excluded.
(DEBUG) Check if /home/rodrigo/zephyr-course_ram/twister-out/kernel.h##33e25e586cdfb0cc7078a38f16ec62da.gcov is included (trace)...
(DEBUG) --> File is excluded.
(DEBUG) Finding source file corresponding to a gcov data file
  gcov_fname   /home/rodrigo/zephyr-course_ram/twister-out/kernel.h##33e25e586cdfb0cc7078a38f16ec62da.gcov
  current_dir  /home/rodrigo/zephyr-course_ram/twister-out
  root         /home/rodrigo/zephyr-course_ram/app/modules/ring_buf
  starting_dir /home/rodrigo/zephyr-course_ram
  obj_dir      /home/rodrigo/zephyr-course_ram/twister-out
  gcda_fname   native_sim_native/host_gnu/zephyr-course_ram/tests/ring_buf/homework.unit.ring_buf/zephyr/kernel/CMakeFiles/kernel.dir/timer.c.gcda
  --> fname    /home/rodrigo/zephyr-course_ram/twister-out/native_sim_native/host_gnu/zephyr-course_ram/tests/ring_buf/homework.unit.ring_buf/zephyr/include/generated/zephyr/syscalls/kernel.h
(DEBUG) Check if /home/rodrigo/zephyr-course_ram/twister-out/native_sim_native/host_gnu/zephyr-course_ram/tests/ring_buf/homework.unit.ring_buf/zephyr/include/generated/zephyr/syscalls/kernel.h is included (source file)...
(DEBUG) --> File is excluded.
(DEBUG) Check if /home/rodrigo/zephyr-course_ram/twister-out/ksched.h##172c555d5b2e2629e8c5e6360532febc.gcov is included (trace)...
(DEBUG) --> File is excluded.
(DEBUG) Finding source file corresponding to a gcov data file
  gcov_fname   /home/rodrigo/zephyr-course_ram/twister-out/ksched.h##172c555d5b2e2629e8c5e6360532febc.gcov
  current_dir  /home/rodrigo/zephyr-course_ram/twister-out
  root         /home/rodrigo/zephyr-course_ram/app/modules/ring_buf
  starting_dir /home/rodrigo/zephyr-course_ram
  obj_dir      /home/rodrigo/zephyr-course_ram/twister-out
  gcda_fname   native_sim_native/host_gnu/zephyr-course_ram/tests/ring_buf/homework.unit.ring_buf/zephyr/kernel/CMakeFiles/kernel.dir/timer.c.gcda
  --> fname    /home/rodrigo/zephyrproject/zephyr/kernel/include/ksched.h
(DEBUG) Check if /home/rodrigo/zephyrproject/zephyr/kernel/include/ksched.h is included (source file)...
(DEBUG) --> File is excluded.
(DEBUG) Check if /home/rodrigo/zephyr-course_ram/twister-out/timeout_q.h##c6366127490abe4c065d005513ed50b8.gcov is included (trace)...
(DEBUG) --> File is excluded.
(DEBUG) Finding source file corresponding to a gcov data file
  gcov_fname   /home/rodrigo/zephyr-course_ram/twister-out/timeout_q.h##c6366127490abe4c065d005513ed50b8.gcov
  current_dir  /home/rodrigo/zephyr-course_ram/twister-out
  root         /home/rodrigo/zephyr-course_ram/app/modules/ring_buf
  starting_dir /home/rodrigo/zephyr-course_ram
  obj_dir      /home/rodrigo/zephyr-course_ram/twister-out
  gcda_fname   native_sim_native/host_gnu/zephyr-course_ram/tests/ring_buf/homework.unit.ring_buf/zephyr/kernel/CMakeFiles/kernel.dir/timer.c.gcda
  --> fname    /home/rodrigo/zephyrproject/zephyr/kernel/include/timeout_q.h
(DEBUG) Check if /home/rodrigo/zephyrproject/zephyr/kernel/include/timeout_q.h is included (source file)...
(DEBUG) --> File is excluded.
(DEBUG) Check if /home/rodrigo/zephyr-course_ram/twister-out/wait_q.h##8d032c01ad982a605e65d14d4975cccf.gcov is included (trace)...
(DEBUG) --> File is excluded.
(DEBUG) Finding source file corresponding to a gcov data file
  gcov_fname   /home/rodrigo/zephyr-course_ram/twister-out/wait_q.h##8d032c01ad982a605e65d14d4975cccf.gcov
  current_dir  /home/rodrigo/zephyr-course_ram/twister-out
  root         /home/rodrigo/zephyr-course_ram/app/modules/ring_buf
  starting_dir /home/rodrigo/zephyr-course_ram
  obj_dir      /home/rodrigo/zephyr-course_ram/twister-out
  gcda_fname   native_sim_native/host_gnu/zephyr-course_ram/tests/ring_buf/homework.unit.ring_buf/zephyr/kernel/CMakeFiles/kernel.dir/timer.c.gcda
  --> fname    /home/rodrigo/zephyrproject/zephyr/kernel/include/wait_q.h
(DEBUG) Check if /home/rodrigo/zephyrproject/zephyr/kernel/include/wait_q.h is included (source file)...
(DEBUG) --> File is excluded.
(DEBUG) Check if /home/rodrigo/zephyr-course_ram/twister-out/native_sim_native/host_gnu/zephyr-course_ram/tests/ring_buf/homework.unit.ring_buf/zephyr/kernel/CMakeFiles/kernel.dir/timeslicing.c.gcda is included (trace)...
(DEBUG)   No filter matched.
(DEBUG) --> File is excluded.
(DEBUG) Check if /home/rodrigo/zephyr-course_ram/twister-out/native_sim_native/host_gnu/zephyr-course_ram/tests/ring_buf/homework.unit.ring_buf/zephyr/kernel/CMakeFiles/kernel.dir/timeslicing.c.gcda is included (trace)...
(DEBUG) --> File is excluded.
(DEBUG) Check if timeslicing.c##050c5cfbfbb33cedfa17c55cd99cef45.gcov is included (gcov file)...
(DEBUG)   Filter AlwaysMatchFilter() matched.
(DEBUG) --> File is included.
(DEBUG) Check if ksched.h##172c555d5b2e2629e8c5e6360532febc.gcov is included (gcov file)...
(DEBUG) --> File is included.
(DEBUG) Check if kthread.h##3887c82394eb1cae4bd9b6e72588a2b1.gcov is included (gcov file)...
(DEBUG) --> File is included.
(DEBUG) Check if spinlock.h##d84264fdde7bca8b949809fef8cbefdd.gcov is included (gcov file)...
(DEBUG) --> File is included.
(DEBUG) Check if arch.h##239ee5cbaf1f4f5309f62049e6f0de61.gcov is included (gcov file)...
(DEBUG) --> File is included.
(DEBUG) Check if /home/rodrigo/zephyr-course_ram/twister-out/arch.h##239ee5cbaf1f4f5309f62049e6f0de61.gcov is included (trace)...
(DEBUG) --> File is excluded.
(DEBUG) Finding source file corresponding to a gcov data file
  gcov_fname   /home/rodrigo/zephyr-course_ram/twister-out/arch.h##239ee5cbaf1f4f5309f62049e6f0de61.gcov
  current_dir  /home/rodrigo/zephyr-course_ram/twister-out
  root         /home/rodrigo/zephyr-course_ram/app/modules/ring_buf
  starting_dir /home/rodrigo/zephyr-course_ram
  obj_dir      /home/rodrigo/zephyr-course_ram/twister-out
  gcda_fname   native_sim_native/host_gnu/zephyr-course_ram/tests/ring_buf/homework.unit.ring_buf/zephyr/kernel/CMakeFiles/kernel.dir/timeslicing.c.gcda
  --> fname    /home/rodrigo/zephyrproject/zephyr/include/zephyr/arch/posix/arch.h
(DEBUG) Check if /home/rodrigo/zephyrproject/zephyr/include/zephyr/arch/posix/arch.h is included (source file)...
(DEBUG) --> File is excluded.
(DEBUG) Check if /home/rodrigo/zephyr-course_ram/twister-out/spinlock.h##d84264fdde7bca8b949809fef8cbefdd.gcov is included (trace)...
(DEBUG) --> File is excluded.
(DEBUG) Finding source file corresponding to a gcov data file
  gcov_fname   /home/rodrigo/zephyr-course_ram/twister-out/spinlock.h##d84264fdde7bca8b949809fef8cbefdd.gcov
  current_dir  /home/rodrigo/zephyr-course_ram/twister-out
  root         /home/rodrigo/zephyr-course_ram/app/modules/ring_buf
  starting_dir /home/rodrigo/zephyr-course_ram
  obj_dir      /home/rodrigo/zephyr-course_ram/twister-out
  gcda_fname   native_sim_native/host_gnu/zephyr-course_ram/tests/ring_buf/homework.unit.ring_buf/zephyr/kernel/CMakeFiles/kernel.dir/timeslicing.c.gcda
  --> fname    /home/rodrigo/zephyrproject/zephyr/include/zephyr/spinlock.h
(DEBUG) Check if /home/rodrigo/zephyrproject/zephyr/include/zephyr/spinlock.h is included (source file)...
(DEBUG) --> File is excluded.
(DEBUG) Check if /home/rodrigo/zephyr-course_ram/twister-out/kthread.h##3887c82394eb1cae4bd9b6e72588a2b1.gcov is included (trace)...
(DEBUG) --> File is excluded.
(DEBUG) Finding source file corresponding to a gcov data file
  gcov_fname   /home/rodrigo/zephyr-course_ram/twister-out/kthread.h##3887c82394eb1cae4bd9b6e72588a2b1.gcov
  current_dir  /home/rodrigo/zephyr-course_ram/twister-out
  root         /home/rodrigo/zephyr-course_ram/app/modules/ring_buf
  starting_dir /home/rodrigo/zephyr-course_ram
  obj_dir      /home/rodrigo/zephyr-course_ram/twister-out
  gcda_fname   native_sim_native/host_gnu/zephyr-course_ram/tests/ring_buf/homework.unit.ring_buf/zephyr/kernel/CMakeFiles/kernel.dir/timeslicing.c.gcda
  --> fname    /home/rodrigo/zephyrproject/zephyr/kernel/include/kthread.h
(DEBUG) Check if /home/rodrigo/zephyrproject/zephyr/kernel/include/kthread.h is included (source file)...
(DEBUG) --> File is excluded.
(DEBUG) Check if /home/rodrigo/zephyr-course_ram/twister-out/timeslicing.c##050c5cfbfbb33cedfa17c55cd99cef45.gcov is included (trace)...
(DEBUG)   No filter matched.
(DEBUG) --> File is excluded.
(DEBUG) Finding source file corresponding to a gcov data file
  gcov_fname   /home/rodrigo/zephyr-course_ram/twister-out/timeslicing.c##050c5cfbfbb33cedfa17c55cd99cef45.gcov
  current_dir  /home/rodrigo/zephyr-course_ram/twister-out
  root         /home/rodrigo/zephyr-course_ram/app/modules/ring_buf
  starting_dir /home/rodrigo/zephyr-course_ram
  obj_dir      /home/rodrigo/zephyr-course_ram/twister-out
  gcda_fname   native_sim_native/host_gnu/zephyr-course_ram/tests/ring_buf/homework.unit.ring_buf/zephyr/kernel/CMakeFiles/kernel.dir/timeslicing.c.gcda
  --> fname    /home/rodrigo/zephyrproject/zephyr/kernel/timeslicing.c
(DEBUG) Check if /home/rodrigo/zephyrproject/zephyr/kernel/timeslicing.c is included (source file)...
(DEBUG)   No filter matched.
(DEBUG) --> File is excluded.
(DEBUG) Check if /home/rodrigo/zephyr-course_ram/twister-out/ksched.h##172c555d5b2e2629e8c5e6360532febc.gcov is included (trace)...
(DEBUG) --> File is excluded.
(DEBUG) Finding source file corresponding to a gcov data file
  gcov_fname   /home/rodrigo/zephyr-course_ram/twister-out/ksched.h##172c555d5b2e2629e8c5e6360532febc.gcov
  current_dir  /home/rodrigo/zephyr-course_ram/twister-out
  root         /home/rodrigo/zephyr-course_ram/app/modules/ring_buf
  starting_dir /home/rodrigo/zephyr-course_ram
  obj_dir      /home/rodrigo/zephyr-course_ram/twister-out
  gcda_fname   native_sim_native/host_gnu/zephyr-course_ram/tests/ring_buf/homework.unit.ring_buf/zephyr/kernel/CMakeFiles/kernel.dir/timeslicing.c.gcda
  --> fname    /home/rodrigo/zephyrproject/zephyr/kernel/include/ksched.h
(DEBUG) Check if /home/rodrigo/zephyrproject/zephyr/kernel/include/ksched.h is included (source file)...
(DEBUG) --> File is excluded.
(DEBUG) Check if /home/rodrigo/zephyr-course_ram/twister-out/native_sim_native/host_gnu/zephyr-course_ram/tests/ring_buf/homework.unit.ring_buf/zephyr/kernel/CMakeFiles/kernel.dir/version.c.gcno is included (trace)...
(DEBUG)   No filter matched.
(DEBUG) --> File is excluded.
(DEBUG) Check if /home/rodrigo/zephyr-course_ram/twister-out/native_sim_native/host_gnu/zephyr-course_ram/tests/ring_buf/homework.unit.ring_buf/zephyr/kernel/CMakeFiles/kernel.dir/version.c.gcno is included (trace)...
(DEBUG) --> File is excluded.
(DEBUG) Check if version.c##80595cbdb98b0bf39bfc32176241e845.gcov is included (gcov file)...
(DEBUG)   Filter AlwaysMatchFilter() matched.
(DEBUG) --> File is included.
(DEBUG) Check if /home/rodrigo/zephyr-course_ram/twister-out/version.c##80595cbdb98b0bf39bfc32176241e845.gcov is included (trace)...
(DEBUG)   No filter matched.
(DEBUG) --> File is excluded.
(DEBUG) Finding source file corresponding to a gcov data file
  gcov_fname   /home/rodrigo/zephyr-course_ram/twister-out/version.c##80595cbdb98b0bf39bfc32176241e845.gcov
  current_dir  /home/rodrigo/zephyr-course_ram/twister-out
  root         /home/rodrigo/zephyr-course_ram/app/modules/ring_buf
  starting_dir /home/rodrigo/zephyr-course_ram
  obj_dir      /home/rodrigo/zephyr-course_ram/twister-out
  gcda_fname   native_sim_native/host_gnu/zephyr-course_ram/tests/ring_buf/homework.unit.ring_buf/zephyr/kernel/CMakeFiles/kernel.dir/version.c.gcno
  --> fname    /home/rodrigo/zephyrproject/zephyr/kernel/version.c
(DEBUG) Check if /home/rodrigo/zephyrproject/zephyr/kernel/version.c is included (source file)...
(DEBUG)   No filter matched.
(DEBUG) --> File is excluded.
(DEBUG) Check if /home/rodrigo/zephyr-course_ram/twister-out/native_sim_native/host_gnu/zephyr-course_ram/tests/ring_buf/homework.unit.ring_buf/zephyr/kernel/CMakeFiles/kernel.dir/work.c.gcno is included (trace)...
(DEBUG)   No filter matched.
(DEBUG) --> File is excluded.
(DEBUG) Check if /home/rodrigo/zephyr-course_ram/twister-out/native_sim_native/host_gnu/zephyr-course_ram/tests/ring_buf/homework.unit.ring_buf/zephyr/kernel/CMakeFiles/kernel.dir/work.c.gcno is included (trace)...
(DEBUG) --> File is excluded.
(DEBUG) Check if work.c##95749998b1544ea03875d84079c52a2c.gcov is included (gcov file)...
(DEBUG)   Filter AlwaysMatchFilter() matched.
(DEBUG) --> File is included.
(DEBUG) Check if ksched.h##172c555d5b2e2629e8c5e6360532febc.gcov is included (gcov file)...
(DEBUG) --> File is included.
(DEBUG) Check if kthread.h##3887c82394eb1cae4bd9b6e72588a2b1.gcov is included (gcov file)...
(DEBUG) --> File is included.
(DEBUG) Check if wait_q.h##8d032c01ad982a605e65d14d4975cccf.gcov is included (gcov file)...
(DEBUG) --> File is included.
(DEBUG) Check if timeout_q.h##c6366127490abe4c065d005513ed50b8.gcov is included (gcov file)...
(DEBUG) --> File is included.
(DEBUG) Check if kernel.h##33e25e586cdfb0cc7078a38f16ec62da.gcov is included (gcov file)...
(DEBUG) --> File is included.
(DEBUG) Check if kernel.h##2d3fbe341137ae796abdfaeb5a853926.gcov is included (gcov file)...
(DEBUG) --> File is included.
(DEBUG) Check if spinlock.h##d84264fdde7bca8b949809fef8cbefdd.gcov is included (gcov file)...
(DEBUG) --> File is included.
(DEBUG) Check if arch.h##239ee5cbaf1f4f5309f62049e6f0de61.gcov is included (gcov file)...
(DEBUG) --> File is included.
(DEBUG) Check if slist.h##48084af0c7a478624712e6629c6036ca.gcov is included (gcov file)...
(DEBUG) --> File is included.
(DEBUG) Check if dlist.h##3219a21b45bb2c61f5ea102d5482e32e.gcov is included (gcov file)...
(DEBUG) --> File is included.
(DEBUG) Check if /home/rodrigo/zephyr-course_ram/twister-out/arch.h##239ee5cbaf1f4f5309f62049e6f0de61.gcov is included (trace)...
(DEBUG) --> File is excluded.
(DEBUG) Finding source file corresponding to a gcov data file
  gcov_fname   /home/rodrigo/zephyr-course_ram/twister-out/arch.h##239ee5cbaf1f4f5309f62049e6f0de61.gcov
  current_dir  /home/rodrigo/zephyr-course_ram/twister-out
  root         /home/rodrigo/zephyr-course_ram/app/modules/ring_buf
  starting_dir /home/rodrigo/zephyr-course_ram
  obj_dir      /home/rodrigo/zephyr-course_ram/twister-out
  gcda_fname   native_sim_native/host_gnu/zephyr-course_ram/tests/ring_buf/homework.unit.ring_buf/zephyr/kernel/CMakeFiles/kernel.dir/work.c.gcno
  --> fname    /home/rodrigo/zephyrproject/zephyr/include/zephyr/arch/posix/arch.h
(DEBUG) Check if /home/rodrigo/zephyrproject/zephyr/include/zephyr/arch/posix/arch.h is included (source file)...
(DEBUG) --> File is excluded.
(DEBUG) Check if /home/rodrigo/zephyr-course_ram/twister-out/dlist.h##3219a21b45bb2c61f5ea102d5482e32e.gcov is included (trace)...
(DEBUG) --> File is excluded.
(DEBUG) Finding source file corresponding to a gcov data file
  gcov_fname   /home/rodrigo/zephyr-course_ram/twister-out/dlist.h##3219a21b45bb2c61f5ea102d5482e32e.gcov
  current_dir  /home/rodrigo/zephyr-course_ram/twister-out
  root         /home/rodrigo/zephyr-course_ram/app/modules/ring_buf
  starting_dir /home/rodrigo/zephyr-course_ram
  obj_dir      /home/rodrigo/zephyr-course_ram/twister-out
  gcda_fname   native_sim_native/host_gnu/zephyr-course_ram/tests/ring_buf/homework.unit.ring_buf/zephyr/kernel/CMakeFiles/kernel.dir/work.c.gcno
  --> fname    /home/rodrigo/zephyrproject/zephyr/include/zephyr/sys/dlist.h
(DEBUG) Check if /home/rodrigo/zephyrproject/zephyr/include/zephyr/sys/dlist.h is included (source file)...
(DEBUG) --> File is excluded.
(DEBUG) Check if /home/rodrigo/zephyr-course_ram/twister-out/kthread.h##3887c82394eb1cae4bd9b6e72588a2b1.gcov is included (trace)...
(DEBUG) --> File is excluded.
(DEBUG) Finding source file corresponding to a gcov data file
  gcov_fname   /home/rodrigo/zephyr-course_ram/twister-out/kthread.h##3887c82394eb1cae4bd9b6e72588a2b1.gcov
  current_dir  /home/rodrigo/zephyr-course_ram/twister-out
  root         /home/rodrigo/zephyr-course_ram/app/modules/ring_buf
  starting_dir /home/rodrigo/zephyr-course_ram
  obj_dir      /home/rodrigo/zephyr-course_ram/twister-out
  gcda_fname   native_sim_native/host_gnu/zephyr-course_ram/tests/ring_buf/homework.unit.ring_buf/zephyr/kernel/CMakeFiles/kernel.dir/work.c.gcno
  --> fname    /home/rodrigo/zephyrproject/zephyr/kernel/include/kthread.h
(DEBUG) Check if /home/rodrigo/zephyrproject/zephyr/kernel/include/kthread.h is included (source file)...
(DEBUG) --> File is excluded.
(DEBUG) Check if /home/rodrigo/zephyr-course_ram/twister-out/spinlock.h##d84264fdde7bca8b949809fef8cbefdd.gcov is included (trace)...
(DEBUG) --> File is excluded.
(DEBUG) Finding source file corresponding to a gcov data file
  gcov_fname   /home/rodrigo/zephyr-course_ram/twister-out/spinlock.h##d84264fdde7bca8b949809fef8cbefdd.gcov
  current_dir  /home/rodrigo/zephyr-course_ram/twister-out
  root         /home/rodrigo/zephyr-course_ram/app/modules/ring_buf
  starting_dir /home/rodrigo/zephyr-course_ram
  obj_dir      /home/rodrigo/zephyr-course_ram/twister-out
  gcda_fname   native_sim_native/host_gnu/zephyr-course_ram/tests/ring_buf/homework.unit.ring_buf/zephyr/kernel/CMakeFiles/kernel.dir/work.c.gcno
  --> fname    /home/rodrigo/zephyrproject/zephyr/include/zephyr/spinlock.h
(DEBUG) Check if /home/rodrigo/zephyrproject/zephyr/include/zephyr/spinlock.h is included (source file)...
(DEBUG) --> File is excluded.
(DEBUG) Check if /home/rodrigo/zephyr-course_ram/twister-out/kernel.h##2d3fbe341137ae796abdfaeb5a853926.gcov is included (trace)...
(DEBUG) --> File is excluded.
(DEBUG) Finding source file corresponding to a gcov data file
  gcov_fname   /home/rodrigo/zephyr-course_ram/twister-out/kernel.h##2d3fbe341137ae796abdfaeb5a853926.gcov
  current_dir  /home/rodrigo/zephyr-course_ram/twister-out
  root         /home/rodrigo/zephyr-course_ram/app/modules/ring_buf
  starting_dir /home/rodrigo/zephyr-course_ram
  obj_dir      /home/rodrigo/zephyr-course_ram/twister-out
  gcda_fname   native_sim_native/host_gnu/zephyr-course_ram/tests/ring_buf/homework.unit.ring_buf/zephyr/kernel/CMakeFiles/kernel.dir/work.c.gcno
  --> fname    /home/rodrigo/zephyrproject/zephyr/include/zephyr/kernel.h
(DEBUG) Check if /home/rodrigo/zephyrproject/zephyr/include/zephyr/kernel.h is included (source file)...
(DEBUG) --> File is excluded.
(DEBUG) Check if /home/rodrigo/zephyr-course_ram/twister-out/kernel.h##33e25e586cdfb0cc7078a38f16ec62da.gcov is included (trace)...
(DEBUG) --> File is excluded.
(DEBUG) Finding source file corresponding to a gcov data file
  gcov_fname   /home/rodrigo/zephyr-course_ram/twister-out/kernel.h##33e25e586cdfb0cc7078a38f16ec62da.gcov
  current_dir  /home/rodrigo/zephyr-course_ram/twister-out
  root         /home/rodrigo/zephyr-course_ram/app/modules/ring_buf
  starting_dir /home/rodrigo/zephyr-course_ram
  obj_dir      /home/rodrigo/zephyr-course_ram/twister-out
  gcda_fname   native_sim_native/host_gnu/zephyr-course_ram/tests/ring_buf/homework.unit.ring_buf/zephyr/kernel/CMakeFiles/kernel.dir/work.c.gcno
  --> fname    /home/rodrigo/zephyr-course_ram/twister-out/native_sim_native/host_gnu/zephyr-course_ram/tests/ring_buf/homework.unit.ring_buf/zephyr/include/generated/zephyr/syscalls/kernel.h
(DEBUG) Check if /home/rodrigo/zephyr-course_ram/twister-out/native_sim_native/host_gnu/zephyr-course_ram/tests/ring_buf/homework.unit.ring_buf/zephyr/include/generated/zephyr/syscalls/kernel.h is included (source file)...
(DEBUG) --> File is excluded.
(DEBUG) Check if /home/rodrigo/zephyr-course_ram/twister-out/ksched.h##172c555d5b2e2629e8c5e6360532febc.gcov is included (trace)...
(DEBUG) --> File is excluded.
(DEBUG) Finding source file corresponding to a gcov data file
  gcov_fname   /home/rodrigo/zephyr-course_ram/twister-out/ksched.h##172c555d5b2e2629e8c5e6360532febc.gcov
  current_dir  /home/rodrigo/zephyr-course_ram/twister-out
  root         /home/rodrigo/zephyr-course_ram/app/modules/ring_buf
  starting_dir /home/rodrigo/zephyr-course_ram
  obj_dir      /home/rodrigo/zephyr-course_ram/twister-out
  gcda_fname   native_sim_native/host_gnu/zephyr-course_ram/tests/ring_buf/homework.unit.ring_buf/zephyr/kernel/CMakeFiles/kernel.dir/work.c.gcno
  --> fname    /home/rodrigo/zephyrproject/zephyr/kernel/include/ksched.h
(DEBUG) Check if /home/rodrigo/zephyrproject/zephyr/kernel/include/ksched.h is included (source file)...
(DEBUG) --> File is excluded.
(DEBUG) Check if /home/rodrigo/zephyr-course_ram/twister-out/timeout_q.h##c6366127490abe4c065d005513ed50b8.gcov is included (trace)...
(DEBUG) --> File is excluded.
(DEBUG) Finding source file corresponding to a gcov data file
  gcov_fname   /home/rodrigo/zephyr-course_ram/twister-out/timeout_q.h##c6366127490abe4c065d005513ed50b8.gcov
  current_dir  /home/rodrigo/zephyr-course_ram/twister-out
  root         /home/rodrigo/zephyr-course_ram/app/modules/ring_buf
  starting_dir /home/rodrigo/zephyr-course_ram
  obj_dir      /home/rodrigo/zephyr-course_ram/twister-out
  gcda_fname   native_sim_native/host_gnu/zephyr-course_ram/tests/ring_buf/homework.unit.ring_buf/zephyr/kernel/CMakeFiles/kernel.dir/work.c.gcno
  --> fname    /home/rodrigo/zephyrproject/zephyr/kernel/include/timeout_q.h
(DEBUG) Check if /home/rodrigo/zephyrproject/zephyr/kernel/include/timeout_q.h is included (source file)...
(DEBUG) --> File is excluded.
(DEBUG) Check if /home/rodrigo/zephyr-course_ram/twister-out/slist.h##48084af0c7a478624712e6629c6036ca.gcov is included (trace)...
(DEBUG) --> File is excluded.
(DEBUG) Finding source file corresponding to a gcov data file
  gcov_fname   /home/rodrigo/zephyr-course_ram/twister-out/slist.h##48084af0c7a478624712e6629c6036ca.gcov
  current_dir  /home/rodrigo/zephyr-course_ram/twister-out
  root         /home/rodrigo/zephyr-course_ram/app/modules/ring_buf
  starting_dir /home/rodrigo/zephyr-course_ram
  obj_dir      /home/rodrigo/zephyr-course_ram/twister-out
  gcda_fname   native_sim_native/host_gnu/zephyr-course_ram/tests/ring_buf/homework.unit.ring_buf/zephyr/kernel/CMakeFiles/kernel.dir/work.c.gcno
  --> fname    /home/rodrigo/zephyrproject/zephyr/include/zephyr/sys/slist.h
(DEBUG) Check if /home/rodrigo/zephyrproject/zephyr/include/zephyr/sys/slist.h is included (source file)...
(DEBUG) --> File is excluded.
(DEBUG) Check if /home/rodrigo/zephyr-course_ram/twister-out/wait_q.h##8d032c01ad982a605e65d14d4975cccf.gcov is included (trace)...
(DEBUG) --> File is excluded.
(DEBUG) Finding source file corresponding to a gcov data file
  gcov_fname   /home/rodrigo/zephyr-course_ram/twister-out/wait_q.h##8d032c01ad982a605e65d14d4975cccf.gcov
  current_dir  /home/rodrigo/zephyr-course_ram/twister-out
  root         /home/rodrigo/zephyr-course_ram/app/modules/ring_buf
  starting_dir /home/rodrigo/zephyr-course_ram
  obj_dir      /home/rodrigo/zephyr-course_ram/twister-out
  gcda_fname   native_sim_native/host_gnu/zephyr-course_ram/tests/ring_buf/homework.unit.ring_buf/zephyr/kernel/CMakeFiles/kernel.dir/work.c.gcno
  --> fname    /home/rodrigo/zephyrproject/zephyr/kernel/include/wait_q.h
(DEBUG) Check if /home/rodrigo/zephyrproject/zephyr/kernel/include/wait_q.h is included (source file)...
(DEBUG) --> File is excluded.
(DEBUG) Check if /home/rodrigo/zephyr-course_ram/twister-out/work.c##95749998b1544ea03875d84079c52a2c.gcov is included (trace)...
(DEBUG)   No filter matched.
(DEBUG) --> File is excluded.
(DEBUG) Finding source file corresponding to a gcov data file
  gcov_fname   /home/rodrigo/zephyr-course_ram/twister-out/work.c##95749998b1544ea03875d84079c52a2c.gcov
  current_dir  /home/rodrigo/zephyr-course_ram/twister-out
  root         /home/rodrigo/zephyr-course_ram/app/modules/ring_buf
  starting_dir /home/rodrigo/zephyr-course_ram
  obj_dir      /home/rodrigo/zephyr-course_ram/twister-out
  gcda_fname   native_sim_native/host_gnu/zephyr-course_ram/tests/ring_buf/homework.unit.ring_buf/zephyr/kernel/CMakeFiles/kernel.dir/work.c.gcno
  --> fname    /home/rodrigo/zephyrproject/zephyr/kernel/work.c
(DEBUG) Check if /home/rodrigo/zephyrproject/zephyr/kernel/work.c is included (source file)...
(DEBUG)   No filter matched.
(DEBUG) --> File is excluded.
(DEBUG) Check if /home/rodrigo/zephyr-course_ram/twister-out/native_sim_native/host_gnu/zephyr-course_ram/tests/ring_buf/homework.unit.ring_buf/zephyr/lib/heap/CMakeFiles/heap_constants.dir/heap_constants.c.gcno is included (trace)...
(DEBUG)   No filter matched.
(DEBUG) --> File is excluded.
(DEBUG) Check if /home/rodrigo/zephyr-course_ram/twister-out/native_sim_native/host_gnu/zephyr-course_ram/tests/ring_buf/homework.unit.ring_buf/zephyr/lib/heap/CMakeFiles/heap_constants.dir/heap_constants.c.gcno is included (trace)...
(DEBUG) --> File is excluded.
(DEBUG) Check if heap_constants.c##f481454dc02d1c9640bc18dc20156d19.gcov is included (gcov file)...
(DEBUG)   Filter AlwaysMatchFilter() matched.
(DEBUG) --> File is included.
(DEBUG) Check if /home/rodrigo/zephyr-course_ram/twister-out/heap_constants.c##f481454dc02d1c9640bc18dc20156d19.gcov is included (trace)...
(DEBUG)   No filter matched.
(DEBUG) --> File is excluded.
(DEBUG) Finding source file corresponding to a gcov data file
  gcov_fname   /home/rodrigo/zephyr-course_ram/twister-out/heap_constants.c##f481454dc02d1c9640bc18dc20156d19.gcov
  current_dir  /home/rodrigo/zephyr-course_ram/twister-out
  root         /home/rodrigo/zephyr-course_ram/app/modules/ring_buf
  starting_dir /home/rodrigo/zephyr-course_ram
  obj_dir      /home/rodrigo/zephyr-course_ram/twister-out
  gcda_fname   native_sim_native/host_gnu/zephyr-course_ram/tests/ring_buf/homework.unit.ring_buf/zephyr/lib/heap/CMakeFiles/heap_constants.dir/heap_constants.c.gcno
  --> fname    /home/rodrigo/zephyrproject/zephyr/lib/heap/heap_constants.c
(DEBUG) Check if /home/rodrigo/zephyrproject/zephyr/lib/heap/heap_constants.c is included (source file)...
(DEBUG)   No filter matched.
(DEBUG) --> File is excluded.
(DEBUG) Check if /home/rodrigo/zephyr-course_ram/twister-out/native_sim_native/host_gnu/zephyr-course_ram/tests/ring_buf/homework.unit.ring_buf/zephyr/soc/soc/native/CMakeFiles/soc__native__inf_clock.dir/native_remap.c.gcda is included (trace)...
(DEBUG)   No filter matched.
(DEBUG) --> File is excluded.
(DEBUG) Check if /home/rodrigo/zephyr-course_ram/twister-out/native_sim_native/host_gnu/zephyr-course_ram/tests/ring_buf/homework.unit.ring_buf/zephyr/soc/soc/native/CMakeFiles/soc__native__inf_clock.dir/native_remap.c.gcda is included (trace)...
(DEBUG) --> File is excluded.
(DEBUG) Check if native_remap.c##d99b290000e0b12059a3e969860ab72b.gcov is included (gcov file)...
(DEBUG)   Filter AlwaysMatchFilter() matched.
(DEBUG) --> File is included.
(DEBUG) Check if /home/rodrigo/zephyr-course_ram/twister-out/native_remap.c##d99b290000e0b12059a3e969860ab72b.gcov is included (trace)...
(DEBUG)   No filter matched.
(DEBUG) --> File is excluded.
(DEBUG) Finding source file corresponding to a gcov data file
  gcov_fname   /home/rodrigo/zephyr-course_ram/twister-out/native_remap.c##d99b290000e0b12059a3e969860ab72b.gcov
  current_dir  /home/rodrigo/zephyr-course_ram/twister-out
  root         /home/rodrigo/zephyr-course_ram/app/modules/ring_buf
  starting_dir /home/rodrigo/zephyr-course_ram
  obj_dir      /home/rodrigo/zephyr-course_ram/twister-out
  gcda_fname   native_sim_native/host_gnu/zephyr-course_ram/tests/ring_buf/homework.unit.ring_buf/zephyr/soc/soc/native/CMakeFiles/soc__native__inf_clock.dir/native_remap.c.gcda
  --> fname    /home/rodrigo/zephyrproject/zephyr/soc/native/inf_clock/native_remap.c
(DEBUG) Check if /home/rodrigo/zephyrproject/zephyr/soc/native/inf_clock/native_remap.c is included (source file)...
(DEBUG)   No filter matched.
(DEBUG) --> File is excluded.
(DEBUG) Check if /home/rodrigo/zephyr-course_ram/twister-out/native_sim_native/host_gnu/zephyr-course_ram/tests/ring_buf/homework.unit.ring_buf/zephyr/soc/soc/native/CMakeFiles/soc__native__inf_clock.dir/native_tasks.c.gcda is included (trace)...
(DEBUG)   No filter matched.
(DEBUG) --> File is excluded.
(DEBUG) Check if /home/rodrigo/zephyr-course_ram/twister-out/native_sim_native/host_gnu/zephyr-course_ram/tests/ring_buf/homework.unit.ring_buf/zephyr/soc/soc/native/CMakeFiles/soc__native__inf_clock.dir/native_tasks.c.gcda is included (trace)...
(DEBUG) --> File is excluded.
(DEBUG) Check if native_tasks.c##9fe0a315adea2ebeb5cd1e568fd7bae2.gcov is included (gcov file)...
(DEBUG)   Filter AlwaysMatchFilter() matched.
(DEBUG) --> File is included.
(DEBUG) Check if /home/rodrigo/zephyr-course_ram/twister-out/native_tasks.c##9fe0a315adea2ebeb5cd1e568fd7bae2.gcov is included (trace)...
(DEBUG)   No filter matched.
(DEBUG) --> File is excluded.
(DEBUG) Finding source file corresponding to a gcov data file
  gcov_fname   /home/rodrigo/zephyr-course_ram/twister-out/native_tasks.c##9fe0a315adea2ebeb5cd1e568fd7bae2.gcov
  current_dir  /home/rodrigo/zephyr-course_ram/twister-out
  root         /home/rodrigo/zephyr-course_ram/app/modules/ring_buf
  starting_dir /home/rodrigo/zephyr-course_ram
  obj_dir      /home/rodrigo/zephyr-course_ram/twister-out
  gcda_fname   native_sim_native/host_gnu/zephyr-course_ram/tests/ring_buf/homework.unit.ring_buf/zephyr/soc/soc/native/CMakeFiles/soc__native__inf_clock.dir/native_tasks.c.gcda
  --> fname    /home/rodrigo/zephyrproject/zephyr/soc/native/inf_clock/native_tasks.c
(DEBUG) Check if /home/rodrigo/zephyrproject/zephyr/soc/native/inf_clock/native_tasks.c is included (source file)...
(DEBUG)   No filter matched.
(DEBUG) --> File is excluded.
(DEBUG) Check if /home/rodrigo/zephyr-course_ram/twister-out/native_sim_native/host_gnu/zephyr-course_ram/tests/ring_buf/homework.unit.ring_buf/zephyr/soc/soc/native/CMakeFiles/soc__native__inf_clock.dir/soc.c.gcda is included (trace)...
(DEBUG)   No filter matched.
(DEBUG) --> File is excluded.
(DEBUG) Check if /home/rodrigo/zephyr-course_ram/twister-out/native_sim_native/host_gnu/zephyr-course_ram/tests/ring_buf/homework.unit.ring_buf/zephyr/soc/soc/native/CMakeFiles/soc__native__inf_clock.dir/soc.c.gcda is included (trace)...
(DEBUG) --> File is excluded.
(DEBUG) Check if soc.c##af06bd7345d4fdc982b3e68c78b758bc.gcov is included (gcov file)...
(DEBUG)   Filter AlwaysMatchFilter() matched.
(DEBUG) --> File is included.
(DEBUG) Check if /home/rodrigo/zephyr-course_ram/twister-out/soc.c##af06bd7345d4fdc982b3e68c78b758bc.gcov is included (trace)...
(DEBUG)   No filter matched.
(DEBUG) --> File is excluded.
(DEBUG) Finding source file corresponding to a gcov data file
  gcov_fname   /home/rodrigo/zephyr-course_ram/twister-out/soc.c##af06bd7345d4fdc982b3e68c78b758bc.gcov
  current_dir  /home/rodrigo/zephyr-course_ram/twister-out
  root         /home/rodrigo/zephyr-course_ram/app/modules/ring_buf
  starting_dir /home/rodrigo/zephyr-course_ram
  obj_dir      /home/rodrigo/zephyr-course_ram/twister-out
  gcda_fname   native_sim_native/host_gnu/zephyr-course_ram/tests/ring_buf/homework.unit.ring_buf/zephyr/soc/soc/native/CMakeFiles/soc__native__inf_clock.dir/soc.c.gcda
  --> fname    /home/rodrigo/zephyrproject/zephyr/soc/native/inf_clock/soc.c
(DEBUG) Check if /home/rodrigo/zephyrproject/zephyr/soc/native/inf_clock/soc.c is included (source file)...
(DEBUG)   No filter matched.
(DEBUG) --> File is excluded.
(DEBUG) Check if /home/rodrigo/zephyr-course_ram/twister-out/native_sim_native/host_gnu/zephyr-course_ram/tests/ring_buf/homework.unit.ring_buf/zephyr/subsys/random/CMakeFiles/subsys__random.dir/random_test_csprng.c.gcda is included (trace)...
(DEBUG)   No filter matched.
(DEBUG) --> File is excluded.
(DEBUG) Check if /home/rodrigo/zephyr-course_ram/twister-out/native_sim_native/host_gnu/zephyr-course_ram/tests/ring_buf/homework.unit.ring_buf/zephyr/subsys/random/CMakeFiles/subsys__random.dir/random_test_csprng.c.gcda is included (trace)...
(DEBUG) --> File is excluded.
(DEBUG) Check if random_test_csprng.c##b9c2c1bd5e15bf18b3686a4b55cce730.gcov is included (gcov file)...
(DEBUG)   Filter AlwaysMatchFilter() matched.
(DEBUG) --> File is included.
(DEBUG) Check if random.h##96f88b45234307e0bf090953dbb7a1c1.gcov is included (gcov file)...
(DEBUG)   Filter AlwaysMatchFilter() matched.
(DEBUG) --> File is included.
(DEBUG) Check if /home/rodrigo/zephyr-course_ram/twister-out/random_test_csprng.c##b9c2c1bd5e15bf18b3686a4b55cce730.gcov is included (trace)...
(DEBUG)   No filter matched.
(DEBUG) --> File is excluded.
(DEBUG) Finding source file corresponding to a gcov data file
  gcov_fname   /home/rodrigo/zephyr-course_ram/twister-out/random_test_csprng.c##b9c2c1bd5e15bf18b3686a4b55cce730.gcov
  current_dir  /home/rodrigo/zephyr-course_ram/twister-out
  root         /home/rodrigo/zephyr-course_ram/app/modules/ring_buf
  starting_dir /home/rodrigo/zephyr-course_ram
  obj_dir      /home/rodrigo/zephyr-course_ram/twister-out
  gcda_fname   native_sim_native/host_gnu/zephyr-course_ram/tests/ring_buf/homework.unit.ring_buf/zephyr/subsys/random/CMakeFiles/subsys__random.dir/random_test_csprng.c.gcda
  --> fname    /home/rodrigo/zephyrproject/zephyr/subsys/random/random_test_csprng.c
(DEBUG) Check if /home/rodrigo/zephyrproject/zephyr/subsys/random/random_test_csprng.c is included (source file)...
(DEBUG)   No filter matched.
(DEBUG) --> File is excluded.
(DEBUG) Check if /home/rodrigo/zephyr-course_ram/twister-out/random.h##96f88b45234307e0bf090953dbb7a1c1.gcov is included (trace)...
(DEBUG)   No filter matched.
(DEBUG) --> File is excluded.
(DEBUG) Finding source file corresponding to a gcov data file
  gcov_fname   /home/rodrigo/zephyr-course_ram/twister-out/random.h##96f88b45234307e0bf090953dbb7a1c1.gcov
  current_dir  /home/rodrigo/zephyr-course_ram/twister-out
  root         /home/rodrigo/zephyr-course_ram/app/modules/ring_buf
  starting_dir /home/rodrigo/zephyr-course_ram
  obj_dir      /home/rodrigo/zephyr-course_ram/twister-out
  gcda_fname   native_sim_native/host_gnu/zephyr-course_ram/tests/ring_buf/homework.unit.ring_buf/zephyr/subsys/random/CMakeFiles/subsys__random.dir/random_test_csprng.c.gcda
  --> fname    /home/rodrigo/zephyr-course_ram/twister-out/native_sim_native/host_gnu/zephyr-course_ram/tests/ring_buf/homework.unit.ring_buf/zephyr/include/generated/zephyr/syscalls/random.h
(DEBUG) Check if /home/rodrigo/zephyr-course_ram/twister-out/native_sim_native/host_gnu/zephyr-course_ram/tests/ring_buf/homework.unit.ring_buf/zephyr/include/generated/zephyr/syscalls/random.h is included (source file)...
(DEBUG)   No filter matched.
(DEBUG) --> File is excluded.
(DEBUG) Check if /home/rodrigo/zephyr-course_ram/twister-out/native_sim_native/host_gnu/zephyr-course_ram/tests/ring_buf/homework.unit.ring_buf/zephyr/subsys/random/CMakeFiles/subsys__random.dir/random_timer.c.gcda is included (trace)...
(DEBUG)   No filter matched.
(DEBUG) --> File is excluded.
(DEBUG) Check if /home/rodrigo/zephyr-course_ram/twister-out/native_sim_native/host_gnu/zephyr-course_ram/tests/ring_buf/homework.unit.ring_buf/zephyr/subsys/random/CMakeFiles/subsys__random.dir/random_timer.c.gcda is included (trace)...
(DEBUG) --> File is excluded.
(DEBUG) Check if random_timer.c##6d9c80f0b79c253fab23f77e5a8dddc5.gcov is included (gcov file)...
(DEBUG)   Filter AlwaysMatchFilter() matched.
(DEBUG) --> File is included.
(DEBUG) Check if kernel.h##2d3fbe341137ae796abdfaeb5a853926.gcov is included (gcov file)...
(DEBUG) --> File is included.
(DEBUG) Check if spinlock.h##d84264fdde7bca8b949809fef8cbefdd.gcov is included (gcov file)...
(DEBUG) --> File is included.
(DEBUG) Check if arch.h##239ee5cbaf1f4f5309f62049e6f0de61.gcov is included (gcov file)...
(DEBUG) --> File is included.
(DEBUG) Check if /home/rodrigo/zephyr-course_ram/twister-out/arch.h##239ee5cbaf1f4f5309f62049e6f0de61.gcov is included (trace)...
(DEBUG) --> File is excluded.
(DEBUG) Finding source file corresponding to a gcov data file
  gcov_fname   /home/rodrigo/zephyr-course_ram/twister-out/arch.h##239ee5cbaf1f4f5309f62049e6f0de61.gcov
  current_dir  /home/rodrigo/zephyr-course_ram/twister-out
  root         /home/rodrigo/zephyr-course_ram/app/modules/ring_buf
  starting_dir /home/rodrigo/zephyr-course_ram
  obj_dir      /home/rodrigo/zephyr-course_ram/twister-out
  gcda_fname   native_sim_native/host_gnu/zephyr-course_ram/tests/ring_buf/homework.unit.ring_buf/zephyr/subsys/random/CMakeFiles/subsys__random.dir/random_timer.c.gcda
  --> fname    /home/rodrigo/zephyrproject/zephyr/include/zephyr/arch/posix/arch.h
(DEBUG) Check if /home/rodrigo/zephyrproject/zephyr/include/zephyr/arch/posix/arch.h is included (source file)...
(DEBUG) --> File is excluded.
(DEBUG) Check if /home/rodrigo/zephyr-course_ram/twister-out/kernel.h##2d3fbe341137ae796abdfaeb5a853926.gcov is included (trace)...
(DEBUG) --> File is excluded.
(DEBUG) Finding source file corresponding to a gcov data file
  gcov_fname   /home/rodrigo/zephyr-course_ram/twister-out/kernel.h##2d3fbe341137ae796abdfaeb5a853926.gcov
  current_dir  /home/rodrigo/zephyr-course_ram/twister-out
  root         /home/rodrigo/zephyr-course_ram/app/modules/ring_buf
  starting_dir /home/rodrigo/zephyr-course_ram
  obj_dir      /home/rodrigo/zephyr-course_ram/twister-out
  gcda_fname   native_sim_native/host_gnu/zephyr-course_ram/tests/ring_buf/homework.unit.ring_buf/zephyr/subsys/random/CMakeFiles/subsys__random.dir/random_timer.c.gcda
  --> fname    /home/rodrigo/zephyrproject/zephyr/include/zephyr/kernel.h
(DEBUG) Check if /home/rodrigo/zephyrproject/zephyr/include/zephyr/kernel.h is included (source file)...
(DEBUG) --> File is excluded.
(DEBUG) Check if /home/rodrigo/zephyr-course_ram/twister-out/spinlock.h##d84264fdde7bca8b949809fef8cbefdd.gcov is included (trace)...
(DEBUG) --> File is excluded.
(DEBUG) Finding source file corresponding to a gcov data file
  gcov_fname   /home/rodrigo/zephyr-course_ram/twister-out/spinlock.h##d84264fdde7bca8b949809fef8cbefdd.gcov
  current_dir  /home/rodrigo/zephyr-course_ram/twister-out
  root         /home/rodrigo/zephyr-course_ram/app/modules/ring_buf
  starting_dir /home/rodrigo/zephyr-course_ram
  obj_dir      /home/rodrigo/zephyr-course_ram/twister-out
  gcda_fname   native_sim_native/host_gnu/zephyr-course_ram/tests/ring_buf/homework.unit.ring_buf/zephyr/subsys/random/CMakeFiles/subsys__random.dir/random_timer.c.gcda
  --> fname    /home/rodrigo/zephyrproject/zephyr/include/zephyr/spinlock.h
(DEBUG) Check if /home/rodrigo/zephyrproject/zephyr/include/zephyr/spinlock.h is included (source file)...
(DEBUG) --> File is excluded.
(DEBUG) Check if /home/rodrigo/zephyr-course_ram/twister-out/random_timer.c##6d9c80f0b79c253fab23f77e5a8dddc5.gcov is included (trace)...
(DEBUG)   No filter matched.
(DEBUG) --> File is excluded.
(DEBUG) Finding source file corresponding to a gcov data file
  gcov_fname   /home/rodrigo/zephyr-course_ram/twister-out/random_timer.c##6d9c80f0b79c253fab23f77e5a8dddc5.gcov
  current_dir  /home/rodrigo/zephyr-course_ram/twister-out
  root         /home/rodrigo/zephyr-course_ram/app/modules/ring_buf
  starting_dir /home/rodrigo/zephyr-course_ram
  obj_dir      /home/rodrigo/zephyr-course_ram/twister-out
  gcda_fname   native_sim_native/host_gnu/zephyr-course_ram/tests/ring_buf/homework.unit.ring_buf/zephyr/subsys/random/CMakeFiles/subsys__random.dir/random_timer.c.gcda
  --> fname    /home/rodrigo/zephyrproject/zephyr/subsys/random/random_timer.c
(DEBUG) Check if /home/rodrigo/zephyrproject/zephyr/subsys/random/random_timer.c is included (source file)...
(DEBUG)   No filter matched.
(DEBUG) --> File is excluded.
(DEBUG) Check if /home/rodrigo/zephyr-course_ram/twister-out/native_sim_native/host_gnu/zephyr-course_ram/tests/ring_buf/homework.unit.ring_buf/zephyr/subsys/testsuite/ztest/CMakeFiles/subsys__testsuite__ztest.dir/src/ztest.c.gcda is included (trace)...
(DEBUG)   No filter matched.
(DEBUG) --> File is excluded.
(DEBUG) Check if /home/rodrigo/zephyr-course_ram/twister-out/native_sim_native/host_gnu/zephyr-course_ram/tests/ring_buf/homework.unit.ring_buf/zephyr/subsys/testsuite/ztest/CMakeFiles/subsys__testsuite__ztest.dir/src/ztest.c.gcda is included (trace)...
(DEBUG) --> File is excluded.
(DEBUG) Check if ztest.c##a52cb00b7b43b380add9bbf18295f671.gcov is included (gcov file)...
(DEBUG)   Filter AlwaysMatchFilter() matched.
(DEBUG) --> File is included.
(DEBUG) Check if random.h##96f88b45234307e0bf090953dbb7a1c1.gcov is included (gcov file)...
(DEBUG) --> File is included.
(DEBUG) Check if random.h##83c245e8646c6a717d724188b4ea2f22.gcov is included (gcov file)...
(DEBUG)   Filter AlwaysMatchFilter() matched.
(DEBUG) --> File is included.
(DEBUG) Check if ztest_test.h##a0e72ff7c9427e2c7c23d7d7e20f0c54.gcov is included (gcov file)...
(DEBUG)   Filter AlwaysMatchFilter() matched.
(DEBUG) --> File is included.
(DEBUG) Check if log_ctrl.h##2da9817abb95ef06e14010bef9dae56e.gcov is included (gcov file)...
(DEBUG) --> File is included.
(DEBUG) Check if log_ctrl.h##f9b30b78031934c4cdc27e3bf6e093fa.gcov is included (gcov file)...
(DEBUG)   Filter AlwaysMatchFilter() matched.
(DEBUG) --> File is included.
(DEBUG) Check if tc_util.h##e4500a9e59fd2c60124609c42eb9b964.gcov is included (gcov file)...
(DEBUG)   Filter AlwaysMatchFilter() matched.
(DEBUG) --> File is included.
(DEBUG) Check if kernel.h##33e25e586cdfb0cc7078a38f16ec62da.gcov is included (gcov file)...
(DEBUG) --> File is included.
(DEBUG) Check if kernel.h##2d3fbe341137ae796abdfaeb5a853926.gcov is included (gcov file)...
(DEBUG) --> File is included.
(DEBUG) Check if kobject.h##1987ad84ad10c87daf5cf55572a0710d.gcov is included (gcov file)...
(DEBUG)   Filter AlwaysMatchFilter() matched.
(DEBUG) --> File is included.
(DEBUG) Check if kobject.h##c18d17e2704cb1bd18004c4873aeed4a.gcov is included (gcov file)...
(DEBUG)   Filter AlwaysMatchFilter() matched.
(DEBUG) --> File is included.
(DEBUG) Check if arch.h##239ee5cbaf1f4f5309f62049e6f0de61.gcov is included (gcov file)...
(DEBUG) --> File is included.
(DEBUG) Check if syscall.h##f78b8447055080e06b9c6a9c432569e6.gcov is included (gcov file)...
(DEBUG) --> File is included.
(DEBUG) Check if /home/rodrigo/zephyr-course_ram/twister-out/arch.h##239ee5cbaf1f4f5309f62049e6f0de61.gcov is included (trace)...
(DEBUG) --> File is excluded.
(DEBUG) Finding source file corresponding to a gcov data file
  gcov_fname   /home/rodrigo/zephyr-course_ram/twister-out/arch.h##239ee5cbaf1f4f5309f62049e6f0de61.gcov
  current_dir  /home/rodrigo/zephyr-course_ram/twister-out
  root         /home/rodrigo/zephyr-course_ram/app/modules/ring_buf
  starting_dir /home/rodrigo/zephyr-course_ram
  obj_dir      /home/rodrigo/zephyr-course_ram/twister-out
  gcda_fname   native_sim_native/host_gnu/zephyr-course_ram/tests/ring_buf/homework.unit.ring_buf/zephyr/subsys/testsuite/ztest/CMakeFiles/subsys__testsuite__ztest.dir/src/ztest.c.gcda
  --> fname    /home/rodrigo/zephyrproject/zephyr/include/zephyr/arch/posix/arch.h
(DEBUG) Check if /home/rodrigo/zephyrproject/zephyr/include/zephyr/arch/posix/arch.h is included (source file)...
(DEBUG) --> File is excluded.
(DEBUG) Check if /home/rodrigo/zephyr-course_ram/twister-out/ztest_test.h##a0e72ff7c9427e2c7c23d7d7e20f0c54.gcov is included (trace)...
(DEBUG)   No filter matched.
(DEBUG) --> File is excluded.
(DEBUG) Finding source file corresponding to a gcov data file
  gcov_fname   /home/rodrigo/zephyr-course_ram/twister-out/ztest_test.h##a0e72ff7c9427e2c7c23d7d7e20f0c54.gcov
  current_dir  /home/rodrigo/zephyr-course_ram/twister-out
  root         /home/rodrigo/zephyr-course_ram/app/modules/ring_buf
  starting_dir /home/rodrigo/zephyr-course_ram
  obj_dir      /home/rodrigo/zephyr-course_ram/twister-out
  gcda_fname   native_sim_native/host_gnu/zephyr-course_ram/tests/ring_buf/homework.unit.ring_buf/zephyr/subsys/testsuite/ztest/CMakeFiles/subsys__testsuite__ztest.dir/src/ztest.c.gcda
  --> fname    /home/rodrigo/zephyr-course_ram/twister-out/native_sim_native/host_gnu/zephyr-course_ram/tests/ring_buf/homework.unit.ring_buf/zephyr/include/generated/zephyr/syscalls/ztest_test.h
(DEBUG) Check if /home/rodrigo/zephyr-course_ram/twister-out/native_sim_native/host_gnu/zephyr-course_ram/tests/ring_buf/homework.unit.ring_buf/zephyr/include/generated/zephyr/syscalls/ztest_test.h is included (source file)...
(DEBUG)   No filter matched.
(DEBUG) --> File is excluded.
(DEBUG) Check if /home/rodrigo/zephyr-course_ram/twister-out/random.h##83c245e8646c6a717d724188b4ea2f22.gcov is included (trace)...
(DEBUG)   No filter matched.
(DEBUG) --> File is excluded.
(DEBUG) Finding source file corresponding to a gcov data file
  gcov_fname   /home/rodrigo/zephyr-course_ram/twister-out/random.h##83c245e8646c6a717d724188b4ea2f22.gcov
  current_dir  /home/rodrigo/zephyr-course_ram/twister-out
  root         /home/rodrigo/zephyr-course_ram/app/modules/ring_buf
  starting_dir /home/rodrigo/zephyr-course_ram
  obj_dir      /home/rodrigo/zephyr-course_ram/twister-out
  gcda_fname   native_sim_native/host_gnu/zephyr-course_ram/tests/ring_buf/homework.unit.ring_buf/zephyr/subsys/testsuite/ztest/CMakeFiles/subsys__testsuite__ztest.dir/src/ztest.c.gcda
  --> fname    /home/rodrigo/zephyrproject/zephyr/include/zephyr/random/random.h
(DEBUG) Check if /home/rodrigo/zephyrproject/zephyr/include/zephyr/random/random.h is included (source file)...
(DEBUG)   No filter matched.
(DEBUG) --> File is excluded.
(DEBUG) Check if /home/rodrigo/zephyr-course_ram/twister-out/tc_util.h##e4500a9e59fd2c60124609c42eb9b964.gcov is included (trace)...
(DEBUG)   No filter matched.
(DEBUG) --> File is excluded.
(DEBUG) Finding source file corresponding to a gcov data file
  gcov_fname   /home/rodrigo/zephyr-course_ram/twister-out/tc_util.h##e4500a9e59fd2c60124609c42eb9b964.gcov
  current_dir  /home/rodrigo/zephyr-course_ram/twister-out
  root         /home/rodrigo/zephyr-course_ram/app/modules/ring_buf
  starting_dir /home/rodrigo/zephyr-course_ram
  obj_dir      /home/rodrigo/zephyr-course_ram/twister-out
  gcda_fname   native_sim_native/host_gnu/zephyr-course_ram/tests/ring_buf/homework.unit.ring_buf/zephyr/subsys/testsuite/ztest/CMakeFiles/subsys__testsuite__ztest.dir/src/ztest.c.gcda
  --> fname    /home/rodrigo/zephyrproject/zephyr/subsys/testsuite/include/zephyr/tc_util.h
(DEBUG) Check if /home/rodrigo/zephyrproject/zephyr/subsys/testsuite/include/zephyr/tc_util.h is included (source file)...
(DEBUG)   No filter matched.
(DEBUG) --> File is excluded.
(DEBUG) Check if /home/rodrigo/zephyr-course_ram/twister-out/syscall.h##f78b8447055080e06b9c6a9c432569e6.gcov is included (trace)...
(DEBUG) --> File is excluded.
(DEBUG) Finding source file corresponding to a gcov data file
  gcov_fname   /home/rodrigo/zephyr-course_ram/twister-out/syscall.h##f78b8447055080e06b9c6a9c432569e6.gcov
  current_dir  /home/rodrigo/zephyr-course_ram/twister-out
  root         /home/rodrigo/zephyr-course_ram/app/modules/ring_buf
  starting_dir /home/rodrigo/zephyr-course_ram
  obj_dir      /home/rodrigo/zephyr-course_ram/twister-out
  gcda_fname   native_sim_native/host_gnu/zephyr-course_ram/tests/ring_buf/homework.unit.ring_buf/zephyr/subsys/testsuite/ztest/CMakeFiles/subsys__testsuite__ztest.dir/src/ztest.c.gcda
  --> fname    /home/rodrigo/zephyrproject/zephyr/include/zephyr/syscall.h
(DEBUG) Check if /home/rodrigo/zephyrproject/zephyr/include/zephyr/syscall.h is included (source file)...
(DEBUG) --> File is excluded.
(DEBUG) Check if /home/rodrigo/zephyr-course_ram/twister-out/kobject.h##1987ad84ad10c87daf5cf55572a0710d.gcov is included (trace)...
(DEBUG)   No filter matched.
(DEBUG) --> File is excluded.
(DEBUG) Finding source file corresponding to a gcov data file
  gcov_fname   /home/rodrigo/zephyr-course_ram/twister-out/kobject.h##1987ad84ad10c87daf5cf55572a0710d.gcov
  current_dir  /home/rodrigo/zephyr-course_ram/twister-out
  root         /home/rodrigo/zephyr-course_ram/app/modules/ring_buf
  starting_dir /home/rodrigo/zephyr-course_ram
  obj_dir      /home/rodrigo/zephyr-course_ram/twister-out
  gcda_fname   native_sim_native/host_gnu/zephyr-course_ram/tests/ring_buf/homework.unit.ring_buf/zephyr/subsys/testsuite/ztest/CMakeFiles/subsys__testsuite__ztest.dir/src/ztest.c.gcda
  --> fname    /home/rodrigo/zephyr-course_ram/twister-out/native_sim_native/host_gnu/zephyr-course_ram/tests/ring_buf/homework.unit.ring_buf/zephyr/include/generated/zephyr/syscalls/kobject.h
(DEBUG) Check if /home/rodrigo/zephyr-course_ram/twister-out/native_sim_native/host_gnu/zephyr-course_ram/tests/ring_buf/homework.unit.ring_buf/zephyr/include/generated/zephyr/syscalls/kobject.h is included (source file)...
(DEBUG)   No filter matched.
(DEBUG) --> File is excluded.
(DEBUG) Check if /home/rodrigo/zephyr-course_ram/twister-out/log_ctrl.h##2da9817abb95ef06e14010bef9dae56e.gcov is included (trace)...
(DEBUG) --> File is excluded.
(DEBUG) Finding source file corresponding to a gcov data file
  gcov_fname   /home/rodrigo/zephyr-course_ram/twister-out/log_ctrl.h##2da9817abb95ef06e14010bef9dae56e.gcov
  current_dir  /home/rodrigo/zephyr-course_ram/twister-out
  root         /home/rodrigo/zephyr-course_ram/app/modules/ring_buf
  starting_dir /home/rodrigo/zephyr-course_ram
  obj_dir      /home/rodrigo/zephyr-course_ram/twister-out
  gcda_fname   native_sim_native/host_gnu/zephyr-course_ram/tests/ring_buf/homework.unit.ring_buf/zephyr/subsys/testsuite/ztest/CMakeFiles/subsys__testsuite__ztest.dir/src/ztest.c.gcda
  --> fname    /home/rodrigo/zephyr-course_ram/twister-out/native_sim_native/host_gnu/zephyr-course_ram/tests/ring_buf/homework.unit.ring_buf/zephyr/include/generated/zephyr/syscalls/log_ctrl.h
(DEBUG) Check if /home/rodrigo/zephyr-course_ram/twister-out/native_sim_native/host_gnu/zephyr-course_ram/tests/ring_buf/homework.unit.ring_buf/zephyr/include/generated/zephyr/syscalls/log_ctrl.h is included (source file)...
(DEBUG) --> File is excluded.
(DEBUG) Check if /home/rodrigo/zephyr-course_ram/twister-out/random.h##96f88b45234307e0bf090953dbb7a1c1.gcov is included (trace)...
(DEBUG) --> File is excluded.
(DEBUG) Finding source file corresponding to a gcov data file
  gcov_fname   /home/rodrigo/zephyr-course_ram/twister-out/random.h##96f88b45234307e0bf090953dbb7a1c1.gcov
  current_dir  /home/rodrigo/zephyr-course_ram/twister-out
  root         /home/rodrigo/zephyr-course_ram/app/modules/ring_buf
  starting_dir /home/rodrigo/zephyr-course_ram
  obj_dir      /home/rodrigo/zephyr-course_ram/twister-out
  gcda_fname   native_sim_native/host_gnu/zephyr-course_ram/tests/ring_buf/homework.unit.ring_buf/zephyr/subsys/testsuite/ztest/CMakeFiles/subsys__testsuite__ztest.dir/src/ztest.c.gcda
  --> fname    /home/rodrigo/zephyr-course_ram/twister-out/native_sim_native/host_gnu/zephyr-course_ram/tests/ring_buf/homework.unit.ring_buf/zephyr/include/generated/zephyr/syscalls/random.h
(DEBUG) Check if /home/rodrigo/zephyr-course_ram/twister-out/native_sim_native/host_gnu/zephyr-course_ram/tests/ring_buf/homework.unit.ring_buf/zephyr/include/generated/zephyr/syscalls/random.h is included (source file)...
(DEBUG) --> File is excluded.
(DEBUG) Check if /home/rodrigo/zephyr-course_ram/twister-out/kernel.h##33e25e586cdfb0cc7078a38f16ec62da.gcov is included (trace)...
(DEBUG) --> File is excluded.
(DEBUG) Finding source file corresponding to a gcov data file
  gcov_fname   /home/rodrigo/zephyr-course_ram/twister-out/kernel.h##33e25e586cdfb0cc7078a38f16ec62da.gcov
  current_dir  /home/rodrigo/zephyr-course_ram/twister-out
  root         /home/rodrigo/zephyr-course_ram/app/modules/ring_buf
  starting_dir /home/rodrigo/zephyr-course_ram
  obj_dir      /home/rodrigo/zephyr-course_ram/twister-out
  gcda_fname   native_sim_native/host_gnu/zephyr-course_ram/tests/ring_buf/homework.unit.ring_buf/zephyr/subsys/testsuite/ztest/CMakeFiles/subsys__testsuite__ztest.dir/src/ztest.c.gcda
  --> fname    /home/rodrigo/zephyr-course_ram/twister-out/native_sim_native/host_gnu/zephyr-course_ram/tests/ring_buf/homework.unit.ring_buf/zephyr/include/generated/zephyr/syscalls/kernel.h
(DEBUG) Check if /home/rodrigo/zephyr-course_ram/twister-out/native_sim_native/host_gnu/zephyr-course_ram/tests/ring_buf/homework.unit.ring_buf/zephyr/include/generated/zephyr/syscalls/kernel.h is included (source file)...
(DEBUG) --> File is excluded.
(DEBUG) Check if /home/rodrigo/zephyr-course_ram/twister-out/kernel.h##2d3fbe341137ae796abdfaeb5a853926.gcov is included (trace)...
(DEBUG) --> File is excluded.
(DEBUG) Finding source file corresponding to a gcov data file
  gcov_fname   /home/rodrigo/zephyr-course_ram/twister-out/kernel.h##2d3fbe341137ae796abdfaeb5a853926.gcov
  current_dir  /home/rodrigo/zephyr-course_ram/twister-out
  root         /home/rodrigo/zephyr-course_ram/app/modules/ring_buf
  starting_dir /home/rodrigo/zephyr-course_ram
  obj_dir      /home/rodrigo/zephyr-course_ram/twister-out
  gcda_fname   native_sim_native/host_gnu/zephyr-course_ram/tests/ring_buf/homework.unit.ring_buf/zephyr/subsys/testsuite/ztest/CMakeFiles/subsys__testsuite__ztest.dir/src/ztest.c.gcda
  --> fname    /home/rodrigo/zephyrproject/zephyr/include/zephyr/kernel.h
(DEBUG) Check if /home/rodrigo/zephyrproject/zephyr/include/zephyr/kernel.h is included (source file)...
(DEBUG) --> File is excluded.
(DEBUG) Check if /home/rodrigo/zephyr-course_ram/twister-out/kobject.h##c18d17e2704cb1bd18004c4873aeed4a.gcov is included (trace)...
(DEBUG)   No filter matched.
(DEBUG) --> File is excluded.
(DEBUG) Finding source file corresponding to a gcov data file
  gcov_fname   /home/rodrigo/zephyr-course_ram/twister-out/kobject.h##c18d17e2704cb1bd18004c4873aeed4a.gcov
  current_dir  /home/rodrigo/zephyr-course_ram/twister-out
  root         /home/rodrigo/zephyr-course_ram/app/modules/ring_buf
  starting_dir /home/rodrigo/zephyr-course_ram
  obj_dir      /home/rodrigo/zephyr-course_ram/twister-out
  gcda_fname   native_sim_native/host_gnu/zephyr-course_ram/tests/ring_buf/homework.unit.ring_buf/zephyr/subsys/testsuite/ztest/CMakeFiles/subsys__testsuite__ztest.dir/src/ztest.c.gcda
  --> fname    /home/rodrigo/zephyrproject/zephyr/include/zephyr/sys/kobject.h
(DEBUG) Check if /home/rodrigo/zephyrproject/zephyr/include/zephyr/sys/kobject.h is included (source file)...
(DEBUG)   No filter matched.
(DEBUG) --> File is excluded.
(DEBUG) Check if /home/rodrigo/zephyr-course_ram/twister-out/log_ctrl.h##f9b30b78031934c4cdc27e3bf6e093fa.gcov is included (trace)...
(DEBUG)   No filter matched.
(DEBUG) --> File is excluded.
(DEBUG) Finding source file corresponding to a gcov data file
  gcov_fname   /home/rodrigo/zephyr-course_ram/twister-out/log_ctrl.h##f9b30b78031934c4cdc27e3bf6e093fa.gcov
  current_dir  /home/rodrigo/zephyr-course_ram/twister-out
  root         /home/rodrigo/zephyr-course_ram/app/modules/ring_buf
  starting_dir /home/rodrigo/zephyr-course_ram
  obj_dir      /home/rodrigo/zephyr-course_ram/twister-out
  gcda_fname   native_sim_native/host_gnu/zephyr-course_ram/tests/ring_buf/homework.unit.ring_buf/zephyr/subsys/testsuite/ztest/CMakeFiles/subsys__testsuite__ztest.dir/src/ztest.c.gcda
  --> fname    /home/rodrigo/zephyrproject/zephyr/include/zephyr/logging/log_ctrl.h
(DEBUG) Check if /home/rodrigo/zephyrproject/zephyr/include/zephyr/logging/log_ctrl.h is included (source file)...
(DEBUG)   No filter matched.
(DEBUG) --> File is excluded.
(DEBUG) Check if /home/rodrigo/zephyr-course_ram/twister-out/ztest.c##a52cb00b7b43b380add9bbf18295f671.gcov is included (trace)...
(DEBUG)   No filter matched.
(DEBUG) --> File is excluded.
(DEBUG) Finding source file corresponding to a gcov data file
  gcov_fname   /home/rodrigo/zephyr-course_ram/twister-out/ztest.c##a52cb00b7b43b380add9bbf18295f671.gcov
  current_dir  /home/rodrigo/zephyr-course_ram/twister-out
  root         /home/rodrigo/zephyr-course_ram/app/modules/ring_buf
  starting_dir /home/rodrigo/zephyr-course_ram
  obj_dir      /home/rodrigo/zephyr-course_ram/twister-out
  gcda_fname   native_sim_native/host_gnu/zephyr-course_ram/tests/ring_buf/homework.unit.ring_buf/zephyr/subsys/testsuite/ztest/CMakeFiles/subsys__testsuite__ztest.dir/src/ztest.c.gcda
  --> fname    /home/rodrigo/zephyrproject/zephyr/subsys/testsuite/ztest/src/ztest.c
(DEBUG) Check if /home/rodrigo/zephyrproject/zephyr/subsys/testsuite/ztest/src/ztest.c is included (source file)...
(DEBUG)   No filter matched.
(DEBUG) --> File is excluded.
(DEBUG) Check if /home/rodrigo/zephyr-course_ram/twister-out/native_sim_native/host_gnu/zephyr-course_ram/tests/ring_buf/homework.unit.ring_buf/zephyr/subsys/testsuite/ztest/CMakeFiles/subsys__testsuite__ztest.dir/src/ztest_error_hook.c.gcno is included (trace)...
(DEBUG)   No filter matched.
(DEBUG) --> File is excluded.
(DEBUG) Check if /home/rodrigo/zephyr-course_ram/twister-out/native_sim_native/host_gnu/zephyr-course_ram/tests/ring_buf/homework.unit.ring_buf/zephyr/subsys/testsuite/ztest/CMakeFiles/subsys__testsuite__ztest.dir/src/ztest_error_hook.c.gcno is included (trace)...
(DEBUG) --> File is excluded.
(DEBUG) Check if /home/rodrigo/zephyr-course_ram/twister-out/native_sim_native/host_gnu/zephyr-course_ram/tests/ring_buf/homework.unit.ring_buf/zephyr/subsys/testsuite/ztest/CMakeFiles/subsys__testsuite__ztest.dir/src/ztest_posix.c.gcda is included (trace)...
(DEBUG)   No filter matched.
(DEBUG) --> File is excluded.
(DEBUG) Check if /home/rodrigo/zephyr-course_ram/twister-out/native_sim_native/host_gnu/zephyr-course_ram/tests/ring_buf/homework.unit.ring_buf/zephyr/subsys/testsuite/ztest/CMakeFiles/subsys__testsuite__ztest.dir/src/ztest_posix.c.gcda is included (trace)...
(DEBUG) --> File is excluded.
(DEBUG) Check if ztest_posix.c##8132dca2ac3edfb5c6d5ee339a6bbea3.gcov is included (gcov file)...
(DEBUG)   Filter AlwaysMatchFilter() matched.
(DEBUG) --> File is included.
(DEBUG) Check if ztest_test.h##a0e72ff7c9427e2c7c23d7d7e20f0c54.gcov is included (gcov file)...
(DEBUG) --> File is included.
(DEBUG) Check if /home/rodrigo/zephyr-course_ram/twister-out/ztest_posix.c##8132dca2ac3edfb5c6d5ee339a6bbea3.gcov is included (trace)...
(DEBUG)   No filter matched.
(DEBUG) --> File is excluded.
(DEBUG) Finding source file corresponding to a gcov data file
  gcov_fname   /home/rodrigo/zephyr-course_ram/twister-out/ztest_posix.c##8132dca2ac3edfb5c6d5ee339a6bbea3.gcov
  current_dir  /home/rodrigo/zephyr-course_ram/twister-out
  root         /home/rodrigo/zephyr-course_ram/app/modules/ring_buf
  starting_dir /home/rodrigo/zephyr-course_ram
  obj_dir      /home/rodrigo/zephyr-course_ram/twister-out
  gcda_fname   native_sim_native/host_gnu/zephyr-course_ram/tests/ring_buf/homework.unit.ring_buf/zephyr/subsys/testsuite/ztest/CMakeFiles/subsys__testsuite__ztest.dir/src/ztest_posix.c.gcda
  --> fname    /home/rodrigo/zephyrproject/zephyr/subsys/testsuite/ztest/src/ztest_posix.c
(DEBUG) Check if /home/rodrigo/zephyrproject/zephyr/subsys/testsuite/ztest/src/ztest_posix.c is included (source file)...
(DEBUG)   No filter matched.
(DEBUG) --> File is excluded.
(DEBUG) Check if /home/rodrigo/zephyr-course_ram/twister-out/ztest_test.h##a0e72ff7c9427e2c7c23d7d7e20f0c54.gcov is included (trace)...
(DEBUG) --> File is excluded.
(DEBUG) Finding source file corresponding to a gcov data file
  gcov_fname   /home/rodrigo/zephyr-course_ram/twister-out/ztest_test.h##a0e72ff7c9427e2c7c23d7d7e20f0c54.gcov
  current_dir  /home/rodrigo/zephyr-course_ram/twister-out
  root         /home/rodrigo/zephyr-course_ram/app/modules/ring_buf
  starting_dir /home/rodrigo/zephyr-course_ram
  obj_dir      /home/rodrigo/zephyr-course_ram/twister-out
  gcda_fname   native_sim_native/host_gnu/zephyr-course_ram/tests/ring_buf/homework.unit.ring_buf/zephyr/subsys/testsuite/ztest/CMakeFiles/subsys__testsuite__ztest.dir/src/ztest_posix.c.gcda
  --> fname    /home/rodrigo/zephyr-course_ram/twister-out/native_sim_native/host_gnu/zephyr-course_ram/tests/ring_buf/homework.unit.ring_buf/zephyr/include/generated/zephyr/syscalls/ztest_test.h
(DEBUG) Check if /home/rodrigo/zephyr-course_ram/twister-out/native_sim_native/host_gnu/zephyr-course_ram/tests/ring_buf/homework.unit.ring_buf/zephyr/include/generated/zephyr/syscalls/ztest_test.h is included (source file)...
(DEBUG) --> File is excluded.
(DEBUG) Check if /home/rodrigo/zephyr-course_ram/twister-out/native_sim_native/host_gnu/zephyr-course_ram/tests/ring_buf/homework.unit.ring_buf/zephyr/subsys/testsuite/ztest/CMakeFiles/subsys__testsuite__ztest.dir/src/ztest_rules.c.gcno is included (trace)...
(DEBUG)   No filter matched.
(DEBUG) --> File is excluded.
(DEBUG) Check if /home/rodrigo/zephyr-course_ram/twister-out/native_sim_native/host_gnu/zephyr-course_ram/tests/ring_buf/homework.unit.ring_buf/zephyr/subsys/testsuite/ztest/CMakeFiles/subsys__testsuite__ztest.dir/src/ztest_rules.c.gcno is included (trace)...
(DEBUG) --> File is excluded.
(WARNING) All coverage data is filtered out. Please check your paths and filters.
(INFO) Writing coverage report...
Running: gcovr -r /home/rodrigo/zephyr-course_ram/app/modules/ring_buf -v --merge-mode-functions=separate --html /home/rodrigo/zephyr-course_ram/twister-out/coverage/index.html --html-details --add-tracefile /home/rodrigo/zephyr-course_ram/twister-out/coverage.json --add-tracefile /home/rodrigo/zephyr-course_ram/twister-out/ztest.json --json-summary-pretty --json-summary /home/rodrigo/zephyr-course_ram/twister-out/coverage_summary.json
(DEBUG) gcovr version 8.6
(DEBUG) File system is case sensitive.
(DEBUG) Filters for --filter: (1)
(DEBUG)  - DirectoryPrefixFilter(/home/rodrigo/zephyr\-course_ram/app/modules/ring_buf/)
(DEBUG) Filters for --exclude: (0)
(DEBUG) Filters for --include: (0)
(DEBUG) Filters for --gcov-filter: (1)
(DEBUG)  - AlwaysMatchFilter()
(DEBUG) Filters for --gcov-exclude: (0)
(DEBUG) Filters for --exclude-directory: (0)
(DEBUG) Filters for --trace-include: (0)
(DEBUG) Filters for --trace-exclude: (0)
(DEBUG) Patterns for --exclude-function: (0)
(DEBUG) Patterns for --exclude-lines-by-pattern: (0)
(DEBUG) Patterns for --exclude-branches-by-pattern: (0)
(INFO) Reading coverage data...
(DEBUG) Check if /home/rodrigo/zephyr-course_ram/twister-out/coverage.json is included (trace)...
(DEBUG)   No filter matched.
(DEBUG) --> File is excluded.
(DEBUG) Check if /home/rodrigo/zephyr-course_ram/app/modules/ring_buf/src/ring_buf.c is included (source file)...
(DEBUG)   Filter DirectoryPrefixFilter(/home/rodrigo/zephyr\-course_ram/app/modules/ring_buf/) matched for path /home/rodrigo/zephyr-course_ram/app/modules/ring_buf/src/ring_buf.c.
(DEBUG) --> File is included.
(DEBUG) Check if /home/rodrigo/zephyr-course_ram/twister-out/ztest.json is included (trace)...
(DEBUG)   No filter matched.
(DEBUG) --> File is excluded.
(INFO) Writing coverage report...
(DEBUG) Common prefix path is '/home/rodrigo/zephyr-course_ram/app/modules/ring_buf/src'.
(DEBUG) Common relative prefix path is 'app/modules/ring_buf/src/'.
(DEBUG) Common prefix path is '/home/rodrigo/zephyr-course_ram/app/modules/ring_buf/src'.
(DEBUG) Common relative prefix path is 'app/modules/ring_buf/src/'.
